source,id,url,board,title,author,date,rating,matched_keywords,snippets,content,comments
dcard,262087880,https://www.dcard.tw/f/car/p/262087880,汽車,iRent 路邊汽車實際體驗：租車容易，還車才是惡夢的,Fishermen's Association Staff,2026-09-05T17:12:56.531Z,,還車、還不了車、無法還車、還車範圍、停車格,"iRent 路邊汽車實際體驗：租車容易，還車才是惡夢的 今天為了省時間租了 iRent，結果還車多花了我一個多小時…… 因為想省時間，所以租了 iRent 的「路邊汽車」方案。 去程從台北開到新北，大概花了快50分鐘。到了新北之後，路邊停車格意外地滿好找，停車、還車的過程也都很順利，當下其實覺得是個滿不錯的租車體驗。 沒想到，真正的惡夢是在回程還車的時候開始…… 回程一路都很順，不到 40 分鐘就回到台北。結果到了目的地附近要還車時，先在方圓 500 公尺內繞了2-3圈，大概找了 20 分鐘，卻一直找不到符合還車條件的車位。 後來只能再繼續往更遠的地方找，好不容易終於找到一個車位，停好車準備還車，結果才發現——不能還！ 原來就只差幾公尺，這個停車格竟然不在 iRent 的還車範圍內。 於是打了第一通電話給客服。 客服 建議我開到附近約 1 公里外的配合國小停車場還，結果我好不容易開到停車場、停好車之後，又發現還是無法還車，因為停車場裡提供給 iRent 的車位已經滿了。 只好又把車開出去繼續找。 就這樣又繞了大概 20 分鐘…… 車越
---
知道這麼麻煩，回程直接搭計程車可能還比較省錢、省時間，也省事。 後來又打了第二通電話給客服，想詢問：「附近還有其他可以還車的配合停車場嗎？」 得到的答案是沒有。 客服建議我不要一直在住宅區找，可以把車開遠一點，到新北找停車位…… 就這樣，原本不到 40 分鐘的回程，因為找停車位、確認還車範圍、聯絡客服，整整多花了一個多小時。 最後好不容易找到一個符合規定、可以還車的停車格，結果……還是還不了車。 只好再打客服電話，請客服協助處理，最後才終於成功完成還車。 這次的經驗 讓我覺得，租 iRent 之前，真的一定要先確認目的地附近有沒有足夠的可還車位，以及實際好不好停。 不然原本是為了「省時間」才租車，最後卻花了更多時間在找停車位，甚至還要一直打電話問客服。 如果 iRent 能夠提供更多調度車位及配合停車場，或是在 App 上更清楚標示可還車的範圍與即時車位狀況，相信可以大幅降低使用者還車時遇到的困擾。 這次算是一次很深刻的經驗 😂 租車方便，但「還車」這件事真的要先做好功課。 https://megapx-assets.dcard.tw/images/2aba8ed9","今天為了省時間租了 iRent，結果還車多花了我一個多小時……
因為想省時間，所以租了 iRent 的「路邊汽車」方案。

去程從台北開到新北，大概花了快50分鐘。到了新北之後，路邊停車格意外地滿好找，停車、還車的過程也都很順利，當下其實覺得是個滿不錯的租車體驗。

沒想到，真正的惡夢是在回程還車的時候開始……

回程一路都很順，不到 40 分鐘就回到台北。結果到了目的地附近要還車時，先在方圓 500 公尺內繞了2-3圈，大概找了 20 分鐘，卻一直找不到符合還車條件的車位。

後來只能再繼續往更遠的地方找，好不容易終於找到一個車位，停好車準備還車，結果才發現——不能還！

原來就只差幾公尺，這個停車格竟然不在 iRent 的還車範圍內。

於是打了第一通電話給客服。

客服 建議我開到附近約 1 公里外的配合國小停車場還，結果我好不容易開到停車場、停好車之後，又發現還是無法還車，因為停車場裡提供給 iRent 的車位已經滿了。

只好又把車開出去繼續找。

就這樣又繞了大概 20 分鐘……
車越開越遠，火氣也越來越大。

當下真的忍不住想：早知道這麼麻煩，回程直接搭計程車可能還比較省錢、省時間，也省事。

後來又打了第二通電話給客服，想詢問：「附近還有其他可以還車的配合停車場嗎？」

得到的答案是沒有。

客服建議我不要一直在住宅區找，可以把車開遠一點，到新北找停車位……

就這樣，原本不到 40 分鐘的回程，因為找停車位、確認還車範圍、聯絡客服，整整多花了一個多小時。

最後好不容易找到一個符合規定、可以還車的停車格，結果……還是還不了車。

只好再打客服電話，請客服協助處理，最後才終於成功完成還車。

這次的經驗

讓我覺得，租 iRent 之前，真的一定要先確認目的地附近有沒有足夠的可還車位，以及實際好不好停。

不然原本是為了「省時間」才租車，最後卻花了更多時間在找停車位，甚至還要一直打電話問客服。

如果 iRent 能夠提供更多調度車位及配合停車場，或是在 App 上更清楚標示可還車的範圍與即時車位狀況，相信可以大幅降低使用者還車時遇到的困擾。

這次算是一次很深刻的經驗 😂
租車方便，但「還車」這件事真的要先做好功課。
https://megapx-assets.dcard.tw/images/2aba8ed9-69da-47d2-9115-cfb70b0b21eb/orig.jpeg
https://megapx-assets.dcard.tw/images/9d43653c-1c3f-45a6-a748-012c10e50c76/orig.jpeg",
dcard,237835244,https://www.dcard.tw/f/car/p/237835244,汽車,IRent 提前還車詢問,國立中正大學,2022-01-06T05:49:59.890Z,,還車,IRent 提前還車詢問 請問各位大大 如果在APP上預約5個小時 但只在三小時的時候就還車了 請問他會扣3小時的錢還是5小時的錢呢？ 第一次操作還不熟悉直接噴了500多的逾時還車😓,"請問各位大大
如果在APP上預約5個小時 
但只在三小時的時候就還車了
請問他會扣3小時的錢還是5小時的錢呢？

第一次操作還不熟悉直接噴了500多的逾時還車😓",
dcard,260492449,https://www.dcard.tw/f/travel/p/260492449,旅遊,#其他 irent外的租車新世界,亞洲大學,2025-12-18T02:14:04.986Z,,還車、還車範圍,"順便把這陣子用到的平台優缺點整理給大家參考一下～ 🚗LINE GO 優點： 車況普遍新且乾淨、車款較irent多元、取還車方式彈性 缺點： 車量沒有irent那麼多，熱門時段比較容易被搶光 🚗gogoout（跟共享不太一樣，屬於在地車行比價
---
： 車況普遍新、內裝乾淨、開起來很舒服；價格常比irent便宜 缺點： 最大問題是點位少，尤其北部以外非常容易找不到車；還車範圍也比較固定 如果是我自己重新排序的話： 車況與乾淨度：gogoout=uride=LINE GO>irent 車款選擇","最近才深刻體會到原來irent以外的租車世界這麼精彩🤣
我之前真的是用irent用到快變VIP的那種，短程長程都靠它，直到最近要預約租車時跳出要綁定和泰Pay的畫面，啊我本人比較抗拒綁定太多支付工具，當下想了想就上網爬文看有沒有其他租車選擇

結果意外開啟了我的新世界大門（？）陸續開始嘗試其他共享車平台，像是line go、uride跟gogoout，才發現原來車款有這麼多選擇，甚至進口車、電車什麼的都能租到！在比較的時候順便把這陣子用到的平台優缺點整理給大家參考一下～

🚗LINE GO
優點： 車況普遍新且乾淨、車款較irent多元、取還車方式彈性
缺點： 車量沒有irent那麼多，熱門時段比較容易被搶光

🚗gogoout（跟共享不太一樣，屬於在地車行比價）
優點： 車款最多，跨日租比較划算；介面全中文、選車透明；可以比價在地車行，不用一家一家問，海外也能租
缺點： 車行品質需要看評價，但大多還算可靠

🚗irent
（還是整理一下老朋友）
優點： 點位最多、臨時用車最方便
缺點： 車況落差大、熱門時段永遠只有yaris、現在要綁和泰pay

🚗uride
優點： 車況普遍新、內裝乾淨、開起來很舒服；價格常比irent便宜
缺點： 最大問題是點位少，尤其北部以外非常容易找不到車；還車範圍也比較固定

如果是我自己重新排序的話：
車況與乾淨度：gogoout=uride=LINE GO>irent
車款選擇：gogoout>LINE GO>uride=irent
臨時性便利：irent > LINE GO= gogoout>uride
跨日划算度：gogoout >>>其他三個

最近如果是跨縣市出遊，我幾乎都直接用gogoout，因為選擇真的太多、價格也漂亮；如果是市區短程、臨時需要用車，我會開LINE GO 看看附近有沒有適合的車款～ irent現在真的比較少用了，但還是不得不說，臨時性它依然最方便🤣
總之分享給之前永遠能租到yaris的人們，其實選擇真的還有很多😂有租車需求的大家可以多比較，不只能省錢，開起來心情也會好很多～如果大家有推薦的平台或踩雷故事也歡迎跟我分享！",
dcard,255306967,https://www.dcard.tw/f/car/p/255306967,汽車,Irent 被拖吊解決方法！,淡江大學,2024-04-18T18:07:53.374Z,,還車、停車格、罰單,"Irent 被拖吊解決方法！ 小弟我前天租一台Irent，但因為前方車輪有異音不敢繼續開，立刻就找了那種時段性停車格（晚上汽機車共用，早上限停機車）停好 就走了 也有回報，結果隔天客服打來告知車子不見了，我第一想法就是車子被拖走了，找了附近的保管場，在內湖開始想辦法能夠避免繳移置費跟營業損失，但拖吊費 保管費 跟罰單還是要自己繳喔！ 但可以省3000-4000塊！ 1. 立刻詢問保管場有沒有那台車，如果有，確定能不能立刻去領車 2.
---
能借 3.到保管場後打給客服，請他們幫你傳真租約給保管場（取車用） 並請他們解車，讓你可以租 4.辦妥後上車把車開去路邊停車格放好，就可以還車了！ 這樣辦下來不到2000 但如果是Irent 的人去拿車，至少是4000起跳喔，如果不小心被拖吊 可以用這個方法","小弟我前天租一台Irent，但因為前方車輪有異音不敢繼續開，立刻就找了那種時段性停車格（晚上汽機車共用，早上限停機車）停好 就走了 也有回報，結果隔天客服打來告知車子不見了，我第一想法就是車子被拖走了，找了附近的保管場，在內湖開始想辦法能夠避免繳移置費跟營業損失，但拖吊費 保管費 跟罰單還是要自己繳喔！ 但可以省3000-4000塊！
1. 立刻詢問保管場有沒有那台車，如果有，確定能不能立刻去領車
2. 打給Irent客服，告知你要自己去取車，請他先幫忙鎖車，這樣其他人才不能借
3.到保管場後打給客服，請他們幫你傳真租約給保管場（取車用） 並請他們解車，讓你可以租
4.辦妥後上車把車開去路邊停車格放好，就可以還車了！ 
這樣辦下來不到2000 但如果是Irent 的人去拿車，至少是4000起跳喔，如果不小心被拖吊 可以用這個方法
https://megapx-assets.dcard.tw/images/c2b6b2e3-732e-4adc-835c-193f8745b94e/orig.jpeg",
dcard,260127436,https://www.dcard.tw/f/car/p/260127436,汽車,租irent的扣分體驗,凱爾,2025-10-27T00:32:51.680Z,,還車、無法還車、停車費,卷要用 看了一下30分鐘優惠好像還不錯就去租了 大概開了快一小時回到新莊 結果整個新莊繞了一圈大概15分鐘去了找不到車位還車 打了一通電話給客服 客服1建議我開到調度停車場，還教我怎麼開app找紅色車頭，結果到了停車場停好車後發現無法還車，因為紅色指示的調度停車場只有pro會員能還 打了第二通電話給客服 客服2表示我沒辦法在這還，如果要還我必須先把車開出去，加完會員才能還，等客服跟我講完我只能開出去，然後扣了30元停車費 最後在看如何加入會員時，發現會員只有一年制的，我只是為了停車必須加一年的會員費，所以打了第三次客服 客服3說沒錯，如,"昨天從三創要回新莊
想說irent一直提醒我有優惠卷要用
看了一下30分鐘優惠好像還不錯就去租了
大概開了快一小時回到新莊
結果整個新莊繞了一圈大概15分鐘去了找不到車位還車
打了一通電話給客服
客服1建議我開到調度停車場，還教我怎麼開app找紅色車頭，結果到了停車場停好車後發現無法還車，因為紅色指示的調度停車場只有pro會員能還

打了第二通電話給客服
客服2表示我沒辦法在這還，如果要還我必須先把車開出去，加完會員才能還，等客服跟我講完我只能開出去，然後扣了30元停車費

最後在看如何加入會員時，發現會員只有一年制的，我只是為了停車必須加一年的會員費，所以打了第三次客服
客服3說沒錯，如果你不加會員，你就只能在外面找停車場

總結三個客服都無法真正幫客戶解決問題，沒辦法用另外的方式幫忙解決問題，最後原本只要40分鐘的捷運時間，我花了2小時，而其中一小時在解決停車的事，總花費共600多元，原本沒事都會想去租irent體驗一下不同車的行駛感受，經過今天的事件我決定刪了它不要使用了",
dcard,235970646,https://www.dcard.tw/f/vehicle/p/235970646,機車,irent 新竹能還車嗎？,國立臺灣大學,2021-05-12T10:07:04.943Z,,還車,irent 新竹能還車嗎？ 想請問板上的大大，因為沒租過irent，月底要從台北搬家到新竹，請問irent的汽車，我能在台北租車然後開到新竹還車嗎？,想請問板上的大大，因為沒租過irent，月底要從台北搬家到新竹，請問irent的汽車，我能在台北租車然後開到新竹還車嗎？,
dcard,241357066,https://www.dcard.tw/f/mood/p/241357066,心情,IRent停錯停車場,匿名,2023-02-28T14:35:20.447Z,,還車、扣款,"IRent停錯停車場 昨天信箱突然收到irent寄來的預定扣款通知 https://megapx-assets.dcard.tw/images/5428811b-4c36-4f93-a2c4-de5cda158a8d/640.jpeg 是去年11月還車時停錯停車場產生的 那時候趕著還車，就查了附近有跟irent合作的停車場，就停了下去 https://megapx-assets.dcard.tw/ima
---
33d-43bb-a461-619993f9991d/640.jpeg 詢問了客服，回答我說那是僅供臨停的停車場，不能夠還車 知情的我也只能鼻子摸摸啦當學一次教訓🥲","昨天信箱突然收到irent寄來的預定扣款通知
https://megapx-assets.dcard.tw/images/5428811b-4c36-4f93-a2c4-de5cda158a8d/640.jpeg

是去年11月還車時停錯停車場產生的

那時候趕著還車，就查了附近有跟irent合作的停車場，就停了下去
https://megapx-assets.dcard.tw/images/9fa9808a-333d-43bb-a461-619993f9991d/640.jpeg
詢問了客服，回答我說那是僅供臨停的停車場，不能夠還車

知情的我也只能鼻子摸摸啦當學一次教訓🥲",
dcard,240336138,https://www.dcard.tw/f/car/p/240336138,汽車,IRent租車 退費,長庚大學,2022-10-25T05:01:41.200Z,,還車,$46里程費=$216，但今天早上醒來發現信用卡被刷了1580，整個嚇到，開始回想自己的消費，結果打開IRent發現沒有還車成功，最後還車總計$1746。 有打給客服詢問過，客服說有看到我們中間有還車的紀錄但沒有還車成功，會提報我們的問題，之後會再跟我們聯絡。🥲 我們還蠻確定有還車成功的，還拍了照片留了車子的位置，除非網路斷掉沒還成功… 想問問看有沒有人有相同的經驗，最後有退費成功嗎？🥹 https,"不知道有沒有發錯版🙏🏻
昨天與朋友們租路邊的IRent去晃了一個小時，費用是$120/hr.+$50安心服務+$46里程費=$216，但今天早上醒來發現信用卡被刷了1580，整個嚇到，開始回想自己的消費，結果打開IRent發現沒有還車成功，最後還車總計$1746。
有打給客服詢問過，客服說有看到我們中間有還車的紀錄但沒有還車成功，會提報我們的問題，之後會再跟我們聯絡。🥲
我們還蠻確定有還車成功的，還拍了照片留了車子的位置，除非網路斷掉沒還成功…
想問問看有沒有人有相同的經驗，最後有退費成功嗎？🥹
https://sticker-assets.dcard.tw/images/53a9d171-bbaa-451d-ae48-6d9bb5caeafe/orig.png",
dcard,237299967,https://www.dcard.tw/f/car/p/237299967,汽車,IRent 租車 刮痕,新生醫護管理專科學校,2021-10-25T01:43:41.958Z,,還車、拍照,各位的幫忙協助 因為第一次出租車🚕 昨天晚上18:00取車時因為是停在私人停車場那個位置是沒有燈光的，只有照著APP內建拍照功能拍攝車子狀態，卻沒有發現右側車門明顯受傷，還車時停比較亮的地方才發現，馬上打過去給客服，後來客服有請專員聯絡我，專員態度很好也很有耐心的聽我敘說，因為當下真的很緊張，因為第一個是我沒有檢查仔細導致還車時才發現瑕疵，客服這邊的意思是，如果前租客也沒有拍照拍到傷痕，那責任部分會是我要負責，因為我取車時沒有檢查清楚，專員已幫我調查，但是不知道需要多久的時間，那專員有跟我說要做,"想尋求各位的幫忙協助
因為第一次出租車🚕
昨天晚上18:00取車時因為是停在私人停車場那個位置是沒有燈光的，只有照著APP內建拍照功能拍攝車子狀態，卻沒有發現右側車門明顯受傷，還車時停比較亮的地方才發現，馬上打過去給客服，後來客服有請專員聯絡我，專員態度很好也很有耐心的聽我敘說，因為當下真的很緊張，因為第一個是我沒有檢查仔細導致還車時才發現瑕疵，客服這邊的意思是，如果前租客也沒有拍照拍到傷痕，那責任部分會是我要負責，因為我取車時沒有檢查清楚，專員已幫我調查，但是不知道需要多久的時間，那專員有跟我說要做最壞的打算就是賠償😓

想請問各位有租過irent 的經驗

1.通常調查需要多久的作業時間
2.如果取車沒有加安心服務險的話賠償金額怎麼算
3.維修費用+賠償維修天數損失價位落在哪裡
https://megapx-assets.dcard.tw/images/ef6bb469-6369-44eb-a898-b9a47cbf235e/full.jpeg
請各位幫忙留言告知我🙏",
dcard,258483219,https://www.dcard.tw/f/car/p/258483219,汽車,iRent退步好多,國立交通大學,2025-04-07T13:14:37.299Z,,還車、拍照,從2016開始使用iRent到現在，覺得iRent退步滿多的。 1. 車況差 隨租隨還的車子外觀大大小小的傷痕，預設的拍照組數根本不夠紀錄那恐怖的車況。 現在App拍照已經不會自動下載到相簿，歷史訂單也常常當機，根本看不到租車前拍的照片。 在Dcard上也有不少人分享還車後被說有損壞而因此要求償的文，那些後續也不知道是承租人摸摸鼻子付了，還是iRent沒有再追究。 2. App 隨著使用,"從2016開始使用iRent到現在，覺得iRent退步滿多的。

1. 車況差
隨租隨還的車子外觀大大小小的傷痕，預設的拍照組數根本不夠紀錄那恐怖的車況。
現在App拍照已經不會自動下載到相簿，歷史訂單也常常當機，根本看不到租車前拍的照片。
在Dcard上也有不少人分享還車後被說有損壞而因此要求償的文，那些後續也不知道是承租人摸摸鼻子付了，還是iRent沒有再追究。

2. App
隨著使用人數越來越多，App的功能沒有顯著的提升。歷史訂單常常點不開，照片不會自己下載到相簿等等。看不出來App有什麼進步。

3. 收費項目越來越多
指定停車場要收費、車子清潔要收費。維護車況明明是出租方本來就應該要做的，現在變成要另外加錢才能預約，而且好像只有同站在租還有這個服務。

哀，只能說，如果是一般租車族，用iRent真的是要自求多福…",
dcard,256102919,https://www.dcard.tw/f/mood/p/256102919,心情,租Irent機車被罰款,匿名,2024-07-13T07:56:15.150Z,,還車、停車格、罰款,租Irent機車被罰款 作為長期在外地通勤的社畜，大眾運輸工具+Irent共享機車是我的好夥伴。 前幾天，騎著irent機車到公家機關辦事，把機車停在公家機關外面的停車格（有畫白線），順利用app辦理還車手續完畢。 結果2天後，就收到irent系統通知〔未依規定還車〕罰款500元…… 之後打電話跟客服確認，為什麼停在公家機關停車格要被罰錢，客服人員一直說要停在〔路邊的公有停車格〕 但我反問：公家機關的停車格也是在路邊，也是公有的，為什麼不行，條款也沒有排除不能停放在公家機關停車格啊！ 客服人員：不行喔，只能停在路邊公有停車格，你那個是停車場。我只能幫您詢問能不能減免。 個人覺得使用irent長達3年的經驗，曾多次遇到車輛故障仍然要被計價、跟客服反應無效，仍然沒有退款。這次再遇到irent條款不清楚，仍然要罰款的事情，已決定要不再使用irent了。 很方便但遇到爭議，很無力,"作為長期在外地通勤的社畜，大眾運輸工具+Irent共享機車是我的好夥伴。

前幾天，騎著irent機車到公家機關辦事，把機車停在公家機關外面的停車格（有畫白線），順利用app辦理還車手續完畢。

結果2天後，就收到irent系統通知〔未依規定還車〕罰款500元……
之後打電話跟客服確認，為什麼停在公家機關停車格要被罰錢，客服人員一直說要停在〔路邊的公有停車格〕
但我反問：公家機關的停車格也是在路邊，也是公有的，為什麼不行，條款也沒有排除不能停放在公家機關停車格啊！

客服人員：不行喔，只能停在路邊公有停車格，你那個是停車場。我只能幫您詢問能不能減免。

個人覺得使用irent長達3年的經驗，曾多次遇到車輛故障仍然要被計價、跟客服反應無效，仍然沒有退款。這次再遇到irent條款不清楚，仍然要罰款的事情，已決定要不再使用irent了。

很方便但遇到爭議，很無力",
dcard,260832402,https://www.dcard.tw/f/car/p/260832402,汽車,Irent車損估價,中國文化大學,2026-02-07T18:22:33.302Z,,還車,Irent車損估價 想請問一下各位賢達們 前陣子小弟租irent 有加購安心險 車子在還車時發現有被擦撞到的痕跡 但當下因為時間快到了 直接還車+拍攝車體損傷部分 沒有報警跟詢問客服該如何處理 後續被客服通知要做賠償 金額約32000 詳情如下圖 請問各位廣大,"想請問一下各位賢達們
前陣子小弟租irent 有加購安心險 
車子在還車時發現有被擦撞到的痕跡 但當下因為時間快到了 直接還車+拍攝車體損傷部分 沒有報警跟詢問客服該如何處理

後續被客服通知要做賠償
金額約32000

詳情如下圖 請問各位廣大的賢達們 這個收費價格合理嗎？不合理的話該如何申訴
還有即便保了安心險一樣會被求償保險不理賠嗎？

我想將事情解決但這筆費用真的不菲 真的只能照這個價格賠償嗎😢
https://megapx-assets.dcard.tw/images/0d8a8079-9af0-4d01-82ac-9da32b9bfb43/orig.jpeg
https://megapx-assets.dcard.tw/images/8fc3cf2a-1a94-4965-bcbc-d9842c49a013/orig.jpeg
https://megapx-assets.dcard.tw/images/2278849c-28e8-468d-80a7-69dfe859772a/orig.jpeg
https://megapx-assets.dcard.tw/images/b7b22628-d475-45d9-bf98-9b4aae3103cb/orig.jpeg
https://megapx-assets.dcard.tw/images/2c0b9ab2-3cb0-4a67-953b-3033aa033155/orig.jpeg",
dcard,254980246,https://www.dcard.tw/f/car/p/254980246,汽車,Irent 車損,甘苦人,2024-03-15T09:30:40.707Z,,還車,Irent 車損 上禮拜的時候租賃Irent 在倒車的時候有不小心撞到，我有開安心服務險，我就想說應該沒有事情，我就還車了！但今天突然收到通知請叫我賠錢，我以為開安心服務險就沒事，但是結果要報警那個保險才算，讓我有一點不知所措，我很怕被敲盤,上禮拜的時候租賃Irent 在倒車的時候有不小心撞到，我有開安心服務險，我就想說應該沒有事情，我就還車了！但今天突然收到通知請叫我賠錢，我以為開安心服務險就沒事，但是結果要報警那個保險才算，讓我有一點不知所措，我很怕被敲盤子，請問有沒有什麼補救機會？,
dcard,261308616,https://www.dcard.tw/f/transport/p/261308616,交通運輸,#分享 日租車推薦平台 國內日租車平台心得,東吳大學,2026-04-16T01:24:30.547Z,,還車、據點,"優缺點整理，還有我個人的日租車推薦排名，可以給大家參考參考 🚗 iRent 優點： 1/路邊可租還、彈性高 2/車子和據點數量最多 缺點： 1/容易踩雷遇到狀況不好的車（老舊、髒） 2/附近車款很看運氣 3/加上哩程費不便宜 iRent比較
---
優點： 1/無里程上限不會加上超過里程的費用 2/車況良好乾淨 缺點： 1/額外收取油資（依里程計價比較貴一點） 2/據點集中雙北（有些縣市沒有門市） 中租租下來車況都不錯，可以上網買租車券會比較便宜，但多一道工有點麻煩，現在改成用里程收油錢會再貴一點點，據點偏少是蠻大硬傷 🚗 格上租車 優點： 1/車況良好乾淨 2/加油憑證可以折抵哩程費 缺點： 1/到門市取還車，要注意營業時間 2/額外收取哩程費 格上是曾經的愛牌，之前用下來都蠻順利的，但偶爾會因為要趕在打烊前還車，遇到塞車就會有點壓力，每家門市營業時間不太一樣，建議大家租之前要稍微看一下 目前日租車推薦排名應該是LOOP租車>","跟另一半是無車族，常常租車去外縣市跨夜旅行，所以對日租車也是累積了一些心得，以下分享四家我們租過的租車品牌（iRent、LOOP租車、中租租車、格上租車）的心得跟優缺點整理，還有我個人的日租車推薦排名，可以給大家參考參考

🚗 iRent
優點：
1/路邊可租還、彈性高
2/車子和據點數量最多
缺點：
1/容易踩雷遇到狀況不好的車（老舊、髒）
2/附近車款很看運氣
3/加上哩程費不便宜

iRent比較適合短途租～剛開始開長途想說方便就租，結果哩程費貴到蠻嚇人的，跨夜的話實在不太划算，加上後面很常租到有問題的車，就越來越少租了

🚗 LOOP租車
優點：
1/單日租金就包含400公里哩程費
2/車主直租所以車款很多元、車況也不錯
3/可自訂取車地點
缺點：
1/北部取車比較容易
2/無短租服務

LOOP租車是同事推薦我的，取車的時候會遇到車主，有問題可以直接問對方，也因為租金包含很高的里程數，基本上不會再額外付到其他費用，算下來比其他牌便宜，是目前是日租車推薦首選

🚗 中租租車
優點：
1/無里程上限不會加上超過里程的費用
2/車況良好乾淨
缺點：
1/額外收取油資（依里程計價比較貴一點）
2/據點集中雙北（有些縣市沒有門市）

中租租下來車況都不錯，可以上網買租車券會比較便宜，但多一道工有點麻煩，現在改成用里程收油錢會再貴一點點，據點偏少是蠻大硬傷

🚗 格上租車
優點：
1/車況良好乾淨
2/加油憑證可以折抵哩程費
缺點：
1/到門市取還車，要注意營業時間
2/額外收取哩程費

格上是曾經的愛牌，之前用下來都蠻順利的，但偶爾會因為要趕在打烊前還車，遇到塞車就會有點壓力，每家門市營業時間不太一樣，建議大家租之前要稍微看一下


目前日租車推薦排名應該是LOOP租車>格上租車>>中租租車>>>iRent
第一次分享請大家隨意看看😅
或是有哪些租車心得也歡迎分享",
dcard,259637843,https://www.dcard.tw/f/car/p/259637843,汽車,Irent 在灰色地區臨時還車可以嗎,中國醫藥大學,2025-08-27T00:57:11.791Z,,還車、停車格,Irent 在灰色地區臨時還車可以嗎 我這週末想租Irent 的路邊還車，因為需要開車去桃園，但不是整個桃園都可以還車，有些地方是灰色地區（Irent 地圖灰色），我想要省錢一開始只租1小時到了地方先停在路邊停車格然後還車，等事情弄好了在租同一輛車回去台北。基本上應該是早上9點到然後6-7點這樣在開走，這樣可以嗎,我這週末想租Irent 的路邊還車，因為需要開車去桃園，但不是整個桃園都可以還車，有些地方是灰色地區（Irent 地圖灰色），我想要省錢一開始只租1小時到了地方先停在路邊停車格然後還車，等事情弄好了在租同一輛車回去台北。基本上應該是早上9點到然後6-7點這樣在開走，這樣可以嗎,
dcard,255762523,https://www.dcard.tw/f/talk/p/255762523,閒聊,irent逾時還車2分鐘會被扣三千調度費嗎,亞洲大學,2024-06-05T12:17:54.162Z,,還車,"irent逾時還車2分鐘會被扣三千調度費嗎 https://megapx-assets.dcard.tw/images/76dd97a4-
---
ff-8559-f5c9d4fb657f/orig.jpeg 今天租irent，預計租車時間是到16:00 有準時開回到還車點了 但是最後還車後訂單成立時間是16:02 覺得備感不妙所以去查了irent的規定 看到逾時會被扣車輛調度費3000塊 想問大家超時兩分","https://megapx-assets.dcard.tw/images/76dd97a4-5420-45ff-8559-f5c9d4fb657f/orig.jpeg
今天租irent，預計租車時間是到16:00
有準時開回到還車點了
但是最後還車後訂單成立時間是16:02
覺得備感不妙所以去查了irent的規定
看到逾時會被扣車輛調度費3000塊
想問大家超時兩分鐘會被扣3000塊嗎
還是建議要打電話去客服問呢
https://sticker-assets.dcard.tw/images/fc61130b-981e-435c-8cb5-ff7f0e0bbf4a/full.png",
dcard,254708269,https://www.dcard.tw/f/car/p/254708269,汽車,Irent可以台北租 彰化還車嗎,醒吾科技大學,2024-02-18T11:05:17.033Z,,還車,Irent可以台北租 彰化還車嗎 近期有租車的需求 但網上查是說不行 不過那已經是6.7年前的文章了 想問問目前有開放不同縣市租還嗎,"近期有租車的需求
但網上查是說不行
不過那已經是6.7年前的文章了
想問問目前有開放不同縣市租還嗎",
dcard,240139732,https://www.dcard.tw/f/car/p/240139732,汽車,iRent被罰10000+,國立臺北大學,2022-10-01T08:52:54.694Z,,還車、停車格、罰單,"iRent被罰10000+ 更 補個停車格照片，真的不要跟我一樣腦袋空空的就給他停下去🙃 https://megapx-assets.dcard.tw/image
---
——————— 6月底時為了搬宿舍租用了幾次irent，本來以為這樣就結束了，沒想到是惡夢的開始。 新的租屋處最近可還車區域有一排停車格，當時也有別台iRent停放，沒多想就停下去還車了，結果到了8月開始陸續收到幾張繳費通知，才知道原來那一整排都是限時停車格，時間到沒有人開走就會被拖吊，除了拖吊、停放、罰單費用（大約$1000～2000）還要再加iRent調度費$3000。 沒搞清楚規則停錯地方是我的問題，我也願意支付相關
---
（補：會希望能儘快告知是因為有同樣的情況被多次開單，現在也不確定之後幾次用車還有沒有一樣的狀況，才會希望如果能早一點收到罰單或其他通知之後就不會再犯一樣的錯誤，有看到有留言說就算是自己的車被拖吊也只會在地上寫被拖吊的車牌號碼，沒被拖吊過還以為被","更

補個停車格照片，真的不要跟我一樣腦袋空空的就給他停下去🙃
https://megapx-assets.dcard.tw/images/de64b01c-6ad4-4bf0-8d66-9db5e2d4341b/full.jpeg
————————————————————

6月底時為了搬宿舍租用了幾次irent，本來以為這樣就結束了，沒想到是惡夢的開始。

新的租屋處最近可還車區域有一排停車格，當時也有別台iRent停放，沒多想就停下去還車了，結果到了8月開始陸續收到幾張繳費通知，才知道原來那一整排都是限時停車格，時間到沒有人開走就會被拖吊，除了拖吊、停放、罰單費用（大約$1000～2000）還要再加iRent調度費$3000。

沒搞清楚規則停錯地方是我的問題，我也願意支付相關費用，但我只想說能不能一發生就儘快通知我，讓我知道這個地方不能停車，而不是拖拖拉拉好幾個月才在講，根本都忘記當時停在哪裡了，現在也不知道到底是不是還有沒收完的錢，每天一邊上班上課一邊心驚膽顫，真的賭爛到有剩。
（補：會希望能儘快告知是因為有同樣的情況被多次開單，現在也不確定之後幾次用車還有沒有一樣的狀況，才會希望如果能早一點收到罰單或其他通知之後就不會再犯一樣的錯誤，有看到有留言說就算是自己的車被拖吊也只會在地上寫被拖吊的車牌號碼，沒被拖吊過還以為被拖走會幾天內通知車主之類的，所以通知應該是無解了，大家不要跟我一樣沒弄清楚規則就傻傻的給人家停進去🥹）

付上這三天的繳費證明警惕大家，付10000多（可能還不止🙃）搬宿舍我還不如直接請搬家公司…
https://megapx-assets.dcard.tw/images/3c7441f8-3bfc-4216-a9c0-88f396f3ba5f/full.jpeg
https://megapx-assets.dcard.tw/images/4b2dcf71-9736-498d-9e9e-b2f2e9016879/full.jpeg
——————————————————

更
感謝 B5 補充，請讓這個白癡的故事在我這裡結束就好🫠🫠
https://pma.gov.taipei/News_Content.aspx?n=E860B620A78D1DAA&s=828A65131FCBC6FB",
dcard,234441528,https://www.dcard.tw/f/vehicle/p/234441528,機車,irent的租還車流程分享及月租方案討論,長庚大學,2020-09-17T08:26:34.907Z,,還車、拍照、停車費,"irent的租還車流程分享及月租方案討論 小弟有點腿，前陣子才因爲朋友介紹入坑共享機車 後來一試成主顧，覺得不管出去玩或是平常通勤都超方便 這邊來借花獻佛簡單分享一下irent的租還車流程 希望可以幫助到有需要的版友 其實註冊的方式還蠻迅速der，載完APP後填寫基本資料 另外證件就上傳身分證、駕照、
---
ges/604e6bd9-8894-45ea-8348-ab3de2df8981/full.png irent會要求你要拍照，雖然不拍也不會影響取車 但如果時間不趕，為了保險起見還是可以拍一下， https://megapx-assets.d
---
/images/c6abfb7f-ee66-4c40-ac23-947b79064d0a/full.jpeg 最後就來講還車流程啦～ 一樣先用APP將機車熄火後，點選還車的選項，就會進入還車流程 https://megapx-assets.dcard.tw/images/23db4e8b-d080-48a1-8fc3-c619b3fc6757/full.png 車子一定要停在合法停車位，然後提醒的事項都要確認好 還車一樣可以不拍照，不過可以填一下停車的路段，這樣對後面要用車的人來說比較好找車 畢竟自己也不希望上一個用車的人把車亂停吧XD 因為現在
---
-b1f8-895aafac6a11/full.jpeg 少少五分鐘但也不無小補～ 最後會請你用信用卡付款，付款後就完成還車啦！ 其實整個流程大概不到2分鐘，真的是頗快 以上就是租還車的流程，如果有漏掉的地方還請各位幫忙補充一下 是說之後可能會常跑市區，想說來看看月租方案 原本以為要到門市申請，但還是
---
辦還可以用免綁約的方式，用綁約6期的最低優惠價購買單期，只要168元 等於可以把每分鐘的租金壓到1.12元，而且還不用付停車費跟油錢 看wemo月租最便宜也要299，而且只有125分鐘 整體來說irent應該是目前最便宜的?","小弟有點腿，前陣子才因爲朋友介紹入坑共享機車
後來一試成主顧，覺得不管出去玩或是平常通勤都超方便
這邊來借花獻佛簡單分享一下irent的租還車流程
希望可以幫助到有需要的版友

其實註冊的方式還蠻迅速der，載完APP後填寫基本資料
另外證件就上傳身分證、駕照、電子簽名這些，大約一天就審核過了
審核通過後，會收到成為會員的簡訊
https://megapx-assets.dcard.tw/images/7f7833ff-6fa7-4bc0-ab41-756162ffdd0c/full.jpeg
加入會員成功後，就可以開始來租車啦～
打開APP在預約機車的畫面，搜尋附近有哪些可以租借的機車
像我家這個區域附近就超多車
https://megapx-assets.dcard.tw/images/50a44b52-e22c-496b-a72a-6d5225bb286a/full.jpeg
選擇想租的車後點選預約，就會跳到選取車時間的頁面
都設定完後，就會進到確認訂單的環節
https://megapx-assets.dcard.tw/images/bec3c66a-3248-45d2-97d7-3d802bb58b02/full.jpeg
然後再按一次預約就可以囉
預約成功的話，在我的訂單頁面就會看到預約的資訊
找到車後就可以開始取車步驟了
https://megapx-assets.dcard.tw/images/604e6bd9-8894-45ea-8348-ab3de2df8981/full.png
irent會要求你要拍照，雖然不拍也不會影響取車
但如果時間不趕，為了保險起見還是可以拍一下， 
https://megapx-assets.dcard.tw/images/54770e12-3de1-4681-8022-fe3926c02870/full.jpeg
其實我租irent到目前的經驗，租到的車子外觀跟車體都保存得不錯
感覺是有在好好維護的，而且車子前面會有USB插孔可以充電，手機就不怕沒電
https://megapx-assets.dcard.tw/images/562247c8-9b2d-449d-af76-0684610ba1e2/full.jpeg
另外打開車廂可以看到有放一頂全罩式安全帽跟一頂半罩式安全帽
還有附抹布跟衛生帽套，裝備超齊全的
https://megapx-assets.dcard.tw/images/75642d04-c5dd-4b19-a9b7-c0267f0cd006/full.jpeg
irent不管是啟動或熄火，甚至開啟車廂都是用APP來操作
https://megapx-assets.dcard.tw/images/3ad2e98b-a5a2-4d8f-8487-5969ca5ebf2f/full.png
這個是車子發動後的操作頁面，我覺得蠻人性化的，第一次看到的人應該也不難上手
另外也可以看目前騎的里程、時間還有電池狀態，如果電量不夠就趕快去換電站換電

來說一下這次騎的這台MANY，油門催到底時速大概在50左右
不過在市區裡面騎本來就沒辦法騎太快，所以我覺得還ok

後來騎去買了飲料跟一些垃圾食物回來吃XD
前面的置物箱的空間真的很夠，我放這樣還有超多空位可以塞，另外也有掛鉤可以掛飲料
https://megapx-assets.dcard.tw/images/c6abfb7f-ee66-4c40-ac23-947b79064d0a/full.jpeg
最後就來講還車流程啦～
一樣先用APP將機車熄火後，點選還車的選項，就會進入還車流程
https://megapx-assets.dcard.tw/images/23db4e8b-d080-48a1-8fc3-c619b3fc6757/full.png
車子一定要停在合法停車位，然後提醒的事項都要確認好
還車一樣可以不拍照，不過可以填一下停車的路段，這樣對後面要用車的人來說比較好找車
畢竟自己也不希望上一個用車的人把車亂停吧XD

因為現在有騎乘回饋，我之前騎的租金就會回饋時數給我
https://megapx-assets.dcard.tw/images/54e7b9fd-d789-4810-b1f8-895aafac6a11/full.jpeg
少少五分鐘但也不無小補～
最後會請你用信用卡付款，付款後就完成還車啦！
其實整個流程大概不到2分鐘，真的是頗快

以上就是租還車的流程，如果有漏掉的地方還請各位幫忙補充一下

是說之後可能會常跑市區，想說來看看月租方案
原本以為要到門市申請，但還是先打客服確認了一下，發現現在都可以線上申請了
後來依照客服的說明，我自己先小跑了流程
https://megapx-assets.dcard.tw/images/a996dd9e-aba1-46ad-b878-a5b14ae0cf15/full.png
在活動頁面最下面有一個「立即購買」，點進去後就可以選方案
https://megapx-assets.dcard.tw/images/ff735ba9-cf21-4882-ac16-cfa6a896383a/full.png
選擇你要的方案後，在結帳專區填寫資料完成結帳 
https://megapx-assets.dcard.tw/images/0cf4242e-84bb-4fc9-be8e-d321e6647094/full.png
結帳後系統會寄電子憑證到你填寫的信箱，憑證裡面會有一組核銷碼
https://megapx-assets.dcard.tw/images/2412d81d-ebdf-4b6d-a56d-09c167860f51/full.png
複製核銷碼到irent 的APP會員專區裡面，有一個「兌換/查詢/贈送iRent時數」
https://megapx-assets.dcard.tw/images/0de9be17-5c42-4d36-a15a-5e1c9cfe2bf2/full.jpeg
進去後把核銷碼貼上去就兌換完成了
https://megapx-assets.dcard.tw/images/071360b4-83d1-4da7-8c1d-6c452a3e041b/full.jpeg
另外也看了一下irent目前的各種月租方案
https://megapx-assets.dcard.tw/images/3aa0bad6-4559-47c7-985a-25efef28270c/full.png
發現10/31前申辦還可以用免綁約的方式，用綁約6期的最低優惠價購買單期，只要168元
等於可以把每分鐘的租金壓到1.12元，而且還不用付停車費跟油錢
看wemo月租最便宜也要299，而且只有125分鐘

整體來說irent應該是目前最便宜的?",
dcard,236495742,https://www.dcard.tw/f/vehicle/p/236495742,機車,新發現！IRent之外的共享租車,逢甲大學,2021-07-15T16:44:09.996Z,,還車、拍照、據點、罰款,"提供油卡>中油、台塑。 ✔會員條件:滿20歲、持有駕照一年、信用卡or金融 卡，須無酒駕、危險駕駛等紀錄。 ✔取還車輛:指定據點、甲租乙還、路邊租還。 ✔使用方式:需下載APP。 ✔優點:全台服務，據點最多，車輛最多，找站、找車 較快速。 ✖缺點: 因為太多人使用了，APP時常當掉跑不動，自 身有幾次還車一直失敗，還因此增加費用，浪費時 間，重點!!!!客服沒有很好打QQ，要處理通常都要一 段時間。車輛內裝的清潔普通，外觀通常都很慘(記 得拍照才不會倒大楣)，刮傷啥的，滿目瘡痍~ 【YMRENT】 我意外發現的，目前也最愛使用，主要在台中、台北地區的自助租車，台中據點最多，租的車大部分都是國產車~有Fit / Yaris / Altis / Elantra / NEW Altis /
---
0歲、持有駕照一年、信用卡or金融 卡，兩年內無酒駕、危險駕駛、租賃車紅單，半年 內違規記點不可滿6點，須無罰款未繳納。(這些比 iRent煩一點) ✔取還車輛: 指定據點。 ✔使用方式: LINE線上自動預約。 ✔優點: 會員審核標準感覺比較不隨便，因為我目前 租起來車子都算乾淨(之前還車有看到，是請外面汽 車美容的來整理，感覺很有誠意，還特地花錢請專 業的汽車美容(拍手)。 價錢也相對便宜，而且用LINE直接加入，就可以開 始申辦會員，超方便~ ✖缺點: 僅台中跟台北有租車據點，不是全台都有點 可以租，知名度不夠(但也因此，比較少人跟你衝突 租車時間)，其他縣市目前沒有辦法體驗到","-個人分享自助租車(台中)-
純粹是個人使用經驗分享，有哪些訊息不正確，歡迎更正~~
   
  因為我本身是個窮逼(?，一直在台中找尋哪家租車方便又快速~自從我發現”自助租車”開始，我再也沒有去店面租過了XD~

【iRent】
   遍及全台，品牌最大，是和運推出的自助服務，路上蠻多的，後台是豐田(TOYOTA)代理商，所以當然使用的車輛都是那些，有Vios / Yaris / Prius / Sienta / Altis等等..車款。
✔價位範圍:原價時租$168上下，日租$1680上下，優
    惠活動多，目前的活動最便宜的方案時租降到
    $110，也有月租等等..很多選擇，當然ETC那些額外
    費用是另計。
✔加油方式:車上提供油卡>中油、台塑。
✔會員條件:滿20歲、持有駕照一年、信用卡or金融
    卡，須無酒駕、危險駕駛等紀錄。
✔取還車輛:指定據點、甲租乙還、路邊租還。
✔使用方式:需下載APP。
✔優點:全台服務，據點最多，車輛最多，找站、找車
    較快速。
✖缺點: 因為太多人使用了，APP時常當掉跑不動，自
   身有幾次還車一直失敗，還因此增加費用，浪費時
   間，重點!!!!客服沒有很好打QQ，要處理通常都要一
   段時間。車輛內裝的清潔普通，外觀通常都很慘(記
   得拍照才不會倒大楣)，刮傷啥的，滿目瘡痍~


【YMRENT】
    我意外發現的，目前也最愛使用，主要在台中、台北地區的自助租車，台中據點最多，租的車大部分都是國產車~有Fit / Yaris / Altis / Elantra / NEW Altis / Wish / 九人座等等...
✔價位範圍: 平日時租$100，日租$1000
                  假日時租$130上下，日租$1300上下
   推出的優惠活動也沒少，而且省更多~
   還有連續租第二天以後的租金半價，當初新加入會
   員，還直接送我一天免費租車(佛到嚇人)，不過之後
   活動會不會改我不知道，希望不會改XD，一樣ETC
   那些額外費用是另計的。
✔加油方式: 車上提供油卡>中油、台塑。
✔會員條件: 滿20歲、持有駕照一年、信用卡or金融
   卡，兩年內無酒駕、危險駕駛、租賃車紅單，半年
   內違規記點不可滿6點，須無罰款未繳納。(這些比
   iRent煩一點)
✔取還車輛: 指定據點。
✔使用方式: LINE線上自動預約。
✔優點: 會員審核標準感覺比較不隨便，因為我目前
    租起來車子都算乾淨(之前還車有看到，是請外面汽
    車美容的來整理，感覺很有誠意，還特地花錢請專
    業的汽車美容(拍手)。
    價錢也相對便宜，而且用LINE直接加入，就可以開
    始申辦會員，超方便~
✖缺點: 僅台中跟台北有租車據點，不是全台都有點
    可以租，知名度不夠(但也因此，比較少人跟你衝突
    租車時間)，其他縣市目前沒有辦法體驗到是有點可
    惜。

  簡單分享，其中各有好壞，一個範例讓大家參考，當然有其他更詳細的分析，而我非常在意車輛整體的乾淨度、使用系統的流暢度、客服的處理等等…因素，整合下來，YMRENT給我的體驗是比較好的，當然iRent也相當好用，都去使用過才知道差別在哪，以上訊息僅供參考喔!!",
dcard,259401475,https://www.dcard.tw/f/car/p/259401475,汽車,格上租車真的爛到有剩,銘傳大學,2025-07-26T03:15:58.552Z,,還車,約一小時而已就扣了3000 而且重點來了，7/22租車到現在7/26預授權金額都還沒有返還到我的帳戶裡面，其他兩家都會在還車的時候就馬上做刷退的動作，最晚金額也會在24小時內返還，打電話過去客服詢問結果用很不耐煩的語氣跟我說現在都是14～21天退還。 格上真的超爛，預授權收最多錢，最晚退還 別間都可以在還車24小時內做退還就你們家不行,"小弟我一直以來都有租共享車的習慣
比較常使用URiDE跟IRent
前幾天用了很久沒用的格上租了一台MG一小時
我知道每一家都會扣預授權的金額
但格上真的扣超多，預約一小時而已就扣了3000
而且重點來了，7/22租車到現在7/26預授權金額都還沒有返還到我的帳戶裡面，其他兩家都會在還車的時候就馬上做刷退的動作，最晚金額也會在24小時內返還，打電話過去客服詢問結果用很不耐煩的語氣跟我說現在都是14～21天退還。
格上真的超爛，預授權收最多錢，最晚退還
別間都可以在還車24小時內做退還就你們家不行",
dcard,261743921,https://www.dcard.tw/f/travel/p/261743921,旅遊,#其他 新租車平台(LOOP租車)心得,龍華科技大學,2026-06-29T01:39:14.143Z,,還車,💰租金：$1850元（一小時$185，以單日計費上限10小時計算） 💰里程：每公里$3.4元，附油卡 ✔️優勢：路邊取還車彈性高、車輛多 格上租車 💰費用：$1890元（日） 💰里程：每公里$3.1元，附油卡 ✔️優勢：大牌租車行有保障、車,"這陣子在找出遊租車
原本是考慮iRent、LOOP租車、格上租車三家
最後考慮cp值就想說嘗試看看LOOP租車這個新平台
也順便分享當初整理的平台費用&各家優勢
還有這次用LOOP租車的簡單心得
因為行李沒很多加上大車開不習慣
出發前想說租TOYOTA VIOS就好
以下分享都以VIOS資訊為主喔
其他車款就沒有特別搜集了
-
iRent
💰租金：$1850元（一小時$185，以單日計費上限10小時計算）
💰里程：每公里$3.4元，附油卡
✔️優勢：路邊取還車彈性高、車輛多

格上租車
💰費用：$1890元（日）
💰里程：每公里$3.1元，附油卡
✔️優勢：大牌租車行有保障、車況穩定良好

LOOP租車
💰費用：$1471元（日）
💰里程：租金含400公里里程，超過時一公里5元，自行加油
✔️優勢：價格便宜、贈送高額免費里程、自訂取車地點
-
再來是這次用LOOP租車的心得
我自己原本就蠻常租iRent、格上也租過幾次經驗都不錯
但這次要跑比較遠，算一算里程跟整體成本就想試別的平台
就決定給LOOP租車一個機會
畢竟價格部分很吸引人 相較起來便宜很多外還有送高額的里程 
下訂後會先付總額三成當訂金
預定日前三天會再扣剩下七成+額外一萬元的押金
另外因為是車主直租的平台
到了當天會是車主過來交車
這次遇到的車主還蠻貼心的
有仔細的介紹車輛功能 
所以在駕駛方面就不用擔心
實際車況也跟網站上圖片一樣乾淨
看得出來車子有在維護（鬆了一口氣
https://megapx-assets.dcard.tw/images/9cbda6e6-55d0-4d56-ae07-fbac709fdf9c/orig.png
https://megapx-assets.dcard.tw/images/8c6866e6-7a7a-448f-9668-7ecc68b7003b/orig.png
總體下來這次租車體驗還不錯
看網站上也蠻多車款的
下次有機會會想租看看其他車子",
dcard,239554237,https://www.dcard.tw/f/car/p/239554237,汽車,Irent安心保險,義守大學,2022-07-28T03:05:55.074Z,,還車,Irent安心保險 有看到之前版友租Irent出事，但因為有加購安心險、報警，所以還車後去通報繳交三聯單，和運好像就沒有收取維修費用，但是我有打電話去客服問過，他們說有加購保險最高就是收取1萬元維修費、不收,"有看到之前版友租Irent出事，但因為有加購安心險、報警，所以還車後去通報繳交三聯單，和運好像就沒有收取維修費用，但是我有打電話去客服問過，他們說有加購保險最高就是收取1萬元維修費、不收取營業損失，就算低於1萬還是會收取相對的維修費用，所以想請教版友有沒有實際的相關經驗，謝謝🙏

P.S. 人各有所需，短暫租車不代表技術不好、沒錢，不買車把錢用在其他的地方的人大有人在，只想租車前了解相關資訊，如果想嘴省下你/妳的功夫吧～",
dcard,262200784,https://www.dcard.tw/f/talk/p/262200784,閒聊,去好市多租irent是可以的嗎😂,國立臺灣科技大學,2026-09-24T01:42:00.044Z,,還車,把汽車開走了 幾個朋友們也都沒車 怕用機車會不太好載食材 東西太多 如果租irent去好市多是可以的嗎？？ 這樣中途要還車嗎？！,"不好意思我知道這個問題可能很蠢
但因為我自己沒看過+沒這麼做過....
明天開始不是就中秋連假了嗎
有跟大學同學約了其中一天要一起烤肉
想說直接去好市多買食材
但剛好我家人連假不在家 把汽車開走了
幾個朋友們也都沒車
怕用機車會不太好載食材 東西太多
如果租irent去好市多是可以的嗎？？
這樣中途要還車嗎？！",
dcard,255551279,https://www.dcard.tw/f/talk/p/255551279,閒聊,iRent租借問題,醒吾科技大學,2024-05-14T15:15:22.262Z,,還車,iRent租借問題 iRent有路邊租還車輛有辦法一口氣連續租車三天嗎? 第一天早上七點租車，第三天傍晚還車!這樣子! 因為官網說明有看沒懂，故發文詢問!,"iRent有路邊租還車輛有辦法一口氣連續租車三天嗎?
第一天早上七點租車，第三天傍晚還車!這樣子!
因為官網說明有看沒懂，故發文詢問!",
dcard,259637884,https://www.dcard.tw/f/talk/p/259637884,閒聊,Irent 臨時在灰色地區還車在開走會怎麼樣,中國醫藥大學,2025-08-27T01:11:34.294Z,,還車、停車格,Irent 臨時在灰色地區還車在開走會怎麼樣 我這週末想要租Irent 的路邊還車，但因為桃園不是所有的地區都可以還車（Irent 地圖灰色的區域），但我又想省錢，我應該是早上租1小時到目的地就先停在路邊停車格，然後下午在租回同一輛開回台北。有人試過這樣嗎,我這週末想要租Irent 的路邊還車，但因為桃園不是所有的地區都可以還車（Irent 地圖灰色的區域），但我又想省錢，我應該是早上租1小時到目的地就先停在路邊停車格，然後下午在租回同一輛開回台北。有人試過這樣嗎,
dcard,254574911,https://www.dcard.tw/f/car/p/254574911,汽車,irent賠償,長庚科技大學,2024-02-01T06:37:43.211Z,,還車,irent賠償 想請問大家 最近第一次租車出遊 結果還車隔天irent打來說有刮痕要賠償 我們有保安心險 跟他說我們沒看到那個刮痕 但他說一定要報警 我們說跟不知道什麼時候發生要怎麼報警 他也回答不出來 現在說估價要賠兩萬多？ 請問有辦法拒絕這筆賠償嗎 或是有什麼管道申訴嗎 還車拍的照片剛好沒拍到他所謂有刮痕的地方 請大家幫幫我🥹,"想請問大家 最近第一次租車出遊 
結果還車隔天irent打來說有刮痕要賠償 
我們有保安心險 跟他說我們沒看到那個刮痕 但他說一定要報警
我們說跟不知道什麼時候發生要怎麼報警 
他也回答不出來
現在說估價要賠兩萬多？
請問有辦法拒絕這筆賠償嗎 或是有什麼管道申訴嗎
還車拍的照片剛好沒拍到他所謂有刮痕的地方
請大家幫幫我🥹",
dcard,235001271,https://www.dcard.tw/f/vehicle/p/235001271,機車,irent大當機 租兩小時還車金額20萬？？？,輔仁大學,2020-12-17T14:41:17.553Z,,還車,"irent大當機 租兩小時還車金額20萬？？？ 今天晚上男友租irent 載我下班 他從18:40租到20:40 準備要還車的時候發現還車金額20多萬 https://megapx-assets.dcard.tw/images/97188c0a-7db1-4
---
去 一直說在忙線^_^凸 最後只好截圖並拍車子的照片傳到line官方客服 現在就在等他們回覆了^_^ 到現在也還沒成功還車 不知道irent 是在衝三小 是怎麼可以搞到系統那麼爛 而且男友在中午要預約訂車時 Irent好像app大更新 更新
---
-bf2c-de02d5958584/full.jpeg Like this :) 過幾小時後才成功 啊成功租車要準備還車的時候就是我剛剛上面說的那樣了^_^ 不知道到大家有沒有遇到一樣的情況 都是怎麼解決的呢 真的氣到頭頂可以煎蛋欸==","今天晚上男友租irent 載我下班
他從18:40租到20:40
準備要還車的時候發現還車金額20多萬
https://megapx-assets.dcard.tw/images/97188c0a-7db1-4a1c-84bb-ad37d64edd15/full.jpeg
後來一直重新刷新
過程有跑不動的情形就不說了==
有時候刷到是0元
https://megapx-assets.dcard.tw/images/bb94dc6d-de47-47ef-9374-f8d9eaf63f46/full.jpeg
啊不管什麼金額 按付款也跑不動沒辦法刷
這一定是系統錯誤吧⋯⋯

後來打客服 我到現在打了40幾通也打不進去
一直說在忙線^_^凸

最後只好截圖並拍車子的照片傳到line官方客服
現在就在等他們回覆了^_^
到現在也還沒成功還車
不知道irent 是在衝三小
是怎麼可以搞到系統那麼爛

而且男友在中午要預約訂車時
Irent好像app大更新
更新完後死登入不進去
https://megapx-assets.dcard.tw/images/585107c6-2d18-4b8b-bf2c-de02d5958584/full.jpeg
Like this :)

過幾小時後才成功
啊成功租車要準備還車的時候就是我剛剛上面說的那樣了^_^

不知道到大家有沒有遇到一樣的情況
都是怎麼解決的呢
真的氣到頭頂可以煎蛋欸==
晚餐直接九點快十點才買來吃
irent 趕快出來給個交代啊！
另外想問有沒有其他跟irent類似可臨時租車的
真的很不想再用irent欸",
dcard,238125880,https://www.dcard.tw/f/car/p/238125880,汽車,irent還不還我錢！,淡江大學,2022-02-15T09:46:25.124Z,,還車,irent還不還我錢！ 上個月租了irent汽車 ... 即便還車時只用了五小時 它都先圈存八小時的金額,"上個月租了irent汽車 ... 即便還車時只用了五小時
它都先圈存八小時的金額",
dcard,241764847,https://www.dcard.tw/f/travel/p/241764847,旅遊,irent避雷指南,南臺科技大學,2023-04-15T08:19:38.714Z,,停車費、罰單,irent避雷指南 如題，雖然我沒被irent罰過 ... 才能刪除（官方回應怕有etag.罰單.停車費）,如題，雖然我沒被irent罰過 ... 才能刪除（官方回應怕有etag.罰單.停車費）,
dcard,253819555,https://www.dcard.tw/f/car/p/253819555,汽車,停車格標示不清導致irent後續問題,阿拉喵,2023-11-09T10:13:29.329Z,,還車、拍照、停車格,停車格標示不清導致irent後續問題 各位租路邊租還的irent還車時除了車子狀況要拍照 ... 雖然我還有反應 ，但大概率是跑不掉了。,"各位租路邊租還的irent還車時除了車子狀況要拍照 ... 雖然我還有反應
，但大概率是跑不掉了。",
dcard,240246862,https://www.dcard.tw/f/talk/p/240246862,閒聊,Irent無法還車 客服打不進去 可以怎麼處理？,香港專業教育學院,2022-10-14T12:49:03.047Z,,還車、無法還車,Irent無法還車 客服打不進去 可以怎麼處理？ 還車一直轉圈圈 打去客服一直說系統故障 ... 請問有方法解決嗎？,還車一直轉圈圈 打去客服一直說系統故障 ... 請問有方法解決嗎？,
dcard,241244807,https://www.dcard.tw/f/car/p/241244807,汽車,被Irent搶錢,淡江大學,2023-02-16T06:17:08.327Z,,罰單,被Irent搶錢 首先irent 要舉證這一整天這台車無法租給其他人 ... 這段時間根本沒有被開罰單 單純業者看到就要罰我錢,"首先irent 要舉證這一整天這台車無法租給其他人 ... 這段時間根本沒有被開罰單 
單純業者看到就要罰我錢",
dcard,239881990,https://www.dcard.tw/f/persona_ccu_3c_product/p/239881990,個人看板,iRent租車過程+心得,色慾之徒,2022-09-04T08:49:49.868Z,,扣款,iRent租車過程+心得 iRent的App並註冊帳號 ... 系統顯示8/16晚上20:00會預先扣款租金的部分,iRent的App並註冊帳號 ... 系統顯示8/16晚上20:00會預先扣款租金的部分,
dcard,241453715,https://www.dcard.tw/f/car/p/241453715,汽車,⚠️⚠️我遇到雷了⁉️ IRent 租車-安心服務,致理科技大學,2023-03-11T12:03:26.379Z,,還車、扣款,"到修理站時，因為廠內無法進入，所以我在場外划著手機，同時也看了訂單看到上面有寫安心服務。 於是我打給了客服，請客服幫我還車，並折抵90分鐘的時數。 折抵後發現金額怪怪的，明明承租了約4小時，但卻顯示全額為0元。 而且請客服折抵的時數沒有使用
---
後又詢問了客服，並請客服再幫我做註記，但客服說我們在租車時、取車前是可以取消安心服務(所以即便一開始承租有加購、授權金有扣款，依然無法證明我有加購此服務） 最後客服說還在請門市調查中。 --想問 1.我在承租汽車時並沒有截圖訂單狀況，無","2023/04/03-後續


事情發生後有持續查看訂單，
一開始都一樣金額為0，
後來過一陣子後訂單才顯示了實際金額，
上面有顯示安心服務的價格，
和運租車也沒有人打電話要求賠款，
以上兩點代表我確實有保安心服務

但是本來要折抵的時數沒有折到🥲

❗在這邊奉勸大家
如果真的要租IRent,
租車時請慢慢的按照步驟一步一步來
在確定租車後請確實截圖

主要可以
1.證明自己的訂單內容
2.讓自己安心(不然就會跟我一樣，明明就看到自己有保，但客服和門市都說沒有保時就會開始自我懷疑，想說會不會自己真的沒保）




---以下為事情經過---

這日為了帶家人出遊，所以承租了IRent的汽車，
在承租IRent汽車的當下我有加購安心服務，
預付授權金也有扣到安心服務的款項。

在租借汽車的當日，行駛在路上預迴轉時，車頭不小心撞到了路邊的牆面。

通知了警方與客服後，便與警方一起回去做筆錄。

由於水箱漏水了，為避免引擎過熱，我選擇了請拖掉公司來將汽車拖到修理站。

在等待的同時，我查看了我的汽車租借訂單，看了一下，慶幸自己有加購安心服務。

在與拖吊人員回到修理站時，因為廠內無法進入，所以我在場外划著手機，同時也看了訂單看到上面有寫安心服務。

於是我打給了客服，請客服幫我還車，並折抵90分鐘的時數。

折抵後發現金額怪怪的，明明承租了約4小時，但卻顯示全額為0元。
而且請客服折抵的時數沒有使用到，整筆訂單的抵用時速、優惠券皆顯示0元。

懷疑系統有bug或是客服人員操作錯誤而導致…

打電話去和運門市，要詢問繳交資料的事情時，服務人員說我沒加購安心服務。

打電話去客服，客服也說我沒加購安心服務，但他們可以幫我請負責單位確認。

晚上整理了事情的經過後又詢問了客服，並請客服再幫我做註記，但客服說我們在租車時、取車前是可以取消安心服務(所以即便一開始承租有加購、授權金有扣款，依然無法證明我有加購此服務）

最後客服說還在請門市調查中。


--想問

1.我在承租汽車時並沒有截圖訂單狀況，無法證明在承租期間我有購買安心服務，唯一的證明只有我的記憶，如果客服真的打定說我沒有購買，是不是只能認賠...？

2.有人遇過這樣的狀況嗎？

3.有沒有人可以提供沒有加購IRent服務，已取車的訂單狀況借我看看呢😔(我主要想看安心服務顯示的樣子）

謝謝",
dcard,253999384,https://www.dcard.tw/f/transport/p/253999384,交通運輸,被Irent 罰錢，還亂刷我的卡,國立臺北商業大學,2023-11-28T15:31:55.567Z,,停車費、罰單,被Irent 罰錢，還亂刷我的卡 號跟男友從基隆租Irent ... （何況這不是路邊停車費、過路費或是超速罰單）,號跟男友從基隆租Irent ... （何況這不是路邊停車費、過路費或是超速罰單）,
dcard,257270593,https://www.dcard.tw/f/car/p/257270593,汽車,irent路邊租還gps異常狀況,曼波小姐,2024-11-18T11:31:48.346Z,,GPS,irent路邊租還gps異常狀況 朋友打算租irent載大家一起到活動地點 ... （更） 看了大家的留言,"朋友打算租irent載大家一起到活動地點 ... （更）
看了大家的留言",
dcard,256251957,https://www.dcard.tw/f/vehicle/p/256251957,機車,#其他 租用irent機車請小心停車地點,💡💗🏧🐼,2024-07-30T14:56:42.857Z,,還車、還車範圍,#其他 租用irent機車請小心停車地點 更不是偏遠地區，都在irent的還車範圍內 ... 無柵欄，免費的平面停車場）,更不是偏遠地區，都在irent的還車範圍內 ... 無柵欄，免費的平面停車場）,
dcard,256871276,https://www.dcard.tw/f/car/p/256871276,汽車,Irent是靠罰金賺錢？,匿名,2024-10-05T02:35:51.072Z,,還車、扣款、停車費,"說會幫我送件，也已經停卡了，絕對不能讓他們利用這種事情來謀取利益。 如題，我前幾天租了路邊租還汽車搬宿舍，預計要還車的停車場額度滿了，剛好附近就有一個路邊車格就停了，還車後才看到那個車格是早上7.-8.禁停，而那時候大概下午2.40分，想說離禁停時段還很久就就離開。 結果下午5.多就收到通知說未依規範還車要繳納5500元（3000調度+2500營業損失），我就覺得不太合理了。後續問客服，他們僅把車輛移到距離不到大概一百公尺
---
寫，我也不是要硬凹我沒有違規，只是金額實在太高，況且定型化條款也不是隨便寫就算數欸。 然後過沒幾天就直接從我綁定的信用卡扣款，要罰錢動作就快了，之前我代墊停車費要報帳給我拖兩個禮拜，有夠可悲。","更——
後來我直接跟信用卡公司說該筆交易是爭議款項，廠商沒有經過我同意就直接刷卡，信用卡公司那邊也說會幫我送件，也已經停卡了，絕對不能讓他們利用這種事情來謀取利益。




如題，我前幾天租了路邊租還汽車搬宿舍，預計要還車的停車場額度滿了，剛好附近就有一個路邊車格就停了，還車後才看到那個車格是早上7.-8.禁停，而那時候大概下午2.40分，想說離禁停時段還很久就就離開。
  結果下午5.多就收到通知說未依規範還車要繳納5500元（3000調度+2500營業損失），我就覺得不太合理了。後續問客服，他們僅把車輛移到距離不到大概一百公尺的停車場，我後續上App看，那台車也不在那個停車場，代表有被其他人租走啊。所以他們現在是一邊租給別人、一邊還要跟我收營業損失費？而且這麼短的距離就要調度費3000，也太扯了吧。
  我也知道他們租車規範都有寫，我也不是要硬凹我沒有違規，只是金額實在太高，況且定型化條款也不是隨便寫就算數欸。 然後過沒幾天就直接從我綁定的信用卡扣款，要罰錢動作就快了，之前我代墊停車費要報帳給我拖兩個禮拜，有夠可悲。",
dcard,255241142,https://www.dcard.tw/f/car/p/255241142,汽車,#求解 Irent 車損賠償,德明財經科技大學,2024-04-12T02:35:34.168Z,,還車,時候有不小心擦撞到右側 有刮傷但並沒有凹損 那時候並不知道自撞的部分也需要報警處理 想著有安心服務應該是可以解決 就這樣還車了 https://sticker-assets.dcard.tw/images/1588fef2-494a-486d-,"4/8有租irent  有加保安心服務
但最後在晚上停車的時候有不小心擦撞到右側
有刮傷但並沒有凹損
那時候並不知道自撞的部分也需要報警處理
想著有安心服務應該是可以解決
就這樣還車了
https://sticker-assets.dcard.tw/images/1588fef2-494a-486d-98e1-1f9b3ef8281d/orig.png
今天收到和泰電話
問我是否有擦撞到 然後會進行維修報價再通知我
因為我當下並沒有報警處理所以也需要再負擔營業額的部分
想請問這方面有沒有人可以給我點意見
實在很怕會有個嚇人的金額⋯😭
還有我可以補報警嗎？因為看到網路有些有補報警成功
但和泰那邊很強硬說著沒辦法 條例都有寫好⋯",
dcard,239728912,https://www.dcard.tw/f/car/p/239728912,汽車,Irent 扣款,台南應用科技大學,2022-08-17T14:24:09.547Z,,扣款,Irent 扣款 第一次使用irent ... irent預扣了租車費跟安心服務保險,第一次使用irent ... irent預扣了租車費跟安心服務保險,
dcard,237749524,https://www.dcard.tw/f/car/p/237749524,汽車,irent提前扣款 Σ(-᷅_-᷄๑),輔仁大學,2021-12-25T02:05:08.853Z,,扣款,irent提前扣款 Σ(-᷅_-᷄๑) 事情是這樣的！ 大概前幾天我就先預約了今天12:00要租車 但是8:00起床的時候發現自己的金融簽帳卡有一筆消費，金額正好是irent預估的費用 可是我都還沒租車，也沒有確定到底租用多少金額，這樣扣款有點不正常吧(´･_･`) 雖然並沒有馬上從戶頭扣款，但是萬一跟今天租用的金費不合、或是我取消訂單根本沒租用怎麼辦⋯⋯ 從起床一直狂打客服也打不進去== 想請問有沒有大大有,"事情是這樣的！
大概前幾天我就先預約了今天12:00要租車
但是8:00起床的時候發現自己的金融簽帳卡有一筆消費，金額正好是irent預估的費用
可是我都還沒租車，也沒有確定到底租用多少金額，這樣扣款有點不正常吧(´･_･`)
雖然並沒有馬上從戶頭扣款，但是萬一跟今天租用的金費不合、或是我取消訂單根本沒租用怎麼辦⋯⋯
從起床一直狂打客服也打不進去==
想請問有沒有大大有這樣的經驗，又是怎麼處理的呢QQ
謝謝大家嗚嗚嗚嗚嗚🙏🏻🙏🏻🙏🏻🙏🏻",
dcard,241194764,https://www.dcard.tw/f/car/p/241194764,汽車,iRent 預扣款何時會刷退,國立臺灣海洋大學,2023-02-10T11:36:56.854Z,,扣款,iRent 預扣款何時會刷退 但預約前都會被扣一筆 一小時的費用125 ... 今天有租一台車 但後來取消預約,"但預約前都會被扣一筆
一小時的費用125 ... 今天有租一台車
但後來取消預約",
dcard,241803208,https://www.dcard.tw/f/talk/p/241803208,閒聊,irent 預約扣款,咪咪,2023-04-19T12:49:01.594Z,,扣款,irent 預約扣款 提早預約irent 還沒到預約的時間 ... 已經收到信用卡一筆租車交易的費用,提早預約irent 還沒到預約的時間 ... 已經收到信用卡一筆租車交易的費用,
dcard,241951406,https://www.dcard.tw/f/car/p/241951406,汽車,IRent 首次租車扣款問題,rainn,2023-05-06T07:16:22.073Z,,扣款,IRent 首次租車扣款問題 https://megapx-assets.dcard.tw/images/0a2c5ed0-411f-47f8-,"https://megapx-assets.dcard.tw/images/0a2c5ed0-411f-47f8-87c6-449a69520982/640.jpeg
https://megapx-assets.dcard.tw/images/1f17a031-e075-4a51-97a9-2e4ce616571a/640.jpeg
 大家好，昨天首次使用IRent 租車，選了同站租還後被刷了1175元，租車結束後我看明細有三小時折抵？然後金額變932元，發票金額874元。

 想問大家這樣我是會再被扣932元呢？還是會退1175-932的差價呢？
 有點不清楚再麻煩大家幫忙解惑～謝謝
https://sticker-assets.dcard.tw/images/05c2c9f2-5310-43e1-979c-08f57ad0d7dc/orig.png",
dcard,233102985,https://www.dcard.tw/f/vehicle/p/233102985,機車,#問 irent租車 信用卡重複扣款,大仁科技大學,2020-02-19T09:10:03.026Z,,扣款,#問 irent租車 信用卡重複扣款 於是2/11立刻打電話詢問irent客服 ... 我在2/7晚上租車使用，並使用信用卡扣款,於是2/11立刻打電話詢問irent客服 ... 我在2/7晚上租車使用，並使用信用卡扣款,
dcard,260013646,https://www.dcard.tw/f/car/p/260013646,汽車,#irent租車刷卡金額與訂單不同,中原大學,2025-10-11T09:08:30.617Z,,還車、扣款,#irent租車刷卡金額與訂單不同 今天早上租了irent 刷卡預扣了1300元 還車時訂單金額是2100元（如下圖） 但還車時自動刷卡的金額卻是3550元 所以我信用卡一共扣款4850元 也太貴了吧 怎麼想都想不出怎麼算的 https://megapx-assets.dcard.tw/image,"今天早上租了irent 刷卡預扣了1300元
還車時訂單金額是2100元（如下圖）
但還車時自動刷卡的金額卻是3550元
所以我信用卡一共扣款4850元
也太貴了吧 怎麼想都想不出怎麼算的
https://megapx-assets.dcard.tw/images/a0630280-568f-408b-aa49-2d5691598790/orig.jpeg",
dcard,242018657,https://www.dcard.tw/f/car/p/242018657,汽車,IRent 預扣款,NN,2023-05-13T18:32:28.950Z,,扣款,IRent 預扣款 請問一下各位 我在5/7晚上租車有一筆預扣款 ... 我是用簽帳卡的,請問一下各位 我在5/7晚上租車有一筆預扣款 ... 我是用簽帳卡的,
dcard,241494829,https://www.dcard.tw/f/mood/p/241494829,心情,iRent儲值退款還要扣手續費…,匿名,2023-03-16T02:53:15.167Z,,還車、扣款,iRent儲值退款還要扣手續費… 上禮拜租iRent教人開車 當時儲值1000元可能設定扣款錯誤，還車時是從我帳戶裡面扣 後來把儲值的1000提領到帳戶竟然需要14個工作天就算了，他媽的還扣100元手續費是什麼意思…….,"上禮拜租iRent教人開車
當時儲值1000元可能設定扣款錯誤，還車時是從我帳戶裡面扣
後來把儲值的1000提領到帳戶竟然需要14個工作天就算了，他媽的還扣100元手續費是什麼意思…….
要不是教人開車我根本不會租irent的車子",
dcard,238581633,https://www.dcard.tw/f/vehicle/p/238581633,機車,#問題 irent大神們歡迎幫我解答,國立臺灣師範大學,2022-04-11T04:01:08.920Z,,扣款,#問題 irent大神們歡迎幫我解答 第一次發文請見諒 小弟第一次用irent租車 ... 但我租完車後收到兩次的扣款通知,"第一次發文請見諒
小弟第一次用irent租車 ... 但我租完車後收到兩次的扣款通知",
dcard,257474243,https://www.dcard.tw/f/talk/p/257474243,閒聊,iRent,醒吾科技大學,2024-12-11T13:45:58.531Z,,還車、扣款,iRent iRent租車還車的時候 ... 會進行銀行扣款，但如果有高速公路通行費用,iRent租車還車的時候 ... 會進行銀行扣款，但如果有高速公路通行費用,
dcard,237291419,https://www.dcard.tw/f/transport/p/237291419,交通運輸,Irent還車後會馬上從金融卡扣款嗎,國立臺灣大學,2021-10-23T15:59:05.964Z,,還車、扣款,Irent還車後會馬上從金融卡扣款嗎 irent還車後發現visa餘額沒變，也沒有扣款通知。心裡有點毛毛的。,irent還車後發現visa餘額沒變，也沒有扣款通知。心裡有點毛毛的。,
dcard,253293620,https://www.dcard.tw/f/car/p/253293620,汽車,iRent 請益(被告知有車損),飛人,2023-09-15T23:36:19.269Z,,扣款,iRent 請益(被告知有車損) 因為工作需求偶爾就會租iRent ... 另外如果擔心他們預先扣款,因為工作需求偶爾就會租iRent ... 另外如果擔心他們預先扣款,
dcard,235093898,https://www.dcard.tw/f/app/p/235093898,App,和運租車（irent）,台南應用科技大學,2021-01-01T13:49:40.271Z,,扣款,和運租車（irent） 最近不知道大家有沒有去租車 有關於irent有沒有人跟我一樣被重複扣款 想請問有沒有人成功打進去客服 了解是否退款了 或是要如何提起申訴呢...？,"最近不知道大家有沒有去租車
有關於irent有沒有人跟我一樣被重複扣款
想請問有沒有人成功打進去客服
了解是否退款了

或是要如何提起申訴呢...？",
dcard,240624090,https://www.dcard.tw/f/car/p/240624090,汽車,#問 Irent莫名其妙被罰錢⋯,崑山科技大學,2022-11-27T09:44:20.170Z,,罰單,#問 Irent莫名其妙被罰錢⋯ 今天突然收到irent說我有一筆未繳罰單 ... 男友家附近只有那個irent停車場,今天突然收到irent說我有一筆未繳罰單 ... 男友家附近只有那個irent停車場,
dcard,231011765,https://www.dcard.tw/f/vehicle/p/231011765,機車,IRent體驗談,國立中興大學,2019-04-02T15:55:41.347Z,,據點,IRent體驗談 反正IRent24隨租隨還和租車公司各有優缺點 ... 但就是在找尋附近據點時loading要有點久,反正IRent24隨租隨還和租車公司各有優缺點 ... 但就是在找尋附近據點時loading要有點久,
dcard,259345582,https://www.dcard.tw/f/car/p/259345582,汽車,共享汽車 iRent vs GoSmart 租車心得 暴雷,一定要大薯,2025-07-18T10:05:59.880Z,,據點,共享汽車 iRent vs GoSmart 租車心得 暴雷 我覺得還好，據點相較iRent少很多 ... 所以這天開始對iRent真的有點忌憚,我覺得還好，據點相較iRent少很多 ... 所以這天開始對iRent真的有點忌憚,
dcard,257489806,https://www.dcard.tw/f/car/p/257489806,汽車,買車請益～～,台南應用科技大學,2024-12-13T07:18:56.231Z,,扣款,買車請益～～ 目前月薪約55000-65000 （平均為63000，含年終年薪約85萬） 在北部租房，每月固定扣款如下： 1. 房租10000 2. 儲蓄險5000 3. ETF定期定額6000 4. 機車車貸4000（明年四月繳完）,"目前月薪約55000-65000
（平均為63000，含年終年薪約85萬）

在北部租房，每月固定扣款如下：
1. 房租10000
2. 儲蓄險5000
3. ETF定期定額6000
4. 機車車貸4000（明年四月繳完）
5. 活存10000-20000（不一定，能存多少盡量）
扣除上述每月約留20000-25000生活費

預計可以拿200,000-250,000當頭款
若買車將每月調整成如下：
1. 房租10000
2. 儲蓄險5000
3. ETF定期定額6000
4. 汽車車位4000
5. 車貸8000-10000
6. 活存5000-8000
扣除上述每月約留20000-25000生活費

目前考慮以下車款：
1. Focus 5D ST-Line
2. Mazda 3 5D Signature
3. Honda FIt 油電
4. Corolla Sport 

想問問大家的建議或看法，其實沒有買車的剛需，
單純喜歡開車出遊想要可以說走就走
平常都是租iRent，好想要有自己ㄉ車車
不確定自己到底買不買得起，
也不希望為了買車把每月投資或儲蓄的錢壓縮太多
不限於新車，也可接受原廠認證3年內新古車

謝謝大家🥹",
dcard,254492431,https://www.dcard.tw/f/car/p/254492431,汽車,考到駕照後先練機車再練汽車,世新大學,2024-01-23T07:51:01.674Z,,GPS,差 而且汽車的後照鏡視野明顯比機車寬很多 停車時也是一直下車看 怕撞到其他車 接下來就要挑戰上國道了 另外我也發現 同樣GPS時速60公里 機車的視覺速度明顯會比汽車快很多 不知道是什麼原理？ 以前騎機車時速60公里覺得算快了 現在開車覺得時速6,"我汽車和機車駕照幾乎是同時考到的
但是因為之前都沒任何上路經驗
所以先從簡單的機車開始上路
第一次上路前也是自己先做了很多很多的功課
比如防禦駕駛 停車立柱 等等
直到機車騎了三個多月差不多熟悉了道路路感後才開始練開車
但是因為考到駕照後快四個月沒碰過車
第一次上路前也是做了非常多功課
然後就找機會自己單獨租irent上路了
第一次上路直接挑戰快速道路
或許因為之前常騎機車
所以對上路的速度感並不感到緊張
唯一會讓我緊張的是抓車感和車距
跟機車差非常多需要適應
但看後照鏡的方式跟機車就沒差
而且汽車的後照鏡視野明顯比機車寬很多
停車時也是一直下車看
怕撞到其他車
接下來就要挑戰上國道了
另外我也發現
同樣GPS時速60公里
機車的視覺速度明顯會比汽車快很多
不知道是什麼原理？
以前騎機車時速60公里覺得算快了
現在開車覺得時速60公里很慢很慢
而且油門輕輕踩不知不覺就到這速度了
之前騎機車要到時速60公里以上要油門一拜
而且汽車的油門沒有機車靈敏
常常會油門踩太輕導致加速太慢
而騎機車起步時若一下轉太多油門會暴衝
先練機車再練汽車很正常嗎？",
dcard,241518925,https://www.dcard.tw/f/car/p/241518925,汽車,人生第一次購車菜單分享-Toyota Cross 尊絕版,薯條寶寶,2023-03-18T16:19:54.095Z,,GPS,享-Toyota Cross 尊絕版 在開了路上滿滿的iRent後決定購入Toyota ... 4.原廠前後行車記錄器+GPS 5.原廠4G套件,"在開了路上滿滿的iRent後決定購入Toyota ... 4.原廠前後行車記錄器+GPS 
5.原廠4G套件",
dcard,241582064,https://www.dcard.tw/f/ask/p/241582064,問答,#發問 iRent 剛租車的停車費要自己吸收？,匿名,2023-03-25T11:06:14.848Z,,拍照、停車費,#發問 iRent 剛租車的停車費要自己吸收？ 租車前跟著地圖走發現車在停車場裡面， 所以就利用停車場裡的機台找看看在哪層樓 還出現了停車繳費 也就繳了（之前朋友跟我說要繳 ，之後可以申請退費） 繳完當下有拍照 之後租車結束聯絡線上客服 都沒有下落問到最後他們都直接消失，重新開APP之前對話都消失 再去問問題客服就說 我先前提問過了喔 然後又不見了 。 停車費幾十塊真的還好 但如果今天有租到需要繳幾百塊不是就很衰⋯ 還是IRent的車可以直接識別車牌開出去？ 想問問大家 我是租,"租車前跟著地圖走發現車在停車場裡面，
所以就利用停車場裡的機台找看看在哪層樓 
還出現了停車繳費 也就繳了（之前朋友跟我說要繳 ，之後可以申請退費）
繳完當下有拍照
之後租車結束聯絡線上客服 都沒有下落問到最後他們都直接消失，重新開APP之前對話都消失
再去問問題客服就說 我先前提問過了喔
然後又不見了 。
停車費幾十塊真的還好 但如果今天有租到需要繳幾百塊不是就很衰⋯
還是IRent的車可以直接識別車牌開出去？
想問問大家 我是租車新手 經驗不多 不要罵我笨🥲🥲🥲🥲",
dcard,252918873,https://www.dcard.tw/f/car/p/252918873,汽車,Irent初步問題請益,國立臺北商業大學,2023-08-09T00:41:40.084Z,,停車費,Irent初步問題請益 想說後續可以借用Irent從台北回桃園 ... 可直接出停車場嗎？沒有付停車費出場柵欄會開嗎,想說後續可以借用Irent從台北回桃園 ... 可直接出停車場嗎？沒有付停車費出場柵欄會開嗎,
dcard,238557042,https://www.dcard.tw/f/car/p/238557042,汽車,#大雷經驗談🔥⚠️ irent租汽車,輔仁大學,2022-04-08T05:17:47.091Z,,還車、定位、停車費、停車格,"一台車，這樣子會比較省錢什麼的，又看到irent有免費時數 於是我就開始了我的不歸路… 1.停車被停在外包，你要先代繳停車費 因為我第一次租irent，所以我不知道原來他們有分合作跟一般外面的停車場🅿️ 但當天是這樣的..我預約的車被停在一
---
一排車在等我 我想說不會吧…我就立馬打給客服，問他是怎麼回事🥲😵‍💫 客服也很見怪不怪的跟我說： 喔，你要先幫我們代繳停車費喔，後續再拿發票給我們客服銷帳 Ok 👌 要我先代繳沒問題 但客服態度怎麼會是一副事不關己的態度 後來我繳錢了之後拿到
---
等於我不是三月份的發票，就是 ‼️不能夠跟irent公司申請停車現金補償‼️ （後來我就認了…就當60沒了這樣） 2.還車系統爛到極點，還車像在賭運氣 我真的不知道一爛還能爛再爛 東西都用好了，我想說我要當好人，不能造成別人困擾，我就乖乖停在路邊停車格 結果，還車系統爛到我一度以為我手機壞掉：）🥰🥰 我是在台北還車，訊號滿格 我點選了全部時數抵免，才按了付款還車 結果他就一直在那邊轉了五分鐘 我想說…？痾怎麼辦，我就又打給了客服 客服給我的答案是，你已經還車了喔❤️ 但我的銀行信用卡通知就傳來 我被扣錢的訊息 我就問他那為什麼我還會被扣錢，照理來說我才借了90分鐘，我免費時數有180 再怎麼樣都不應該被扣到錢吧…？ 後面說是我沒勾選抵免時數，所以才要收取還車費用 （我很確定我有點！！我就是因為免費才來的啊） 這方面我也無力反駁..因為我也沒有截圖 系統一直轉圈圈是要我怎麼辦
---
背景音 （心想沒那麼慘吧兩次都那麼雷） 我就給它借下去了！！！ 1.停車位置自己找，找不到也要先扣你錢 我可以理解定位有時候會有偏差什麼的 但這次你們不能再反駁我了，因為 ‼️你喵的他給我停在室內私人停車場啊🥵‼️ ㄍㄢ😂😂我要瘋掉了，","事情是這樣的，文章很長..我儘量簡短
但都是親身經歷(;´༎ຶД༎ຶ`)
打出來是不想各位跟我一樣當冤大頭🥲🥲

因為我需要搬家，於是我就想說我可以去租一台車，這樣子會比較省錢什麼的，又看到irent有免費時數
於是我就開始了我的不歸路…

1.停車被停在外包，你要先代繳停車費

因為我第一次租irent，所以我不知道原來他們有分合作跟一般外面的停車場🅿️

但當天是這樣的..我預約的車被停在一般外面廠商（某嘟嘟停車場
我以為我只要出閘門感應，他就會自動幫我拉起拉桿，結果並沒有！！
我到了感應那邊後才發現拉桿一直沒起來，這就算了…後面一排車在等我

我想說不會吧…我就立馬打給客服，問他是怎麼回事🥲😵‍💫
客服也很見怪不怪的跟我說：
喔，你要先幫我們代繳停車費喔，後續再拿發票給我們客服銷帳

Ok 👌 要我先代繳沒問題
但客服態度怎麼會是一副事不關己的態度
後來我繳錢了之後拿到了發票
趕快把車開了出去（不然我覺得我會被後面一排車主問候）
我有打給了客服問他要怎麼補償我現金
他說，你要打統編啊你怎麼沒有打
：？？？？你剛剛沒有跟我說啊@@

反正我有還是只得回到停車場，找客服幫我補統編，但是因為當天是3/31半夜，會計已經下班了，需要等早上客服才會再聯絡我，我想說沒問題沒關係

問題來了‼️我有說我是3/31吧
因為註銷發票需要時間，我只能拿到四月份的補統編發票
等於我不是三月份的發票，就是
‼️不能夠跟irent公司申請停車現金補償‼️
（後來我就認了…就當60沒了這樣）

2.還車系統爛到極點，還車像在賭運氣

我真的不知道一爛還能爛再爛
東西都用好了，我想說我要當好人，不能造成別人困擾，我就乖乖停在路邊停車格

結果，還車系統爛到我一度以為我手機壞掉：）🥰🥰
我是在台北還車，訊號滿格
我點選了全部時數抵免，才按了付款還車
結果他就一直在那邊轉了五分鐘
我想說…？痾怎麼辦，我就又打給了客服
客服給我的答案是，你已經還車了喔❤️
但我的銀行信用卡通知就傳來
我被扣錢的訊息
我就問他那為什麼我還會被扣錢，照理來說我才借了90分鐘，我免費時數有180
再怎麼樣都不應該被扣到錢吧…？
後面說是我沒勾選抵免時數，所以才要收取還車費用
（我很確定我有點！！我就是因為免費才來的啊）

這方面我也無力反駁..因為我也沒有截圖
系統一直轉圈圈是要我怎麼辦我才打給你啊🥲🥲🥲🥲

以上都只歸還給我時數，死不給退錢，給我那麼多我也不想要啊…
https://megapx-assets.dcard.tw/images/52798722-ca4e-4220-98c0-ab15f6f89f46/full.jpeg
==以上⬆️⬆️是我慘到不行的第一次租車==

事情還沒結束喔～感謝大家耐心看完到這裡
以下還有故事∠( ᐛ 」∠)

就在昨天，我又因為跟朋友半夜出去看電影沒捷運回家了，我的小腦袋又靈機一動想到：

🔥🔥irent🔥🔥 （地獄低吼背景音

（心想沒那麼慘吧兩次都那麼雷）
我就給它借下去了！！！

1.停車位置自己找，找不到也要先扣你錢

我可以理解定位有時候會有偏差什麼的
但這次你們不能再反駁我了，因為
‼️你喵的他給我停在室內私人停車場啊🥵‼️

ㄍㄢ😂😂我要瘋掉了，我走了二十分鐘
我從西門走到台北車站借車
結果我找不到車，又密了客服

🥲：不好意思我找不到車…請問能給我照片嗎
我就得到了以下對話⬇️🥰
https://megapx-assets.dcard.tw/images/b995e2ac-3ad3-415b-8943-aed42e9b225e/full.jpeg
嗯，嗯？？？？😍😍😍😍
阿你是在嗯x小？！😍😍😍😍😍😍
我整個龜懶趴火都上來

🥲：請問你是白x嗎？ 把用戶當智障在耍？
：為什麼你要罵小編白x呢？

（我彷彿看到我死去已久的阿公氣到爬起來）

於是我又打給了線上客服
我就想說算了，但你錢要怎麼還給我
我已經不想要你們的爛時數了

：銀行作業那邊需要一到兩週喔，再請你等候

哈囉？我沒借到車還要被扣押金，然後再等一到兩週

以上就是我的經驗分享談，錢我就當作認賠，時數看誰要就拿去，打這篇文殺你個片甲不留，拜託大家幫我頂上去支持我
不要讓爛公司賺你的辛苦錢🥲🥲
https://sticker-assets.dcard.tw/images/1588fef2-494a-486d-98e1-1f9b3ef8281d/orig.png",
dcard,233821550,https://www.dcard.tw/f/vehicle/p/233821550,機車,租iRent前請注意！,萌萌小雞蛋,2020-06-06T09:41:18.236Z,,停車費,租iRent前請注意！ 這次是第二次租iRent（隨租隨還） ... 導致我們要出場時先付了停車費，然後打統編。,這次是第二次租iRent（隨租隨還） ... 導致我們要出場時先付了停車費，然後打統編。,
dcard,256964496,https://www.dcard.tw/f/talk/p/256964496,閒聊,想請問各位irent路邊租還這種停車格可以還車嗎 需要繳停車費嗎,ㅑㅑㅑㅑㅑㅑㅑㅑㅑㅑㅑ,2024-10-15T11:53:50.857Z,,還車、停車費、停車格,想請問各位irent路邊租還這種停車格可以還車嗎 需要繳停車費嗎 https://megapx-assets.dcard.tw/images/10a46070-7a60-4ee2-a,https://megapx-assets.dcard.tw/images/10a46070-7a60-4ee2-a787-cad3e8691efa/orig.jpeg,
dcard,260148498,https://www.dcard.tw/f/car/p/260148498,汽車,IRent app爆了,臺北醫學大學,2025-10-29T16:40:50.537Z,,停車費,IRent app爆了 現在卡在臨停停車場裡面算停車費 ... RT 有人也遇到嗎,現在卡在臨停停車場裡面算停車費 ... RT 有人也遇到嗎,
dcard,236327247,https://www.dcard.tw/f/vehicle/p/236327247,機車,IRENT 路邊租還,致理科技大學,2021-06-24T01:49:15.745Z,,停車格,IRENT 路邊租還 路邊要收費的停車格和停車場可以嗎 ... 雙北地區路邊租還 是任何停車格都可還？,路邊要收費的停車格和停車場可以嗎 ... 雙北地區路邊租還 是任何停車格都可還？,
dcard,239990971,https://www.dcard.tw/f/car/p/239990971,汽車,要租車還是要買車?,國立臺中教育大學,2022-09-15T07:47:51.253Z,,停車費,車還是要買車? 最近開了間小工作室，有時候需要到附近縣市跟客戶提案 原本有想說買一台老二手車，這樣移動也方便 衡量預算和停車費之後還是拿不出這筆費用 目前預計是先用租車來解決這個問題 等之後工作室有打平之後再買車 短期內想租看看格上gosma,"最近開了間小工作室，有時候需要到附近縣市跟客戶提案
原本有想說買一台老二手車，這樣移動也方便
衡量預算和停車費之後還是拿不出這筆費用

目前預計是先用租車來解決這個問題
等之後工作室有打平之後再買車

短期內想租看看格上gosmart或irent那種共享車
請問租過共享車的大家，會比較推薦哪一家呢？",
dcard,253850588,https://www.dcard.tw/f/talk/p/253850588,閒聊,可以一起公審irent嗎⋯  文長⚠️,馝翭芔,2023-11-12T15:00:17.462Z,,停車費,可以一起公審irent嗎⋯ 文長⚠️ 有些車子就是刷不出 跟irent公司協調後 ... 要出去的話就要先墊付停車費,有些車子就是刷不出 跟irent公司協調後 ... 要出去的話就要先墊付停車費,
dcard,237658097,https://www.dcard.tw/f/transport/p/237658097,交通運輸,租機車疑問,台鋼科技大學,2021-12-13T02:26:16.545Z,,還車,租機車疑問 請教各位大大最近想租租看IRent ... 不過好奇還車是app點選還車之後車子要停哪裡？,請教各位大大最近想租租看IRent ... 不過好奇還車是app點選還車之後車子要停哪裡？,
dcard,239422562,https://www.dcard.tw/f/car/p/239422562,汽車,iRent汽車罰單問題,中國文化大學,2022-07-12T05:14:37.526Z,,罰單,iRent汽車罰單問題 請問這個罰單會寄到家裡嗎？哪裡可以主動查詢並趕快繳掉，或是提早知道有哪些違規，哪裡可以查詢，還是要等到寄到家裡了才知道。,請問這個罰單會寄到家裡嗎？哪裡可以主動查詢並趕快繳掉，或是提早知道有哪些違規，哪裡可以查詢，還是要等到寄到家裡了才知道。,
dcard,239445424,https://www.dcard.tw/f/car/p/239445424,汽車,Irent未繳費用 罰單？,臺北醫學大學,2022-07-14T16:58:02.429Z,,罰單,Irent未繳費用 罰單？ 如圖 想請問一下有人有碰過同樣的未繳費用嗎？ ... 因為簡訊跟信箱也沒收到通知 不確定這個是什麼,如圖 想請問一下有人有碰過同樣的未繳費用嗎？ ... 因為簡訊跟信箱也沒收到通知 不確定這個是什麼,
dcard,254520846,https://www.dcard.tw/f/car/p/254520846,汽車,有人知道如果租irent收到罰單會扣多少積分嗎？,世新大學,2024-01-25T14:32:55.981Z,,罰單,有人知道如果租irent收到罰單會扣多少積分嗎？ 如題 如果是收到未依標誌號誌行駛的違規罰單 通常都會被irent扣多少積分？ 罰單會直接寄到家裡嗎？ 是用平信還是掛號？ 謝謝,"如題
如果是收到未依標誌號誌行駛的違規罰單
通常都會被irent扣多少積分？
罰單會直接寄到家裡嗎？
是用平信還是掛號？
謝謝",
dcard,252919789,https://www.dcard.tw/f/car/p/252919789,汽車,檢舉irent違停綠色人行道,龍華科技大學,2023-08-09T03:06:29.549Z,,罰單,檢舉irent違停綠色人行道 我就想知道 irent會不會把罰單寄給他們繳 ... 路邊綠色人行道的irent,"我就想知道
irent會不會把罰單寄給他們繳 ... 路邊綠色人行道的irent",
dcard,257466306,https://www.dcard.tw/f/transport/p/257466306,交通運輸,IRENT/雪隧,cow oh vwi,2024-12-10T16:03:38.720Z,,罰單,IRENT/雪隧 目前到剛剛打去問Irent公司都說沒有收到罰單 ... 8/26租Irent去宜蘭玩中間,目前到剛剛打去問Irent公司都說沒有收到罰單 ... 8/26租Irent去宜蘭玩中間,
dcard,239955302,https://www.dcard.tw/f/vehicle/p/239955302,機車,#問題 被irent罰款2500元違停，該如何是好?,米粒,2022-09-12T06:30:53.423Z,,罰款、罰單,#問題 被irent罰款2500元違停，該如何是好? 假日白天租了irent停在騎樓下，其實當下是朋友說那是他工作的藥局可以先暫時停放，所以想說等後面事情辦完再回來騎走。結果晚上回來發現機車不見了，隔天收到irent的違停罰款通知，總共2500元。名目是調度費1000元和營業損失費1500元。違停是事實，但這金額讓我瞠目，想問有沒有相關人有經驗知道要怎麼申訴降低罰款金額呢?我真的不是故意的阿，我有多次租用都是優良使用者，如果對方打電話告訴我我犯了錯，我一定立馬深深抱歉地請人協助幫忙把車移位放好。結果不給人機會就來了一張罰單，還不是政府開罰，欲哭無淚。= = 以後再也不敢使用irent了...好可怕!,假日白天租了irent停在騎樓下，其實當下是朋友說那是他工作的藥局可以先暫時停放，所以想說等後面事情辦完再回來騎走。結果晚上回來發現機車不見了，隔天收到irent的違停罰款通知，總共2500元。名目是調度費1000元和營業損失費1500元。違停是事實，但這金額讓我瞠目，想問有沒有相關人有經驗知道要怎麼申訴降低罰款金額呢?我真的不是故意的阿，我有多次租用都是優良使用者，如果對方打電話告訴我我犯了錯，我一定立馬深深抱歉地請人協助幫忙把車移位放好。結果不給人機會就來了一張罰單，還不是政府開罰，欲哭無淚。= = 以後再也不敢使用irent了...好可怕!,
dcard,253305351,https://www.dcard.tw/f/car/p/253305351,汽車,iRent路邊租還-謹慎停（調度費）,元智大學,2023-09-17T04:49:49.580Z,,罰單,iRent路邊租還-謹慎停（調度費） 生日一早收到iRent罰單3000 ... 畢竟很像刻意懲罰用來賺錢：,生日一早收到iRent罰單3000 ... 畢竟很像刻意懲罰用來賺錢：,
dcard,234566254,https://www.dcard.tw/f/talk/p/234566254,閒聊,Irent共享真的爛到爆#黑特,SHY17,2020-10-07T05:29:35.062Z,,還車、拍照、罰款、罰單,"Irent共享真的爛到爆#黑特 真的爛到爆!! 1.我朋友上次租汽車還車後隔周收到信件要求賠償不知道幾萬元車傷損失什麼的.....他滿臉問號，說根本沒擦撞阿，I公司反應說因為你沒有辦法提出還車時""此處位置""是否真的沒有擦撞，所以判定你要賠償(球員兼裁判?)，除非你可以提出各視角照片確定。 2.今天換我收到共享機車的罰鍰，IRENT公司說因為停在人行道，所以他們公司要求我賠償1000元罰款，靠腰哩..... 又沒停在人行道，是否被移車都不知道這樣也算在我頭上? 我問說有收到政府罰單嗎?結果得到的訊息是政府沒有開罰，但I公司主動開罰的? 經過以上兩起事件我合理懷疑及假設，I公司是否可以派駐員工主動移車再拍照檢舉?或是依據車主提出的照片再避開拍攝位置主動刮傷車子再所取理賠?以上當然都是我的假設，但如果長期有再租車的人並不會每次拍照上傳，如果I公司丈著租車人沒拍照的舉動，是否可以藉此大撈一筆賠償的金額。 也告知I公司客服相關問題及假設 I公司:我們公司一律都會穿著制服。 我:如","真的爛到爆!!

1.我朋友上次租汽車還車後隔周收到信件要求賠償不知道幾萬元車傷損失什麼的.....他滿臉問號，說根本沒擦撞阿，I公司反應說因為你沒有辦法提出還車時""此處位置""是否真的沒有擦撞，所以判定你要賠償(球員兼裁判?)，除非你可以提出各視角照片確定。

2.今天換我收到共享機車的罰鍰，IRENT公司說因為停在人行道，所以他們公司要求我賠償1000元罰款，靠腰哩.....
又沒停在人行道，是否被移車都不知道這樣也算在我頭上?
我問說有收到政府罰單嗎?結果得到的訊息是政府沒有開罰，但I公司主動開罰的?
經過以上兩起事件我合理懷疑及假設，I公司是否可以派駐員工主動移車再拍照檢舉?或是依據車主提出的照片再避開拍攝位置主動刮傷車子再所取理賠?以上當然都是我的假設，但如果長期有再租車的人並不會每次拍照上傳，如果I公司丈著租車人沒拍照的舉動，是否可以藉此大撈一筆賠償的金額。

也告知I公司客服相關問題及假設

I公司:我們公司一律都會穿著制服。
我:如果貴公司派駐員工未著制服進行移車檢舉呢?
I公司:我們公司應該不會有這種行為...
我:....(應該不會?

以前聽到相關爭議都以為是個案，但遇到後才知道原來賺錢的名目那麼多種，真心希望受害者能降低。
https://megapx-assets.dcard.tw/images/8261e5bd-53ee-4e02-ace9-9e9545a60c78/full.jpeg",
dcard,255790024,https://www.dcard.tw/f/thu/p/255790024,東海大學,請問嘟嘟房外面空地能夠停車嗎,東海大學,2024-06-08T11:11:06.386Z,,罰單,請問嘟嘟房外面空地能夠停車嗎 irent還把罰單轉嫁給我🫠🫠🫠 ... 請問嘟嘟房側邊這一個空地是能夠停irent路邊隨還,irent還把罰單轉嫁給我🫠🫠🫠 ... 請問嘟嘟房側邊這一個空地是能夠停irent路邊隨還,
dcard,231368458,https://www.dcard.tw/f/vehicle/p/231368458,機車,請問不立中柱的人什麼意思..ＱＱ,國立臺灣師範大學,2019-05-26T14:52:02.885Z,,停車格、罰單,"ＱＱ 雖然台北市很難停機車不是一天兩天的事情 但是最近一連兩次跟著一排違停車停下去 被一排沒立中柱的車 斜一排 把我擠到停車格邊邊 以至於領到兩張罰單之後... 完全傷心欲絕（換算起來打工兩天都還不完的罰單） 在此呼籲機車騎士 不要不立中柱佔了人家一堆位置 刮壞人家的愛車 騎WeMo的捧油們 也不要不立中柱又讓安全帽接水啦
---
7a-d054-4038-b347-592c4f62f4d1/full.jpeg 最近突然覺得 是不是要把車賣了 畢竟繳罰單繳到懷疑人生 反正在北市共享一下也蠻方便的（不是有啥irent和WeMo嗎 自己平常也騎短程比較多 不知道成本效益如何","雖然台北市很難停機車不是一天兩天的事情
但是最近一連兩次跟著一排違停車停下去
被一排沒立中柱的車 斜一排 把我擠到停車格邊邊
以至於領到兩張罰單之後...
完全傷心欲絕（換算起來打工兩天都還不完的罰單）

在此呼籲機車騎士 不要不立中柱佔了人家一堆位置
刮壞人家的愛車
騎WeMo的捧油們
也不要不立中柱又讓安全帽接水啦...（共享要有公德心rrrrr）
不是特別要嗆只是剛好拍到XD想說下一個雨後租到的不就很傻眼.. 
https://megapx-assets.dcard.tw/images/59c3317a-d054-4038-b347-592c4f62f4d1/full.jpeg
最近突然覺得 是不是要把車賣了
畢竟繳罰單繳到懷疑人生
反正在北市共享一下也蠻方便的（不是有啥irent和WeMo嗎
自己平常也騎短程比較多 不知道成本效益如何",
dcard,240687125,https://www.dcard.tw/f/mood/p/240687125,心情,I牌黑心共享車                   有人有這樣經驗嗎？,didilin,2022-12-05T03:09:48.341Z,,停車格、罰款、罰單,"享車 有人有這樣經驗嗎？ 11/27 與 12/02 相隔不到一個禮拜停在同一個限時停車格 被拖吊場拖走 先說我違規該罰我也願意繳罰單費用 I公司寄了簡訊告訴我總計一台車費用是7980 我當場傻眼 我被拖了兩台不就15000+了嗎？ 立馬打去詢問 客服和我說 罰單費用1200+政府拖吊費1480+公司調度費3000+營業損失2300 我想請問一下什麼調度費要收到3000 你Ire
---
夠幫我折免一筆的調度費和營業損失 你這樣說折免就折免意思是不是其實根本可以算更少的或甚至不用 最後總共收了一張9180的罰款 我是覺得開車違規被拖吊罰單正確無誤 我也願意補償你們請人拖吊處理事情工本費 但你們收一次就比我兩張罰單加政府兩次拖吊費用還貴了這叫我怎麼服 I牌的收費標準我實在不敢恭維 我想請問有人遇過這種事嗎？ 合理懷疑irent 都用","11/27 與 12/02 相隔不到一個禮拜停在同一個限時停車格 被拖吊場拖走 先說我違規該罰我也願意繳罰單費用
I公司寄了簡訊告訴我總計一台車費用是7980 我當場傻眼 我被拖了兩台不就15000+了嗎？
立馬打去詢問 客服和我說
罰單費用1200+政府拖吊費1480+公司調度費3000+營業損失2300
我想請問一下什麼調度費要收到3000 
你Irent一天有幾台可以賺到2300元 應該按比例計費吧
後來跟他們吵了一陣子說能夠幫我折免一筆的調度費和營業損失 你這樣說折免就折免意思是不是其實根本可以算更少的或甚至不用 最後總共收了一張9180的罰款
 
我是覺得開車違規被拖吊罰單正確無誤 我也願意補償你們請人拖吊處理事情工本費 但你們收一次就比我兩張罰單加政府兩次拖吊費用還貴了這叫我怎麼服
I牌的收費標準我實在不敢恭維 我想請問有人遇過這種事嗎？ 合理懷疑irent 都用這種方式在賺錢",
dcard,240805495,https://www.dcard.tw/f/ndhu/p/240805495,東華大學,irent在東華的據點484沒有了🥲,國立東華大學,2022-12-19T23:28:36.947Z,,據點,irent在東華的據點484沒有了🥲 如圖🥲🥲🥲🥲 嗚嗚嗚太難過了吧,"如圖🥲🥲🥲🥲
嗚嗚嗚太難過了吧",
dcard,256467627,https://www.dcard.tw/f/travel/p/256467627,旅遊,#其他 出遊租車推薦！🚗,亞洲大學,2024-08-25T07:10:39.153Z,,據點,都不太一樣，在評估的時候順手整理了一下，提供目前比較知名的共享汽車品牌優惠跟優缺點，給大家參考～ 🚗iRent 優點：據點多車輛多、租還方式多 缺點：車況品質不一、車內有煙味垃圾 優惠活動：～8/31前，登錄App可領取優惠卷。平日最便宜11,"前陣子剛結束暑假的旅遊，因為是到台中玩安排了滿多行程的，所以跟男友討論之後我們是租共享車，才不用風吹日晒雨淋的！
因為共享車總類很多，每家的優惠跟特色都不太一樣，在評估的時候順手整理了一下，提供目前比較知名的共享汽車品牌優惠跟優缺點，給大家參考～

🚗iRent
優點：據點多車輛多、租還方式多
缺點：車況品質不一、車內有煙味垃圾
優惠活動：～8/31前，登錄App可領取優惠卷。平日最便宜115元/1小時。

🚗Uride
優勢：車況較新、車內整潔佳、價格優惠 
缺點：站點少、租還方式少
優惠：~8/31前，租車均一價平日88元/1小時

🚗go smart／Line go
＊因為Line go是跟格上配合，使用的車款狀況都差不多所以列一起～
優勢：車況及內部整潔佳、 租還方式多
缺點：車子較iRent少
優惠：～8/31前，首次開通送160元。平日最便宜108元/1小時。

個人認為
方便性：iRent ≒ go smart／Line go > Uride
車輛：iRent > go smart／Line go > Uride
車況：Uride ≒ go smart／Line go > iRent
最低價格：Uride > go smart／Line go > iRent

如果我要在北部租車會選擇Uride，但如果是南部行程租車會選擇go smart或Line go。
另外最近還發現用shopback首租line go有25%現金回饋，非首租也有8%回饋，疊加其他優惠真的滿多的，所以如果有租車需求又想省點錢的人，也可以考慮用導購平台疊加優惠！！
https://i.imgur.com/Q0LpRBJ.jpeg
https://i.imgur.com/V6Cb5PK.jpeg",
dcard,258636661,https://www.dcard.tw/f/travel/p/258636661,旅遊,#其他 新品牌狂冒，到底哪間租車最好用？,文藻外語大學,2025-04-24T09:03:46.324Z,,據點,#其他 新品牌狂冒，到底哪間租車最好用？ 優點： 費用親民，活動時段甚至比 iRent 便宜 ... 缺點： 到據點主要集中在北部，中南部比較難用到,"優點：
費用親民，活動時段甚至比 iRent 便宜 ... 缺點：
到據點主要集中在北部，中南部比較難用到",
dcard,229819117,https://www.dcard.tw/f/isu/p/229819117,義守大學,irent集氣?,義守大學,2018-10-09T15:56:19.800Z,,據點,irent集氣? 義守旁邊已經有irent了 ... 現在又看到校園集氣，不知道會不會再蓋一個據點?,義守旁邊已經有irent了 ... 現在又看到校園集氣，不知道會不會再蓋一個據點?,
dcard,255660847,https://www.dcard.tw/f/ncu/p/255660847,中央大學,跟著特種兵小隊體驗iRent｜Dcard官方合作,魚與鳥爪,2024-05-26T05:45:20.786Z,,還車、據點,/b4f2ec54-7d52-42d4-a874-acb87343de51/orig.jpeg 🚗輕鬆預約 iRent的據點分佈相當廣泛 有兩種模式可以選擇歐~ #同站租還 只要找到最近的iRent 據點 就可以提前在APP提前預約 不怕沒車開☺️ 對沒有交通工具的同學真的超方便! 也不用煩惱找不到停車位!!️ 開回原本的地方還車就OK囉！ #路邊租還 沒有限定租還車的地點 在路邊找到iRent🚗即可隨租隨用 還車時停回範圍內的白格 想載朋友到處趴趴走? iRent絕對是你的最佳首選٩(˃̶͈̀௰˂̶͈́)و 💗安心服務 #貼心,"今天特種兵小隊又要租iRent去探險了👀
我們來到中央大學附近的埔心牧場!!
農場好偏僻🥹又沒有交通工具
iRent 完全是我們的好夥伴
https://megapx-assets.dcard.tw/images/b4f2ec54-7d52-42d4-a874-acb87343de51/orig.jpeg
🚗輕鬆預約
iRent的據點分佈相當廣泛
有兩種模式可以選擇歐~

#同站租還
只要找到最近的iRent 據點
就可以提前在APP提前預約 不怕沒車開☺️
對沒有交通工具的同學真的超方便!
也不用煩惱找不到停車位!!️
開回原本的地方還車就OK囉！

#路邊租還
沒有限定租還車的地點
在路邊找到iRent🚗即可隨租隨用
還車時停回範圍內的白格

想載朋友到處趴趴走?
iRent絕對是你的最佳首選٩(˃̶͈̀௰˂̶͈́)و

💗安心服務 #貼心提醒~
每次上路都記得加購安心服務哦!
每小時只要少少的60元
就可以讓旅行更有保障
如果不小心發生擦撞
可以不用負擔這麼高額的賠償金!

想要探索更多有趣的景點嗎✨
只要打開iRent APP 輸入我的優惠碼「 ir3259719 」
即可獲得1張汽車+2張機車抵用券卷
是不是超賺!趕快加入iRent 獲得更多優惠
Go Go！🤩
https://megapx-assets.dcard.tw/images/7cc949cf-72cf-4169-81d3-775acd0d59ff/orig.jpeg",
dcard,255646582,https://www.dcard.tw/f/ncku/p/255646582,成功大學,你要讓iRent就這樣錯過嗎？| Dcard官方合作,臺南柯有倫,2024-05-24T12:56:42.429Z,,據點,你要讓iRent就這樣錯過嗎？| Dcard官方合作 因為iRent 🚗 的據點算是非 ... 分享我們使用iRent的心得，或是旅遊相關的好點,因為iRent 🚗 的據點算是非 ... 分享我們使用iRent的心得，或是旅遊相關的好點,
dcard,240775119,https://www.dcard.tw/f/car/p/240775119,汽車,關於irent租車費用問題（新手）,南部猴,2022-12-15T21:03:59.399Z,,據點,問題（新手） 我想詢問一下各位大大，本人住高雄，最近有想跟朋友一起去屏東出遊，打算是租irent，因為我看屏東那邊是沒有據點的，我的疑問是？ 1.假設我從高雄租車，開到屏東玩了半天，晚上再開回來高雄停車，這樣是可以的嗎？ 2.會不會產生什麼,"我想詢問一下各位大大，本人住高雄，最近有想跟朋友一起去屏東出遊，打算是租irent，因為我看屏東那邊是沒有據點的，我的疑問是？

1.假設我從高雄租車，開到屏東玩了半天，晚上再開回來高雄停車，這樣是可以的嗎？

2.會不會產生什麼費用呢？

3.請問要選同站租還、路邊租還哪個比較優惠呢？

謝謝各位，請勿鞭太大力！",
dcard,233025510,https://www.dcard.tw/f/travel/p/233025510,旅遊,花蓮租車問題 請益,華夏科技大學,2020-02-06T03:29:09.024Z,,據點,花蓮租車問題 請益 而花蓮也有IRENT的據點。 ... IRENT 很紅也很推,而花蓮也有IRENT的據點。 ... IRENT 很紅也很推,
dcard,258967665,https://www.dcard.tw/f/nuk/p/258967665,高雄大學,學校附近共享機車,國立高雄大學,2025-06-01T15:58:53.684Z,,據點,學校附近共享機車 irent都沒有據點 ... 楠梓、橋頭、岡山之類的地方好像go,irent都沒有據點 ... 楠梓、橋頭、岡山之類的地方好像go,
dcard,258047201,https://www.dcard.tw/f/persona_cuteeekanahei/p/258047201,個人看板,🚗 說走就走！5分鐘學會的 iRent 租車懶人包😎讓移動變超簡單！,Unaaa,2025-02-20T09:20:51.031Z,,據點,🚗 說走就走！5分鐘學會的 iRent 租車懶人包😎讓移動變超簡單！ 先來說說租iRent 的優點吧 ... ❣️全台據點超多,先來說說租iRent 的優點吧 ... ❣️全台據點超多,
dcard,259118759,https://www.dcard.tw/f/ccu/p/259118759,中正大學,iRent 優惠代碼期末推廣！,牧,2025-06-19T03:26:34.564Z,,據點,iRent 優惠代碼期末推廣！ 不想卡宿舍，就開上 iRent 出發🚗 ... 爆肝苦讀、法條筆記，連球場、鳳梨田都成據點🍍📚,不想卡宿舍，就開上 iRent 出發🚗 ... 爆肝苦讀、法條筆記，連球場、鳳梨田都成據點🍍📚,
dcard,255654147,https://www.dcard.tw/f/nccu/p/255654147,政治大學,#Dcard官方合作 從此我們不再是只能坐在副駕駛裡的人啦,Kent Ho,2024-05-25T10:00:29.837Z,,據點,#Dcard官方合作 從此我們不再是只能坐在副駕駛裡的人啦 只要找到附近的iRent據點 就可以隨租隨還 ... 只要找到附近的iRent據點 就可以隨租隨還,只要找到附近的iRent據點 就可以隨租隨還 ... 只要找到附近的iRent據點 就可以隨租隨還,
dcard,255639042,https://www.dcard.tw/f/funny/p/255639042,有趣,【Dcard官方合作】怎麼去玩風浪板？開iRent去準沒錯！,藤原豆腐店,2024-05-23T16:04:55.451Z,,據點,怎麼去玩風浪板？開iRent去準沒錯！ 心動不如馬上行動，快點下載iRent註冊會員 ... 而且我家旁邊就有同站租還的據點可以租車👍,心動不如馬上行動，快點下載iRent註冊會員 ... 而且我家旁邊就有同站租還的據點可以租車👍,
dcard,258047611,https://www.dcard.tw/f/travel/p/258047611,旅遊,#國內遊記 【豆腐開箱】安心出遊的好夥伴-iRent校園大使招募中,豆腐( ･᷄ὢ･᷅ ),2025-02-20T09:56:38.405Z,,據點,#國內遊記 【豆腐開箱】安心出遊的好夥伴-iRent校園大使招募中 因為iRent有著全台最多的租車據點 ... 只要點擊豆腐專屬連結下載iRent,因為iRent有著全台最多的租車據點 ... 只要點擊豆腐專屬連結下載iRent,
dcard,235205383,https://www.dcard.tw/f/talk/p/235205383,閒聊,黑特#iRent超糟體驗,朝陽科技大學,2021-01-20T11:52:07.295Z,,據點,一個反應，是否應該要有相對應的應變措施提供給當下或當日有租車需求的客戶 那位客服小姐告訴我，我可以直接前往高鐵站的租車據點進行租車的服務 我跟她說，那應該是她要幫我先跟該據點的同仁聯繫好並告知我當時發生的狀況，並且確保我有車可以租的到 這是我認為至少該有的應變方式吧 那位小姐並沒有正面回應我的,"事發至今一個月都尚未收到任何回覆
所以決定上來發文抒發一下
—————————————————
上個月中的週末因為要到南部參加好姐妹的婚禮，所以跟朋友打算搭高鐵再合租一台車順便來個小旅行

先生在行程前三週使用irent app下單租車
一直到行程前一週甚至兩天前都還有看到預訂成功的頁面
直到我們快下高鐵的前10分鐘因為app強制更新，更新後訂單就整個消失不見
無論是app/官網都找不到訂單，當下先生就立刻打給客服想要反應，但客服專線世界難打，官方line也根本形同虛設完全無人回應，經過一陣子終於通了的客服專線，給的回應竟然是：

更新遇到了異常，真的很抱歉，請你們自己想辦法租車
更新遇到了異常，真的很抱歉，請你們自己想辦法租車
更新遇到了異常，真的很抱歉，請你們自己想辦法租車

當下在旁邊聽的我完全傻眼，先生氣的把電話掛了
但我覺得因為系統異常應該要有應變措施吧，怎麼可以就這樣擺爛！
於是我自己再播回去，把遇到的情形再說一遍，這次的客服小姐有好一些，有告訴我們可以嘗試怎麼解決，但是這方式也依然沒有解決我們的問題

我再次心平氣和的告訴她
我覺得這是貴公司的疏失，並且也不只我一個反應，是否應該要有相對應的應變措施提供給當下或當日有租車需求的客戶

那位客服小姐告訴我，我可以直接前往高鐵站的租車據點進行租車的服務
我跟她說，那應該是她要幫我先跟該據點的同仁聯繫好並告知我當時發生的狀況，並且確保我有車可以租的到
這是我認為至少該有的應變方式吧
那位小姐並沒有正面回應我的說法，只告訴我，去高鐵站的門市就可以租到車了！ 我就心想算了，反正不管怎樣我勢必是會客訴了！

於是我們下了高鐵後就直接走去高鐵站內的門市，果然我又講整件事情再重頭敘述了一次又經過大概20分鐘才被帶去取車，完全是一波三折！

原本當天晚上就很想再打客服客訴，但忙著就想說先緩緩
沒想到隔天一早正在吃早餐的同時接到了一通自稱是他們客服同仁的來電，問了我整件事情的經過
重點來了，他講了兩點讓我覺得這通電話毫無意義
1.提供折價卷下次使用
請問有了這次經驗，假設你是我你還會再租嗎？
2.整件事情我已經講過三遍，我相信每通肯定都有進線的音檔
但是這位客服在最後竟然說會再請高階主管來電，並且要我再次敘述事件經過
身為一個有點素質的客服，不是我應該自己先將所有音檔都聽完再來回應我嗎..........

我聽到他這樣說真的是完全無語

從這通電話後，我就再也沒收到任何回覆了
期間我還有主動聯繫客服詢問進度
完全石沈大海..........
到今天整整一個月過去了一樣音訊全文

我真的不知道是不是我比較賽
第一次用app 租車就遇到這種傻眼的經驗
真的完全不會想再使用
也可能真的只是個案.......

實在太奇葩以至於我想來跟大家分享這樣特別的經驗

我前份工作也是客服，規定7天內就要回覆客人
超過一天就要寫疏失報告的........

總之謝謝大家看完如次長篇的抱怨文
也歡迎大家分享有使用過的經驗
拜託讓我知道我不孤單😭😭😭😭",
dcard,258084400,https://www.dcard.tw/f/travel/p/258084400,旅遊,#國內遊記 🚀 用 iRent 機車，輕鬆探索仙跡岩 📸 iRent 校園大使招募中,張創晃 Lucas,2025-02-24T05:54:59.026Z,,據點,#國內遊記 🚀 用 iRent 機車，輕鬆探索仙跡岩 📸 iRent 校園大使招募中 iRent機車有路邊及同站據點的服務 ... iRent 的機車（畢竟它車輛數最多）,iRent機車有路邊及同站據點的服務 ... iRent 的機車（畢竟它車輛數最多）,
dcard,260866335,https://www.dcard.tw/f/travel/p/260866335,旅遊,#其他 從跨年PTSD到租車自由🚙,國立雲林科技大學,2026-02-13T01:23:17.685Z,,據點,#其他 從跨年PTSD到租車自由🚙 久了也就最常用irent，據點很密 ... 另個彈性的點,久了也就最常用irent，據點很密 ... 另個彈性的點,
dcard,255941473,https://www.dcard.tw/f/car/p/255941473,汽車,irent賠償問題,國立臺北護理健康大學,2024-06-24T13:24:53.662Z,,拍照,有保安心險情況下在對方車損50萬以下都是付1萬自付額+營損就好了嗎? 4.租車前就算車上有刮痕或撞擊痕跡也沒關係只要先拍照上傳就好了嗎? 主要還是想理解在有保安心服務險的情況下萬一車禍保險公司事後會對租車者代位求償嗎，如果會的話那這些保,"各位帥哥美女大家好，這篇文章問題可能有點多，因為我在網路上真的看到太多不同的答案了所以上來請教大家，因小弟出社會後就住在外縣市沒有跟家裡住因此開車機會不多，但開車都非常小心，近期有可能會用到車想詢問一下irent目前的機制。

目前知道irent的車有保車體險和第三人財損50萬，以及還有一個安心服務保險，看起來應該是車禍後自付額最高一萬+營損。

1.想請問一下在有保安心服務的情況下，萬一行車不慎與對方發生車禍，假設肇責是我方7對方3   對方的財損是不管肇責比例irent的保險會全部負擔嗎?然後我只要負擔最高自付額一萬+營業損失用天數計算這樣嗎?  承租者會有被保險公司代位求償的問題嗎?

2.另外想請教一下 網路上還有人把irent的車自撞甚至到全損.... 這如果有保安心服務那他的賠償金額是怎麼算的，還是付一萬+營損那麼簡單嗎? 應該不太可能吧 ptt上有人說保險會先賠，然後保險公司會代位求償所以肇事者還是要賠錢到底會不會? 如果會的話那對於消費者來說這條車體險不是沒任何意義嗎?

3.所以irent的邏輯是不管自撞還是和別人發生車禍在有保安心險情況下在對方車損50萬以下都是付1萬自付額+營損就好了嗎?

4.租車前就算車上有刮痕或撞擊痕跡也沒關係只要先拍照上傳就好了嗎?

 
主要還是想理解在有保安心服務險的情況下萬一車禍保險公司事後會對租車者代位求償嗎，如果會的話那這些保險對於消費者來說不就有跟沒有一樣了?

問題有點多也有點白痴，再麻煩大家解答 謝謝!",
dcard,242014778,https://www.dcard.tw/f/car/p/242014778,汽車,Irent打電話來求償,文藻外語大學,2023-05-13T10:08:48.585Z,,拍照,Irent打電話來求償 irent公司通知說保險桿有損傷要求賠償 ... 4/3租車時，使用前後皆有拍照至系統,irent公司通知說保險桿有損傷要求賠償 ... 4/3租車時，使用前後皆有拍照至系統,
ptt,M.1780132187.A.673,https://www.ptt.cc/bbs/car/M.1780132187.A.673.html,car,[問題] irent油車停在充電車位,a9202507 (先認真的就輸了。),Sat May 30 17:09:45 2026,,扣款、罰單,"[問題] irent油車停在充電車位 如題 車前被貼單子了 表示停車不合規定 好奇的是 如果真的開罰單的話 租車的人要付多少錢 https://i.verb.tw/8VoCekAw.jpg thigefe: 為所欲為
---
911: ^今天 nbarepeat: 為所欲為 Swave: 警告單而已，沒事沒事 Justinchen: 直接信用卡扣款+手續費 很方便的 Rhiner18: 為所欲為號 smile521688: 為所欲為 superpie007: 以後充
---
開單另外罰的單據會寄到承 kabukiryu: 租人家裡另外再繳。 kabukiryu: irent未依規定停放3千元+罰單錢 hancash: https://i.verb.tw/QejvozXo.jpg hancash: 純粹是駕駛懶而已","如題

車前被貼單子了 表示停車不合規定

好奇的是 如果真的開罰單的話

租車的人要付多少錢

https://i.verb.tw/8VoCekAw.jpg","thigefe: 為所欲為
orange7986: https://i.meee.com.tw/hM97SEF.jpg
OldWang911: 晚餐吃三寶飯
OldWang911: ^今天
nbarepeat: 為所欲為
Swave: 警告單而已，沒事沒事
Justinchen: 直接信用卡扣款+手續費 很方便的
Rhiner18: 為所欲為號
smile521688: 為所欲為
superpie007: 以後充電車位將停滿RAV4
tn00210585: 油車身，電車心，請發揮 DEI 精神
MIKE44: 也許卡費本來就不繳無所謂
a187: 自我認同電車你敢嘴
hypoge: 為所欲為
kutkin: 你要看那是不是合約停車場
hancash: 哪個奧客啊？連非電車的停車位都懶得找
kabukiryu: irent好像會先罰3千? 被警察開單另外罰的單據會寄到承
kabukiryu: 租人家裡另外再繳。
kabukiryu: irent未依規定停放3千元+罰單錢
hancash: https://i.verb.tw/QejvozXo.jpg
hancash: 純粹是駕駛懶而已
dppdick: 等他被罰後，以後就會學乖了
yunf: 假日駕駛
yunf: 不是大學生就是三寶不然就是江湖跑路那種
zipupup: 應該是連規則都不看想要惡搞租車公司的三寶或89吧
supeedada123: 應該是低端電黑故意的吧
liutino: 千萬不要是因未租的車就隨便，自己的車怎麼開，別人的車
liutino: 就怎麼開，如果有罰錢的話，租車公司都是會跟租車人收的
bananazhu: 同意樓上 就是應該這樣 亂停在非合作停車場的也是 租
bananazhu: 車公司應該都要嚴懲 免得這些害群之馬影響到別人"
ptt,M.1770392579.A.172,https://www.ptt.cc/bbs/car/M.1770392579.A.172.html,car,[閒聊] 原來irent 租車這樣玩？,touyuan (今天左手陪我),Fri Feb  6 23:42:57 2026,,還車、拍照、停車格,"怕傷車，花了一萬元包九人座上去玩 結果看人租 irent，完全不心痛，油門大力催下去 真像戰車 OldWang911: 還車的時候 不會被刁嗎？ 看過很多租車爭議，都是車 OldWang911: 行動輒只要有個小刮傷，就要你賠修車費(美容) t
---
較低 yCl0612: 17F大大：沒有哦 現在CC和Altis hybrid有路邊租還了（可 yCl0612: 以路邊停車格） 整個北區都能還 我猜大家看是新的又比較 yCl0612: 貴 多少會小心開哈哈 pleasepo: 怕傷車？？？ linkmusic: irent 似乎會在發現時把累積的新舊傷賴到某個正好拍照 linkmusic: 不夠確實的苦主身上，看過很多爭議文章，賠一次就飽了 linkmusic: 。 Aixtron:
---
票跑去當地 Aixtron: 和牠灰，這和低不低能沒關係，我也沒有這樣說喔！我每次 Aixtron: 能保的都保足保滿，還車時，國內國外都懶得理我，我說不 Aixtron: 看看，對方都說有全險！被栽贓的幾次都是假日還車，叫我 Aixtron: 開去特約停車場，然後就會出怪手，要不然租車業只賺租車 Aixtron: 費？ Aixtron:
---
自助時，我覺得還 Aixtron: 是會和國外一樣？ Aixtron: 國外怪手才多，假日自己寫去特約停車場，然後說我晚還車 Aixtron: ，沒到營業所還車，要再收移置費，一共一百多歐，我都碰 Aixtron: 過！ Aixtron: 國外租車說有多黑就有多黑，譬如租S家的，
---
約停車場的地圖，叫您 Aixtron: 自己去停，鑰匙和停車券丟箱裡，然後回國後，各種費用都 Aixtron: 跑出來，拍照也沒屁用，就和牠說有全險，貼租車附全險的 Aixtron: 單給牠，牠就知道這不是冤大頭，租車公司靠租車賺錢，我 Aix
---
算自撞也得當下有發現並且報警拿受理單才能出險 linkmusic: 。就有看過租irent 跑高速公路感覺有壓到異物結果還車 linkmusic: 後收到底盤壞了的高額帳單經驗文，這種就不明車損保到 linkmusic: 滿也不理賠，而且租車公
---
錄 zipupup: 反正各位覺得租車可以跑越野的就自求多福吧，搞不好上一 zipupup: 個跟你一樣去跑越野的等到你還車時直接加到你身上 kutkin: 還有看過擦傷自己點漆的 kutkin: 我那時候想如果沒點出來 算我的還是算他的 ku","上司馬庫斯後半段山路水泥路段滿傷避震跟底盤
怕傷車，花了一萬元包九人座上去玩
結果看人租 irent，完全不心痛，油門大力催下去
真像戰車","OldWang911: 還車的時候 不會被刁嗎？ 看過很多租車爭議，都是車
OldWang911: 行動輒只要有個小刮傷，就要你賠修車費(美容)
touyuan: irent很多路邊租還沒人檢查
lonelytalk: 一次失誤就知道痛了
escortning: Irent大部分都vios/yaris，真的去操山路拉轉 很危險
features: 遠離irent 珍惜生命都是真的
QuentinHu: ？這是什麼新發現嗎
joiedevivre: Jeremy Clarkson: 世界最快的車不是跑車 是租來的車
kutkin: irent沒有要求拍底盤跟內裝
kutkin: irent小傷會收錢但累積一起修
kutkin: 差別只是你要付費買保險還是撞了再賠
hunchisin: 不是每天跑的話這樣開真的一次就壞嗎？
final01: 你這個傷到賠更多吧？
yCl0612: 目前雙北路邊租下來看外觀上PriusC大概沒人鳥了 要多慘
yCl0612: 有多慘 Fit和Vios好一點點傷痕不到太多 CC和最新的Alti
yCl0612: s hybrid我幾乎沒拍到傷痕過
yulbin98: CC跟Altis第一比較貴、第二要固定站歸還，所以流動率/使
yulbin98: 用率較低
yCl0612: 17F大大：沒有哦 現在CC和Altis hybrid有路邊租還了（可
yCl0612: 以路邊停車格） 整個北區都能還 我猜大家看是新的又比較
yCl0612: 貴 多少會小心開哈哈
pleasepo: 怕傷車？？？
linkmusic: irent 似乎會在發現時把累積的新舊傷賴到某個正好拍照
linkmusic: 不夠確實的苦主身上，看過很多爭議文章，賠一次就飽了
linkmusic: 。
Aixtron: 沒租過，但以我國內外租過很多次的經驗，保全部的險，幾
Aixtron: 乎都懶得理您！有爭議的多是只保基本甚至不保的，保全險
Aixtron: 還是產險賠，產險雖是同集團的，但可不是吃素的，沒錢保
Aixtron: 險就不要租車了！
Aixtron: 我想irent安心險保下去就沒事，那一小時50也要省，那....
Aixtron: ....
AirCondition: 車他媽紙糊的是嗎？
AirCondition: 保險就是個風險轉嫁，講得有保就很高尚，沒保就低
AirCondition: 能兒大可不必
kutkin: 有保險賠太多還是會被停權
kutkin: 之前網友是說大概10萬以上
kutkin: irent比較詬病的還是該給的倒車顯影等沒標配
kutkin: 這我也覺得是一種風險轉嫁 哈
Aixtron: 是不是歪樓了，我是說租車不保險這件事！莫非真有人租車
Aixtron: 不保險？
kutkin: 有喔，所以和雲一堆支付命令
Aixtron: 租車不保全險，本來就很容易被栽贓！而且不是台灣而已！
Aixtron: 國外就被通知過好幾次，叫我出錢，我就給牠看我有保全險
Aixtron: ，叫牠自己去處理後續，牠馬上說沒事搞錯了，這都還是國
Aixtron: 際的大公司喔！牠就賭您不可能為這件事，買機票跑去當地
Aixtron: 和牠灰，這和低不低能沒關係，我也沒有這樣說喔！我每次
Aixtron: 能保的都保足保滿，還車時，國內國外都懶得理我，我說不
Aixtron: 看看，對方都說有全險！被栽贓的幾次都是假日還車，叫我
Aixtron: 開去特約停車場，然後就會出怪手，要不然租車業只賺租車
Aixtron: 費？
Aixtron: 國內是沒碰到過！但將來人工貴到假日要自助時，我覺得還
Aixtron: 是會和國外一樣？
Aixtron: 國外怪手才多，假日自己寫去特約停車場，然後說我晚還車
Aixtron: ，沒到營業所還車，要再收移置費，一共一百多歐，我都碰
Aixtron: 過！
Aixtron: 國外租車說有多黑就有多黑，譬如租S家的，您去S家，就看H
Aixtron: 家的把鑰匙交給S家，S家把鑰匙上的識別環，從H換成S，然
Aixtron: 後叫您去特約停車場自己去找，還不陪您去，叫您自己開走
Aixtron: ，開到另一國，假日就在門口貼張特約停車場的地圖，叫您
Aixtron: 自己去停，鑰匙和停車券丟箱裡，然後回國後，各種費用都
Aixtron: 跑出來，拍照也沒屁用，就和牠說有全險，貼租車附全險的
Aixtron: 單給牠，牠就知道這不是冤大頭，租車公司靠租車賺錢，我
Aixtron: 三十年前就知道不可能！保費就一定要算在租車成本裡的！
TSUBO: 就你台灣無腦覺得這樣開會有問題
linkmusic: 台灣租車公司沒有在保不明車損，就算保到滿，以irent
linkmusic: 來說就算自撞也得當下有發現並且報警拿受理單才能出險
linkmusic: 。就有看過租irent 跑高速公路感覺有壓到異物結果還車
linkmusic: 後收到底盤壞了的高額帳單經驗文，這種就不明車損保到
linkmusic: 滿也不理賠，而且租車公司還給你加計營損，賠個幾次說
linkmusic: 不定都可以買二手車了。
kutkin: 所以怎樣都要弄到筆錄
zipupup: 反正各位覺得租車可以跑越野的就自求多福吧，搞不好上一
zipupup: 個跟你一樣去跑越野的等到你還車時直接加到你身上
kutkin: 還有看過擦傷自己點漆的
kutkin: 我那時候想如果沒點出來 算我的還是算他的
kutkin: 畢竟晚上照片看看不太出來
kutkin: 事後是沒有人跟我灰啦
Aixtron: 保全險，不是說不賠！很多就是有自負額！出事賠償，天經
Aixtron: 地義！我說的是您保全險，就不會給您出怪手！明明沒出事
Aixtron: ，還要您再出一大筆！
nilotafty: 租來的車油門踩穿
pocket1414: irent不都是vios ??!!這麼操
c856181002: 不是自己的車，當然沒在怕
c856181002: 只是後面如果出現爭議，就會開始哭說不是自己的問題
appleball200: 推上面租車分享"
ptt,M.1765201069.A.1BC,https://www.ptt.cc/bbs/car/M.1765201069.A.1BC.html,car,[新聞] 台北共享汽車iRent私人停車場暴衝釀禍！,touyuan (今天左手陪我),Mon Dec  8 21:37:37 2025,,停車格,2008: 我還真的在客戶停車場遇過，一個女生開irent prius c zstan2008: 來洽公，倒車一直倒不進停車格，一直喬來喬去，後來守 zstan2008: 衛看不過去，請我去幫她倒車... Feriohan: 這台其實是GR版的吧,"[新聞](需檢附來源)
台北共享汽車iRent私人停車場暴衝釀禍！驚險畫面瘋傳
https://is.gd/pTwowJ
台北市松山區寧安街某停車場發生iRent暴衝事故，一輛白色iRent共享汽車欲駛進停車場時
不明原因失控暴衝，撞爛停車場出入的柵欄，多輛機車受到波及，驚悚畫面在網路上瘋傳，
網友直呼「珍惜生命，遠離iRent」。

民眾在臉書「爆料公社」PO出停車場監視器畫面，白色的iRent高速衝進地下停車場，直接
撞飛進場柵欄，甚至連基座也被撞到變形，隨後車輛仍持續爆衝到機車停放區，導致多輛機
車慘遭撞及。


附註/心得/說明
新聞內有影片連結

我停車都會看前後左右有沒有iRent？
開車也都會前後左右有沒有iRent？
「珍惜生命，遠離iRent」沒有最誇張只有更誇張？","kkevil: 上次翻車 這次起飛 下次？
TCdogmeat: 道路工程要怎麼改善呢
s155260: 亂源
CharleneTsai: 還好沒撞到人
alfi2016: 飛車iRent
OldWang911: 萬轉小鴨後繼有人了
liquidgroove: 問就是單腳開的 把油門當煞車踩
lovemaygen: 停車絕不停在irent旁
CBR650F: 珍惜生命 遠離iRent
ujmrfv: 一定又是抬腳切換殺人煞車油門踩法
simon978: 每次都說暴衝啦 呵呵
Rudolph0726: 一言不合就衝撞機器
Henghengpig: 會爆衝的應該拿殘障手冊才對
j811032: 遇過兩台蛇行跟逆向的irent，從此遠離
ctes940008: iRent
poi36926: irent日常的冰山一角而已
moonking3599: 以後下地下室停車 後面跟著iRent不就在賭運氣
zstan2008: 我還真的在客戶停車場遇過，一個女生開irent prius c
zstan2008: 來洽公，倒車一直倒不進停車格，一直喬來喬去，後來守
zstan2008: 衛看不過去，請我去幫她倒車...
Feriohan: 這台其實是GR版的吧，租到賺到！
westmoney: 飛天小車車
jackbauer10: toyota還是適合停在原位就好 嘻嘻
yunf: 其實多半是血糖不穩定
yunf: 這是毒駕吧
yunf: 太不合常理了
tn00210585: GR版 XDD
jay0811:  租車公司用妥善率好的Toyota很正常，有問題的是開車的
jay0811: 人吧
preisner: 那上次costco內暴衝的也是iRent嗎? 人的問題怪租車公司?
smallpig02: 這台車會飛xd
frank111: 哇~這車會飛
jackbauer10: 484開toyota的人der問題
neil25: 踩著煞車 進場取代幣 這種動作相對危險
maniaque: 駕駛:我平常都是開IDF教練機降落的
cool696061: 珍惜生命 遠離irent
wich520: 三寶的極限就是無極限...
kssdpp222: 珍惜生命 遠離iRent
onepiecefan: 珍惜生命 遠離irent
dododododora: 展示iRent營收來源
cf904e18: 只能說看到irent 遠離就對了
Lowpapa: 品牌正確
iNicholas: 珍惜生命 遠離irent
lizardc1: 租車人賠死 哈哈
SuHoNdA: 有時候到外地我也會組irent，但真心看不懂怎麼會有人把
SuHoNdA: 車開成這樣...
BioWu: 這GP版吧，炫風衝鋒龍捲風
wayneshih: 怎麼人家的車比較好玩
yoman: 我月租在這，這個停車場是車牌辨識，可能開快點就辨識不到
yoman: 了
SamWhite: 會爆衝的是雙腳開居多吧"
ptt,M.1752764408.A.A79,https://www.ptt.cc/bbs/car/M.1752764408.A.A79.html,car,[閒聊] 覺得iRent前側窗隔熱紙太黑 晚上看不清楚,HMKRL (はみ),Thu Jul 17 23:00:06 2025,,停車格,會嘴空間小 ciswww: K Car長度必須小於3.4，什麼長達4公尺的Prius c都太大了 ciswww: 實際上停車格長度有5公尺以上，車變小其實沒什麼幫助 ciswww: 反而因為車高比太高，SUV能停的K CAR反而不能停 nicho,"最近才剛去考了駕照回來，偶爾會租個iRent去大賣場補貨或純兜風練車

白天沒什麼問題，但一到晚上就覺得左右兩側窗戶有夠黑

看不清後方實在不太安心，最後乾脆天黑了就都開著窗戶開車

偏偏用車需求幾乎沒有所以也不考慮自己買車再貼比較淺的

不知道 iRent 貼的程度跟之後法規準備規範的比起來誰比較暗?

路上有時候看到貼更黑的車都懷疑晚上真的看的到東西嗎 = =?


之前去日本租過 K-car(大發Tanto)來開，覺得車夠高完全不壓迫+窗戶很透視野有夠好

車寬又窄開起來很輕鬆，要是台灣有這種小車我可能會想買來取代機車XD

iRent 租到的小車不管是 Yaris 還是 Swift 我都還是覺得好大台

難道高頂小車在台灣真的沒市場?","mopepe5566: 我超愛kcar車型，台灣都不進
mopepe5566: 而且台灣人，很愛嘴開小車的
mopepe5566: 之前借同事的小車開，發現蠻爽的
mopepe5566: 然後客戶跟朋友就問，我是不是缺錢了
mopepe5566: 一個大男人開這種小車
gn00152097: 台灣你可以選Ignis才3.7m
gn00152097: Kia Picanto我記得也不到3.6m
gn00152097: 跟你說的大發Tanto車長應該沒差太多
occw0721: 貪財、怕死、愛面子的台灣人怎麼可以開小車
s920355: 台灣人被洗腦買大不買小阿
w840122: 有3折特價勉強用囉
gn00152097: 其實也不是買大不買小 是因為停車位太難找了
gn00152097: 如果我可以有兩個停車位 我就買一大一小阿
computerqqq: 是真的很黑。
ckzzz: 現在講貪財怕死愛面子不買小車
ckzzz: 等真的在討論小車時，酸仔又會嘴空間小
ciswww: K Car長度必須小於3.4，什麼長達4公尺的Prius c都太大了
ciswww: 實際上停車格長度有5公尺以上，車變小其實沒什麼幫助
ciswww: 反而因為車高比太高，SUV能停的K CAR反而不能停
nicholassys: 租到沒倒車顯影的 完全不會停
Dcpp2015: 看不清楚就只能降車窗了，總比去A到賠錢好。
Dcpp2015: Yaris、Swift其實算小台了。
Dcpp2015: 車長不到4公尺對臺灣來說算小車了。
Dcpp2015: 臺灣一堆機械車位都限高，k car 這種高頂小車要賣給誰
Dcpp2015: ？？？
Dcpp2015: 連SUV 都停不了，更不要說車高比他還高的k car。
Dcpp2015: 日本k car是因為有車價、稅金優勢才賣得動。
Dcpp2015: 這兩點在臺灣完全不具備，日本三四十萬的車進來臺灣就
Dcpp2015: 是賣六十幾，六十幾萬的k car會有人買？？
Anyotw: 沒科技就不會停的，記得直接下車肉眼看。丟臉總比撞到好
ksk0516: irent大概就車廠業務素質貼便宜紙吧
wjes30325: irent前檔和側窗 我也覺得差異太大 開習慣透的車 偶爾
wjes30325: 開一次黑的車真的很不習慣 日本不管什麼車都是70%呀
Linnsen: 現在地停多比以前好停 真的預算夠都買休旅無誤
Linnsen: 以前都只能市區路邊停車時代 沒屁股小車MARCH超賣
ultratimes: 對了，希望隔熱紙太黑的處罰是罰駕駛
ultratimes: 車太黑可選擇不要租，而不是怪業者
hondasho: #1eSEwGWO (car) 用低透光促銷的能期待什麼www
blackkeys: https://i.imgur.com/mhCoDkM.jpeg
lisanick: K car醜翻 一定賣不好啊
rax1010: 上次租到一台車內煙味超臭，又黑到看不到，直接開車窗了
hank12332: 超黑的啊，看得很吃力
TomChu: 同感"
ptt,M.1739692653.A.90B,https://www.ptt.cc/bbs/car/M.1739692653.A.90B.html,car,[閒聊] 為什麼大家都說格上最便宜，irent最貴?,Ohtani0510 (Ohtani),Sun Feb 16 15:57:31 2025,,還車,"高級車種較多 manorange610: 格上要去蝦皮買旅展券1200 manorange610: 之前格上沒收里程費 還車把油補滿即可 manorange610: 是後來才跟進iRent的玩法 manorange610: iRent強在短程租
---
時數最低一小時才99 anc68003: 個人比較喜歡Irent ，現在共享的價格沒有差異太大，租 anc68003: 還車方便最重要 PTTTTB: 怎麼不租Uride，他們家應該是目前最便宜的 QQOQQO: uride的車況跟價錢都比ir","我先說我講的是iRent、格上GoSmart、Zipcar這三款租車app
其他平台或其他app我沒用過我不清楚


看很多人(這個很多包含ptt跟YT下面留言)都說格上最便宜，irent最貴


我剛剛很認真去查了一下費率計算
格上有分ABCD四種等級，A級最便宜 D級最貴


Irent是用車款來分



以我租格上的經驗來說，車款最多的是Nissan Kicks，大部分站點都有這台
這台在格上的分級是B級車


B級車他們平日租車是1個小時128 假日1個小時196


然後irent我抓最常見的Yaris跟PriusC
這個等級的車，irent是平日118 假日是175



這樣算起來的話雖然差別不大，但其實irent反而比較便宜吧



況且就算我把格上算最便宜的A級來算的話
變成平日112 假日168
是有比irent便宜一些啦，但這差別真的很小吧



所以不太懂為什麼大家都覺得irent最貴




應該說我自己兩個app都用過，我是覺得irent最大的問題不是在價錢
而是在於車子的清潔程度以及車子的新舊程度吧



我自己感覺irent都是用一些很老舊的Toyota車
我記得有一次跑去開山路，那個馬力真的是廢到笑
然後乾淨程度我看版友也有提過就不多說了


反觀格上租車，基本上車子都很乾淨之外，而且車子感覺也比較新
沒有像irent那麼老舊
然後還有一些小缺點是irent沒有手機架，以及沒有倒車影像




其實不論價錢的話肯定是選格上啦，理由就像剛才說的
irent最大優點大概就是站點真的很多比較方便



只是單純不太懂為什麼很多人都說irent最貴，我覺得irent的缺點不在於價錢阿哈哈","Anyotw: 格上有破車的選擇
zo6596001: 你忘了算里程費的差異，格上的日租里程費比irent低一
zo6596001: 些
zo6596001: 不過短程幾乎沒差，長程差幾百塊而已。
n74042300: 格上優
sm981512: 差別不大 里程都變貴
Xixiaofan: 中租：？
onlydawei: 比完格上A級車還是比irent最便宜的Yaris便宜，irent價
onlydawei: 格就是貴一點吧
kutkin: 格上以前有84塊的 colt plus 那時irent最低110
kutkin: 同一樓的說法 但現在格上也把舊車刪掉
kutkin: 所以現在是沒什麼差別
buddy1225: 我都租愛旺 車況很好 促銷也多
Killercat: 理論上最貴的應該是ZipCar吧 高級車種較多
manorange610: 格上要去蝦皮買旅展券1200
manorange610: 之前格上沒收里程費 還車把油補滿即可
manorange610: 是後來才跟進iRent的玩法
manorange610: iRent強在短程租很彈性
manorange610: 不過車況真的很不穩定…
xxctsd: 格上Snetra可接carplay就比iRentCC有價值多了
Morphee: 以前Avis才爽，雙b野馬audi有時候租一天只要300或999或19
Morphee: 99，甲租乙還。
Anyotw: 同級車差不多，格上那個2017甚至2013的吼…日租月租還是有
Anyotw: 便宜破車可以選啦
aa0968: iRentCC也有Carplay阿= =
guanhualee3: 推小馬
eltonchung: 格上的Sentra有Apple Carplay和倒車顯影
andy0121: Line go跟格上配合 使用體驗還不錯 和運越來越普
chingyun8245: irent點多方便啊，我要去遠一點或長程就日租就好
chingyun8245: 門市日租常常也有額外折扣，車況好很多
mocc: Zipcar才貴好不好 我租一套收我38k
hilemon: 格上至少會讓你知道清潔完成 irent租過很髒的
ISNAKEI: iRent租車前都要在車窗外看裡面看半天才租
skyhomeer: 其實還有更便宜的Uride，不過目前站點不多就是了
rex0923g: irent也可以買優惠時數啊
harryw: irent可以付訂閱費，平日CC以下時租都是99
stevenbilly: 有吧？！我租了幾次irent 車上有手機支架啊
gueila: irent站點多 而且平日的時數最低一小時才99
anc68003: 個人比較喜歡Irent ，現在共享的價格沒有差異太大，租
anc68003: 還車方便最重要
PTTTTB: 怎麼不租Uride，他們家應該是目前最便宜的
QQOQQO: uride的車況跟價錢都比irent好太多了
asdf201027: IRent這兩年感覺都只有很破的小鴨可以開，剛出來的時
asdf201027: 候都是新PC ，感覺costdown嚴重
Kangarooo: 我都租uride誒 app可以看到車內狀況 體驗起來還不錯"
ptt,M.1729586318.A.F7C,https://www.ptt.cc/bbs/car/M.1729586318.A.F7C.html,car,[新聞] Toyota bZ4X開放iRent會員預約！,david841015 (Wayne),Tue Oct 22 16:38:34 2024,,還車,責200 kevin8847: 推個 但不能用折抵券XD j198811: 壓錯寶只好丟給irent了 nedbob: 還車還要先去充電才能還嗎？還是只能去可充電的還車點 nobodywang: 好像只有濱江能租到 nedbob: 油車不足1/4就拿加油卡去加油，那電車電力不足要慢慢充?,"新聞連結：
https://racingcharger.tw/?p=51346

新聞內容：
iRent致力推動綠色生活圈，即日起於同站租還進駐首台純電車Toyota bZ4X，同時為慶祝
第一台電動車到站，11月15日前平日租Toyota bZ4X達2小時（含）以上，即可享有租車週
週送汽車30分鐘折抵券的好禮。

心得：
bz4X從輪子噴飛的事件之後好像就徹底冷掉了，路上也沒看幾台，這車就是續航力差了點，
不然應該是滿有競爭力的","ninnyshadow: 應該是打算慢慢把賣不掉的那批車轉成iRent了??
Roger37: 不錯啊 給更多想接觸電車的人更低的門檻體驗一下
NTHUlagka: 改成iRent可以試試看欸
cafb2720: 沒開過電車 想租
tonybk: 夭壽喔！一個小時不就500，安心免責200
kevin8847: 推個 但不能用折抵券XD
j198811: 壓錯寶只好丟給irent了
nedbob: 還車還要先去充電才能還嗎？還是只能去可充電的還車點
nobodywang: 好像只有濱江能租到
nedbob: 油車不足1/4就拿加油卡去加油，那電車電力不足要慢慢充?
im33024: irent垃圾app誰要用
skthree: 一堆庫存，看來要往irent丟了
TurtleGods: 只有濱江租得到
kevin8847: 幫各位租了 等等來去開看看
kutkin: 平：280 假：380 安心服務：90
kutkin: 名字本身就不好唸
kutkin: 感覺像是摩托車的命名法
ShaNe1993: 競爭在哪？ 每一個東西可以跟同級車比的欸 空間動
ShaNe1993: 力續航被動安全全輸 比潮連nissan ariya都不如
acesslai: 路上被撞一台少一台？！
dslite: 71度電賣155萬還行吧
biggood20708: 400多續航算低嗎？
andy0121: 充電也是免費嗎？
kutkin: 會收里程費
SimACC: 根本就半成品…
QuentinHu: 這樣也可以上新聞喔 笑死欸
QuentinHu: 很多地方都能租特斯拉了 也沒上新聞阿
autoexecbat: 乾脆開放Supra 給里程高的租打廣告
chiayohowma: 驗證碼
AMSTERDAM14: 座椅沒通風、沒記憶，確定是續航的問題？
RC8377: 等irent可以租supra
siegfriedlin: bz4x外型很漂亮耶！
Morphee: 各位週末我要來車陣了
seemoon2000: 其實這些都轉iRent也不錯 可以讓他們體驗開起來感受
sazabik: 看得出來這台的競爭力在哪裡？說價格沒價格，說科技沒科
sazabik: 技，說里程沒里程，說功能沒功能。就是浪費人類資源的一
sazabik: 台工業垃圾。
supereva: bZ4X的文  電黑都會消失  呵呵   電黑=toyota粉
dynamo: 可惜irent沒P5
sorkayi: 覺得這台 不貴 大家都跑去model y
dgreen: 上次降18萬50台還清不完?當初搶預購的人都變大盤子了
ohlong: 這台拿來癱瘓充電站用的 充超久"
ptt,M.1717506115.A.972,https://www.ptt.cc/bbs/car/M.1717506115.A.972.html,car,[閒聊] 新手用IRent練車適合嗎,nO25948 (小柴柴),Tue Jun  4 21:01:53 2024,,還車,imgur.com/yarSuIP.jpeg kutkin: 沒有不行，只是自己有車何必去租irent kutkin: 還車都要擔心這種沒檢查到的傷痕 dppdick: 買台5萬內的二手車，又能練又能開 russell719: 可以 kutki,"最近想要開始練車

等幾個月後買第一台車（考慮Venue

因為汽車駕照是學生時代考的

加上家裡沒車 所以一直沒機會開

出社會大家都很忙

也不太好意思請有車的朋友花時間陪

想詢問如果用深夜時段租IRent練車合適嗎

會保安心險","a20350567: 記得保保險
n946: 合適阿
kutkin: 不適合....沒有環景跟倒車顯影
kutkin: 你深夜開是沒差 但 這練不到什麼
kutkin: 大概就可以練習走國道跟山路
steve81429: 可以，但我覺得練大車會比較好
kutkin: 而且撞太多的話 有保險你一樣會被黑單
lizardc1: 原來這就是租車市場最大客群嗎
ice1015: 可以 有在開一定比完全都沒在開好 開完後要自我檢討復盤
ice1015:  剛剛那裡不好 下次可改進什麼 自己要有個底 一小時幾十
ice1015: 塊的安心險保
kutkin: 而且你自己要買車 為啥還要花錢租
kutkin: 全部費用一小時大概也要200 50小時10000
nO25948: 我想說先練好 會比較有信心試駕
kutkin: 你去借一台有環景的比較好
sm981512: 很適合吧 深夜時段瘋子特別瘋
alex00089: 練手感還好吧？
eulbos: 以前開IGNIS半夜在山路遇過IRent練車的XD
hirofumisyo: 適合啊，我就是這樣，下班開幾次就不怕了
oddoneislove: 合適啊，找個會開車的朋友一起更好
snowdream: 路上的車會自動離你遠一點蠻適合的
pk740111: 租starex來練練山路
eddisontw: 其實很適合 IRENT小刮傷幾乎不會管 不會像租車行看那麼
eddisontw: 細
sazabijiang: 深夜很多人在市區開車都超速，加上貼紙很黑看不了
sazabijiang: 很遠，你要確定耶？
ginosheep: 多拿些活動優惠券，會常開的幾個月就開訂閱，其實不貴
jackorz: 在深夜練不了什麼車吧
kutkin: irent是沒有修,不是不會管擦痕...
kutkin: 現在都是送半小時，要怎麼拿優惠券..
kutkin: 有些明明是刮到，拿補漆筆補一補。
kutkin: 晚上租車根本拍不清楚，算誰的。
qwe8526545: 很多人說不行，但我就是用irent練車，但真的要十點後
qwe8526545: 再練，沒什麼車
oppoR20: 合適啊 我練兩三次就上手了
kutkin: https://i.imgur.com/yarSuIP.jpeg
kutkin: 沒有不行，只是自己有車何必去租irent
kutkin: 還車都要擔心這種沒檢查到的傷痕
dppdick: 買台5萬內的二手車，又能練又能開
russell719: 可以
kutkin: https://i.imgur.com/84RObRZ.jpeg
epson5566: 開車就是要車多的地方練 晚上練什麼？
kutkin: 不還可以，一整排判決書都是支付命令
Duc916: 不然多花點錢找道路駕駛教練
weiber82: 如果想多開一點，就買一台5萬內二手車，一年後舊換新，
weiber82: 也不怕損壞
soulXdancer: 直接去租超跑
Siros: 適合 放寬心上吧
finasoul: 難怪和運外常常有撞爛的車
balbalbanana: 可以 但有碰撞、自撞、擦傷或停車被刮都要報警，不
balbalbanana: 然能出險只能認賠
amorose77: irent租車來練一天含保險起碼2千起跳吧
kutkin: https://i.imgur.com/kdVMzDY.jpeg
alfi2016: irent算小時的 誰跟你租一整天
alfi2016: 一天練一小時就足夠惹
junshinw:  https://i.imgur.com/hWtyg9n.jpeg
nega883100: 買車後開幾次就熟了啦
dapple: 找道路駕駛教練就好了 一小時也才500
george31708: 不然要用什麼練？
kutkin: 用自己的車練
kutkin: irent是真的很囉唆 除非你覺得每次都要拍車不煩
kutkin: 還有那個油膩的擋風玻璃
F430: 適合
camerara: 沒問題 大夥都是這麼幹的
fxxxkup: 適合阿，安心保險記得保，講難聽點撞irent總比撞自己的
fxxxkup: 車不心痛
wani1231: 路上irent很多迷惑行為看到都會閃遠一點
god70541: 我就是租iRent和格上GoSmart維持車感
god70541: 你找個會開車的陪你練就好了
primeblue17: IRent+小鴨 就練車與三寶的標配啊
primeblue17: 多數人看到都會閃 放心租來練吧
LabaK: 適合啊 最好租fit 本來就三寶專用車了 大家不會注意你的
LabaK: https://i.imgur.com/d6Lipkz.jpeg
iip06112: 我以為大家都這樣
USSMontana: 去找教練
knudmals: 可以啊 慢慢開就好
zzyzx: 非常適合 irent就是拿來撞的
ChungLi5566: 操縱車子不難 難在熟悉法規
smallroad: 大家不都是這樣，記得加保保險
smallroad: 珍惜生命 遠離irent
yun0615ch: 原來現在的人沒有環景不會開車了
kutkin: 新手沒有環景比較不方便就是了
Aixtron: 不好意思麻煩別人，所以一個人自己上路，這樣對不認識的
Aixtron: 其他駕駛不會不好意思？我真的有點被搞胡塗了！！！
Aixtron: 保險又怎樣？不認識的人都很多時間？
iNicholas: 合適啊 聽過不少人是這樣 不然哪有車可以練
maniaque: 不租irent ,難道要去8+9車行寫本票租車嗎??
maniaque: 駕訓班晚上也休息啦
nlnono: 不然買台新車練嗎
maniaque: 既騙不到凱子爹無償借車,又不想去偷車來練,就只能租車
lin8851: 所以我看到iRent就會閃邊
B9907143: 我老婆都用X3練供參考
mio8390: 聽推文在唬爛 我被罰過錢 小心別碰到
ISNAKEI: 你可以挑清晨 第一人少 車少 第二光線比較好  然後記得
ISNAKEI: 先想好去哪練習 找空曠的地方
iverson98: 練不到車多時如何切換車道 上下交流道
ackon1978: 這不是很普遍，又不是每個人都有車可以開
recount: 你爽就好 還有學開車 別開深夜 視野很差 也練不到啥
recount: 車子要練除了基本操作 就是車感 車感就靠眼睛看熟悉
recount: 你個深夜除了大燈照前面地上 啥都看不清楚 練個屁喔
recount: 清晨or平日避開上下班時段 都可以練車 車速別快
recount: 我家也沒車 是買新車直接開 流程1.較大較空停車場亂開
recount: 熟悉操作跟停車. 2.上路況好的普通道路繞圈
zong68: 如果是熟悉開車的感覺還可以，但白天實際上就會差很多了
horb: 可以啊。不要影響別人就好
horb: 不過開車後面最後一關。就是跟旁邊的汽車機車。抓距離。最後
horb: 的練習還是得白天上路
horb: 開快車。開山路其實都不難
airmike: 可以啊 但不要連續事故 會被黑單
jasonkaikai: 哪需要什麼環景...那以前的人開車都不用開了
veter: 需要環景才能開車大概是沒開過古董車
veter: 古董車除了行車記錄器外啥屁電子設備都沒有笑死
veter: 晚上練沒啥意思早上有機車
taxisy: 沒事啦 路上比你爛的一大堆
c856181002: 深夜雖然沒什麼車，但應該很難練到什麼
c856181002: 畢竟未來你用車，多半時候可能還是人多的白天
ZincAllure: 基本操作 停車可以練阿 深夜練車又不是深山練車...
martell11655: 花錢找教練或熟人教一下吧
caesarh: 完全不適合 大家都會離你遠遠 和開自己的車不一樣
a901922001: 可以 白天
kutkin: https://youtu.be/qZk9ku4Z8ks
tswen: 租格上的kicks大部分都有環景
luluya: k大怨念好深 一開始都租irent 練 確定敢開之後才買車
kutkin: 我自己租是沒有碰過，但我覺得自己有車的情況
kutkin: 沒必要用irent練習就是了
zaknafein: 適合先練手感 新手不一定要直接實戰
zaknafein: 先知道油門煞車方向盤 讓自己不緊張比較重要
j32072: 去車行租法拉利比較適合
holebro: 我也想找教練了
holebro: 借串問一下 濟州島自駕跟在台灣市區比有比較容易嗎
ChikanDesu: 買5萬以內的 擦傷就別管他 不會有賠償的心理壓力"
ptt,M.1711035754.A.149,https://www.ptt.cc/bbs/car/M.1711035754.A.149.html,car,[問題] 大家看過最誇張的iRent長什麼樣子？,tigotigo5566 (鐵劍5566),Thu Mar 21 23:42:30 2024,,還車、扣款、停車格,"oss。 結果沒找到， 反而看到了其他的車子。 這台有點誇張， 前面的車牌都凹下去了， 應該是有撞到。 這樣還車IRent 都能過？ 太厲害了吧。 大家看過最誇張停在車格的iRent 長什麼樣子？ 有沒有八卦？嘻嘻 -----
---
該都是事後被發現有狀況再回去找當初承租人吧 asgardgogo: 有人在做愛 numberrrrr: 上次看到路邊超大停車格一台I rent小車嚕了五六遍 numberrrrr: 停不進去 numberrrrr: 最後還停超歪的就走了 tocu
---
我家附近的前保桿掉一半滿車刮痕，給的車損張數根 ThunderOKC: 本不夠拍，內部也是垃圾一堆 Lowpapa: 停車格旁邊是iRent千萬別停 xulzj524: 怎麼可能找不到 xulzj524: 人頭帳號 保險就找人頭賠啊 xulzj
---
ijiang: 回來之後多出來的車損，當然算你的阿，卡號都提供 sazabijiang: 了，油錢跟過路費也都是事後逕行扣款，你覺得修車 sazabijiang: 費用扣不到？有本事你每次租完車就剪一張信用卡啊 a81288653: 我在巨城停","https://i.imgur.com/Nhb9Tjp.jpg

剛剛下去之前買車前租iRent練車的地方

想找看看有沒有最新出來的Yaris Cross。

結果沒找到，

反而看到了其他的車子。

這台有點誇張，

前面的車牌都凹下去了，

應該是有撞到。

這樣還車IRent 都能過？

太厲害了吧。

大家看過最誇張停在車格的iRent 長什麼樣子？

有沒有八卦？嘻嘻
-----
Sent from JPTT on my iPhone","louie83279: 不是外觀，是車胎，一顆鋼絲被磨到爆出來，另外三
louie83279: 顆跟光頭胎沒差多少，這種開出去跟賭命一樣
benptt: 看過後保掉一半下來的
yulbin98: 其實只有車牌凹掉就還好，畢竟代表修過了（？
GLUESTICK: 不知道這些車以後會不會進二手市場
tigotigo5566: 好險我只買新車
gint5566: 之前路觀社團有人看到這種的  http://i.imgur.com/b
gint5566: dfLpd7.jpg
gint5566: http://i.imgur.com/4uyi2iS.jpg
tigotigo5566: 太猛了 我以後絕對不租iRent
Minilla: 前後左右有irent 的車格我都不停
PrimeChaoz: 七樓圖一開我真的笑炸XDDD
dick929: irent 最要不得的就是人頭帳號借車
palapalanhu: XD
dick929: 網路上也有公然徵irent 租車帳號的
dick929: 租車不用真人當面照會，實際開車的人當然肆無忌憚
dick929: 撞了車屁股拍拍走人，反正又查不到是誰開的
TurtleGods:  https://i.imgur.com/2YOeNCt.jpg
TurtleGods: 大家來找碴，誰不是IRent
dick929: 路上看到irent 能躲就躲
TurtleGods:  https://i.imgur.com/yeZtLBU.jpg
ipadpro2: https://i.imgur.com/wUxHnnq.jpg
STi2011: 七樓那個好像吃到誰的大招
dasuperray: 把irent帳號借人?租車費誰出?
gx9900824: 我看過911貼i rent
gx9900824: 現在北醫的停車場都是irent 有夠雞掰佔位置
xtimyah86828: https://i.imgur.com/HicXGdK.jpg
Power78: 帳號接別人但信用卡可以綁自己
songtall: 七樓那台是快打旋風中間那台吧 笑死
backpacker18: 快打旋風xd
bboywhite: 路上我會特別關注irent期待有趣的事情發生
koalagogo: 唉不是 帳號都個資怎麼買賣 綁身分證的耶
issalt: https://i.imgur.com/79jwkd2.jpg
issalt: 以前在大園交流道拍到的iRent墳場？
ayuhb: 查不到人是誰開的？那我還不直接開去殺肉
light1945: 撞爛然後還停在計時車位有夠好笑
Dorae5566: 當然查得到是誰啊...實名制認證+信用卡
HongZhen: iRent 的車位應該都有簽約的吧計時算的不值得
HongZhen: 想要特別找某車款可以去App搜
HongZhen: iRent 墳場居然都是最好玩的Prius C
HongZhen: 這個撞一台少一台啊
snailking: 看到牛頭我一律都當成iRent
okeyboard56: https://i.imgur.com/LCjz0qZ.jpg
Jamne8937: 停車位附近有irent 就別停了
Byzantin: 買車不如租車，讚
jinshun: 看到Toyota Honda iRent 真的直接反應都是閃遠一點
Atlantean: 真的有辦法把i-rent撞爛不用負責嗎?? 0_o???
charliebitme: 買安心險就是最高自付一萬吧
beoneg: 看到這條路有irent在跑我就繞路了
bdbpzcatqpq1: 大家
afune12369: 還好吧 去報廢場逛一圈什麼牌子都一樣 猴子駕駛
qwe4560: 原本要出遠門，巷口看到iRent我就回家了
Statham: 怎可能抓不到人 和泰又不是吃素的 樓上去肉身實測阿
Gary9163: 頭扁進去的跟屁股凹進去的都不少
fransiceyho: 所以我停車都盡量不停iRent 旁邊
fransiceyho: iRent一堆假日車手 車主動停我車旁邊我都怕
kdeath: 共軍看到irent不敢打了
oldman7788: https://i.imgur.com/QAAVpQB.jpg
jerryx35: 7樓笑死XDD
roloveyou: 人頭不太可能查不到吧，人頭也不會幫頂罪
c856181002: 應該都是事後被發現有狀況再回去找當初承租人吧
asgardgogo: 有人在做愛
numberrrrr: 上次看到路邊超大停車格一台I rent小車嚕了五六遍
numberrrrr: 停不進去
numberrrrr: 最後還停超歪的就走了
tocu18: 7樓圖片超好笑XD
pippen2002: RAV4很少 iRent
lin900117: 在屏東租過撞凹 還生鏽的 北中南的車況差很多 中部
lin900117: 的車子普遍好一點
ThunderOKC: 我家附近的前保桿掉一半滿車刮痕，給的車損張數根
ThunderOKC: 本不夠拍，內部也是垃圾一堆
Lowpapa: 停車格旁邊是iRent千萬別停
xulzj524: 怎麼可能找不到
xulzj524: 人頭帳號 保險就找人頭賠啊
xulzj524: 啊後續人頭要怎麼跟開車的討是他們的問題
xulzj524: 保險公司不是吃素的
sazabijiang: 推文很多人沒租過iRent吧？租車前要拍車子四角存證
sazabijiang: 回來之後多出來的車損，當然算你的阿，卡號都提供
sazabijiang: 了，油錢跟過路費也都是事後逕行扣款，你覺得修車
sazabijiang: 費用扣不到？有本事你每次租完車就剪一張信用卡啊
a81288653: 我在巨城停車場看到停在倒車防撞護欄中間的，笑太大
a81288653: 聲被車主聽到所以沒拍到照
tmax530: https://i.imgur.com/DBGWYmx.jpg
tmax530: https://i.imgur.com/J0X8YgD.jpg  基隆大武崙漁港
HuSi87: irent後座不知道藏了多少人子孫
udm: irent裡面會不會有毒品呀？毒販被查到說是前人留的
udm: ，正常人被查到就揹鍋被當毒販上銬判刑？
EKman: 毒品很貴耶，留在irent上幹嘛？
creditcow: 租irent的90%開車都很G8，在那邊逼車剪線
rgogo5566: 推文圖也太好笑XD，好奇那些車是真的可以租的嗎？
daniel021477: 講不用負責可以進桶了吧"
ptt,M.1709648170.A.F56,https://www.ptt.cc/bbs/car/M.1709648170.A.F56.html,car,[問題] 有人檢舉過在IRent上抽菸嗎？,tigotigo5566 (鐵劍5566),Tue Mar  5 22:16:06 2024,,罰單,舉過嗎？ 有沒有八卦？ 嘻嘻 ----- Sent from JPTT on my iPhone RV: 大概被罰單檢舉怕了，推內部檢舉 danny30716: 先解決車上有人亂丟用過保險套比較實在 tigotigo5566: 別亂撿，,"剛剛看信箱看到這個

https://i.imgur.com/nkgsPQ3.jpg
https://i.imgur.com/pBpHZSo.jpg
https://i.imgur.com/ityy81t.jpg
https://i.imgur.com/SsHeAXD.jpg

笑死了

要人家檢舉在IRent車上抽菸的

限制一大堆才能檢舉成案

然後結果是iRent 會派員清潔車輛？

WTF？

不是iRent要給檢舉獎金嗎？

檢舉仔冒著被揍的風險幫iRent 偷拍89抽菸，

居然一毛錢都沒有。

真懷疑誰會想去檢舉。

iRent不會貼著黑紙吧。

更難檢舉。

是不會裝車內監控膩？

有人真的去檢舉過嗎？

有沒有八卦？

嘻嘻


-----
Sent from JPTT on my iPhone","RV: 大概被罰單檢舉怕了，推內部檢舉
danny30716: 先解決車上有人亂丟用過保險套比較實在
tigotigo5566: 別亂撿，小心有菜花
atbhao05: 我都站在89面前錄影他抽菸 你也可以
george31708: 笑死人 先把自己車子搞好再說吧 內裝爛的要命
TurtleGods: 根本沒用的東西，檢舉了沒錢我沒事找事
TurtleGods: 有夠低能
hmt17: 深夜小黃後座乘客哈菸也見怪不怪
wmdlifecoba: 笑死
vovoson: 抽菸又不犯法 亂丟菸蒂才犯法
BMnam: 好奇irent 到底怎麼維護清潔？
kikooo: 沒獎金就不干我的事了，大不了不租沒傷害
bboywhite: 我租irent開車那段時間都乖乖下車抽，後來就自己買
bboywhite: 了豪爽
bboywhite: 好奇到底會不會罰
danny30716: 同站租還我看過有大叔出現整理，但手路就是比武場
danny30716: 更武場。所以很多車的寵物毛多的嚇死人
hirofumisyo: 我是聞到煙味就傳訊給客服一下，以免被下一個用戶檢
hirofumisyo: 舉
GymRat: 8+9真是害群之馬
squall410339: 有檢舉過，但完全沒後續根本不知道有沒有成功，代
squall410339: 步車亂開一通不要要求太高
asgardgogo: 只有租車仔會在意這個吧
Minfoa: 之前租過一台把駕駛座椅調到最前面椅背完全前頃
Minfoa: 然後再把頭燈開成遠光燈，前雨刷後雨刷全部打開的
Minfoa: 想了想應該是前一個低能租客想要搞後面的租客
z5876268: 之前租過一次，車裡煙味超重，看檢舉流程覺得很麻煩
z5876268: 換一台車租應該快一點
ransan: 社團蠻多人會拍車上吸菸仔的 應該積怨很久"
ptt,M.1708827310.A.6F6,https://www.ptt.cc/bbs/car/M.1708827310.A.6F6.html,car,[心得] 一樓無紅線塞irent,jdkcupid (飛車公爵),Sun Feb 25 10:15:08 2024,,還車、拍照、據點、罰款、罰單,"ent再把它開走啊 TokyoHard: 那這個原po的主人為甚麼不這麼做?還要叫警察? jim5487: irent的還車拍照根本笑話，上次看到3台停在一起的車 jim5487: ，預約完過去發現3台都在摩鐵裡面 whitecow: 不如直接去和運租一台 whitecow: 放在外面的車況都超爛 TurtleGods: 亂停和運根本爽，罰單租客繳，還會叫爽賺罰金三千 TurtleGods: ，一切轉嫁租客萬事太平 acesslai: 雙北市區，蠻快就會租走了
---
車主要 TCdogmeat: 買透天送公用道路才是台灣最需要解決的問題 Killercat: 罰一千的條文是你停到他其他據點才是一千 Killercat: 不是你隨便亂塞一個地方罰1000 alittleghost: 停在合法路邊，為何要罰 k
---
H.jpeg hh800315: 台灣買一樓送雙車位 avexgroup: 這中文我看不懂 t5p3ax: 這招不錯耶，罰款不貴，能匿名搞到人CP值很高 alittleghost: 如果有人租走就不會罰到。沒人租走，罰1千而已就搞 alittl","剛剛看到巷子一樓有人鐵捲門外

無紅線被人停了一台irent

警察也叫了 照片也拍了

警察打給irent

我聽到的對話

警：這樣的話要進拖吊場喔，
你們有辦法處理嗎？

irent：

警：代駕嗎？

irent：

接著就沒聽到了

目前一小時過去

itent還在 警察屋主都走了

心得：

看來塞irent在那種一樓外面當車位的

應該是有一定效果

補充，剛剛約一個半小時後，車子已經消失","yulbin98: 所以屋主被「一切合法，謝謝指教」(?
Lowpapa: 鬼島特色  車庫門前當自家車位
yukai39: 真拖了！租金怎麼算？誰領車？
kutkin: irent 是要停在車格才接受
kutkin: 會罰租客 但不知道警察能否拖吊
ihongming: 哇 學到了 以後要搞人就開一台去停
evermpeg2: 拖吊就是罰租客吧，沒拖吊就是罰屋主，不管怎麼樣ir
evermpeg2: ent都是穩賺不賠
blairkimi: 學起來了
alittleghost: 無紅線無合法申請車庫無擋到人，完全合法
alittleghost: 教訓那些以為隨便裝個鐵捲門就是車庫的路霸仔
TokyoHard: 喔喔~~那拿去路霸仔的位子停無敵了吧,動不了
tigotigo5566: 路霸拿去停有用嗎？我也註冊IRent再把它開走啊
TokyoHard: 那這個原po的主人為甚麼不這麼做?還要叫警察?
jim5487: irent的還車拍照根本笑話，上次看到3台停在一起的車
jim5487: ，預約完過去發現3台都在摩鐵裡面
whitecow: 不如直接去和運租一台
whitecow: 放在外面的車況都超爛
TurtleGods: 亂停和運根本爽，罰單租客繳，還會叫爽賺罰金三千
TurtleGods: ，一切轉嫁租客萬事太平
acesslai: 雙北市區，蠻快就會租走了
SSSONIC: 東南亞某鬼島很常見到的一樓內停車當車庫 外面再停
SSSONIC: 自家車 前後還擺禁止停車牌
TokyoHard: 都馬是車庫再隔一間,車子停外面,開走放路障
TokyoHard: 台灣最美的風景
kutkin: 這題我還真看不懂
OhtaniHR: irent真應該消失 增加一堆社會成本
OhtaniHR: 還讓一堆假日三寶有車可以上路
KurakiMaki: irent罰金罰上一個開的人啊，又不是罰不到
KurakiMaki: 租車合約裡都有寫啊…不然開irent狂違規無敵了
kutkin: 沒有irent 全部都去二手車 撞到兩手一攤沒保險
kutkin: 現在是irent先賠再跟車主要
TCdogmeat: 買透天送公用道路才是台灣最需要解決的問題
Killercat: 罰一千的條文是你停到他其他據點才是一千
Killercat: 不是你隨便亂塞一個地方罰1000
alittleghost: 停在合法路邊，為何要罰
kutkin: 因為irent就是要求停在車格
kutkin: https://i.imgur.com/Fou6IMH.jpeg
hh800315: 台灣買一樓送雙車位
avexgroup: 這中文我看不懂
t5p3ax: 這招不錯耶，罰款不貴，能匿名搞到人CP值很高
alittleghost: 如果有人租走就不會罰到。沒人租走，罰1千而已就搞
alittleghost: 到路霸，值得
mynewid: 車庫要申請耶
wowcowshm: 這中文我怎麼看不太懂...
Rudolph0726: 國文程度不好喔
pouy: irent哪可能不管 上一個租車的要被罰了吧"
ptt,M.1708570812.A.23E,https://www.ptt.cc/bbs/car/M.1708570812.A.23E.html,car,[情報] irent北區跨縣市補貼加成,pmes9866 (I Need Some Sleep),Thu Feb 22 11:00:09 2024,,還車,.com/wmwnUFZ.jpg http://i.imgur.com/lLBm6v6.jpg 桃園基隆新竹取車 雙北還車-->補貼150 雙北取車 桃園新竹基隆還車 “且” 用車時數在5小時以內-->加成150 150還蠻多的 對短程使用者應該是不小的負擔 2/26 10：0,"https://reurl.cc/N4Ep8e
http://i.imgur.com/wmwnUFZ.jpg
http://i.imgur.com/lLBm6v6.jpg

桃園基隆新竹取車 雙北還車-->補貼150

雙北取車 桃園新竹基隆還車 “且” 用車時數在5小時以內-->加成150



150還蠻多的 對短程使用者應該是不小的負擔

2/26 10：00上線

-----
Sent from JPTT on my OnePlus CPH2581.","kutkin: 不然全部都是 北租桃還
kutkin: 那誰要桃租北還 還要幫你找車位
TurtleGods: 爛死，以後就是幫忙還北部車，桃竹大概都沒車能租了
zo6596001: 逼人搭火車進城，回去租車？
kwinner: … 這是
Killercat: 有+有- 這很好啊 我看不出有什麼問題
TurtleGods: 車髒，清潔要使用者付費
TurtleGods: 不得不說格上競爭力很強
kutkin: 你有能力開北桃 租金油險 大概300/hr
kutkin: 150大概就加半小時而已
kutkin: 300變450 坐計程車是1000
kutkin: 格上缺點就車少
kutkin: 也是被酸爆的 colt 日產 納智捷
ionhot: 看來北區小隊正式解散了 通勤+-抵銷其實和現在一樣
ionhot: 對跨縣市通勤來說 還是以前北區小隊優惠最殺
jeremy84518: 其他短租app品質越來越好 不知道irent競爭力在哪
kutkin: 方便呀 其他家的保險是要自己買的
kutkin: 雖然比較便宜 但不能隨租隨保
pouy: 這前身不就是北區小隊?只是150變現折"
ptt,M.1705987462.A.9A0,https://www.ptt.cc/bbs/car/M.1705987462.A.9A0.html,car,[心得] irent新的Pro會員有夠可笑,firewater04 (321),Tue Jan 23 13:24:20 2024,,還車,irent里程費貴哭 中租一天+自己加油舒服多了 baychi999: irent的隨租隨還跟路邊租還還要同縣市或同站還車 跨 baychi999: 區旅遊來說根本不好用 費用還是被租車時間吃死死 jackyyuh: 為什麼是月訂制的，但是卻,"身為一週一次的用車使用者

irent最近搞了一個Pro會員超級可笑

https://www.irentcar.com.tw/UPLOAD/event/111event/2402/index.html

訂閱了之後會有兩種服務，一個臨租找不到車位有停車場可以還，

一個用車前先幫你清潔(????)

重點是這兩個加起來一年只能用三次

還要收我每個月99?

笑死保持車況清潔這種基本的事情拿來收錢還限制次數

擺明了就是你不買就是不幫你清 吃相難看欸

一個月付99 一整年超過三次每次停車還要300 搶錢搶很爽

看到這鬼東西太火大了貼上來給各位看看


希望格上爭氣一點啊拜託","c0922949774: 這真的超智障 我還看好幾遍確定我沒看錯
TurtleGods: 這就不知道哪個低能高層想出來的
c0922949774: 年繳一千多只能用三次 代表他清潔或是停額外的停車
c0922949774: 場服務一次就是要300 快笑死
TurtleGods: 更可悲的，2/26之後，雙北租車去桃竹要加錢
kivan00: 想錢想瘋了 搞不好哪天保養廠也跟你搞訂閱制
kkro002000: 那就買車阿
TurtleGods:  https://i.imgur.com/h2GRDaz.jpg
TurtleGods: 有夠白癡
ghjkl5566: 夠北七
jimmy12332: 直接去中租 一整天才1000多塊 不懂irent 的客群是
jimmy12332: 誰 之前還看過開到花蓮去的 欸 一公里收3塊多 真有
jimmy12332: 錢
NowQmmmmmmmm: 想這方案的irent應該要辭退了
jimmy12332: 而且租車行租的都有夠新 都洗過清過的 irent 上一
jimmy12332: 堆菸味 不知道8+9在上面做過什麼
ken00087: 我去花蓮四天就是租irent...
louie83279: 中租現在自己也出一個Uride，寫出來的App流暢度還大
Petyr: 我也確定好幾遍想說是不是看錯...
louie83279: 勝irent，irent過這麼多年一點長進都沒有還退步
Petyr: irent再這樣搞會被淘汰 格上蠻認真經營的
Petyr: 我還不如出去玩租車自己拿抹布清XD 什麼智障服務
Petyr: 原本一次要600 買Pro會員加一次只要300呢 白癡
sana113821: 定期清理不是租車業者的基本嗎 竟然變Pro服務
c0922949774: Pro 還只能用3次
bluetory99: 你不爽就買車啊講一堆有的沒的
youGG: 哪個智障高層想的XD
sf820624: 真的智障 一堆公司高層都不帶腦上班可憐仔
Jowall: 這三小.... 誰會白癡買這種會員XD
summer08818: irent停在郊區那種 會有人清潔嗎?
Macao: 這種就自以為壟斷市場為所欲為啦 垃圾公司
Macao: 有這種智障高層 其他業者的機會來了
summer08818: 歐 看到規則了 站點的才有人清  那irent就沒優勢了
summer08818: 想要隨租隨還方便irent 不然其他車行車況好多了
god70541: irent廢到笑
george31708: 今天早上好多irent,路邊車禍塞車也是irent
longkiss0618: 不買? 車上有洨味 不關我的事情^^
jei01:  line 租車會顯示已清潔未清潔，價格不同
AMSTERDAM14: 還好吧 這裡誰開irent
kwinner: 原來有人租
ny88162: 真的廢到笑欸
sana113821: 89車震專車
sjr500: 笑死，車內清潔給洗車的弄才多少
bluezero000: 別用，個資
answerx: 這家白痴公司會退件以前審核過的駕照，早就不用了
PennyFinn: 景點租的都很臭，但用pro來處理臭這件事也太好笑了
cj34282000: 用的中國那套啊 服務都給你但是要加值
m381249: 嘆為觀止
pm2001: 你要看下面的注意事項 超過三次就是多加錢
andynew: 吃相難看，你還不是租?
lin900117: 越來越貴 管理跟品質卻更爛
ufk: 唉，他家市佔最高吧?!所以想怎樣就怎樣就是了
epili: 不爽不要租
l90289312: 以前沒買車之前常用，真的越來越爛，也越來越髒
j198811: 你月租的東西有使用次數限制？那就不是月租啊靠背
kelgo120: 格上至少敢拿進口車出來租 irent越來越爛 又髒
lizardc1: 之前被駭客盜竊個資還敢用這家喔 死忠a？
Rudolph0726: 里程少的用車文->開那麼少不會賣掉租車膩？
Rudolph0726: 抱怨租車公司的文->不會自己去買車膩？
Rudolph0726: 真的笑死XD
kazake: Irent 真的是廢到笑
computerqqq: 格上越來越好，IRent越來越廢！
c0922949774: 說真的IRent很廢沒錯 但其他家的方便性更是爛到笑
c0922949774:  難怪IRent這麼跩
trickart: ㄧ週至少用車ㄧ次 還叫用車量不高噢 沒預算就不要
trickart: 想買新車 中古一堆都很便宜
flowerabby01: 坑台灣韭菜坑習慣了，以為也是端什麼屎都是賣爆
hubertmax: 高調
ga047768: 一週幾次算低用量？
keineAhnung: 笑點是 你還在租車？
ahlolha: 原來irent的租金不含清潔
xixixxiixxii: 訂閱是一種風潮
wade801210: 一堆叫人買車跑來嗆 真的笑爛
whether: 超爛爛透。話說上週才檢舉一個在iRent車上抽菸的。
kizo: 我租irent太髒的話，還會開去自助洗車清洗，我是好
kizo: 客人
Petyr: 人家一週一次 你自己加成一週至少一次XDDD 笑死
Petyr: 這板真的很有趣 人家就不想買狂要人家買
kyo33: 格上很認真清潔車子 之後要租都會改用格上了
Petyr: 格上其實是用車人數不多所以乾淨
Petyr: 有做起來的話也是要再觀察
CloudTemp: 某樓真的笑死 人家什麼都沒說通靈成這樣 有病
CloudTemp: 我也差不多一週最多一次接送女友
CloudTemp: 確實不太需要買車
cka: 會很常用的話還是自己買車比較實際啦
royaljourny: 又不確定人家情況一直靠夭要人家買車 到底啥心態
royaljourny: https://www.uridego.com.tw/ 中租也來搶市場了
cka: 使用者付費其實是合理的,每小時那個錢就是只有車子
cka: 想要乾淨的人自己加三百，不想要的人就不要加
cka: 就規則來說是公平的
cka: 更何況你就是算算比傳統租車便宜才會跟他租啊
cka: 為啥一堆人叫你買車,租車跟自己有車的感覺就是不同
Macao: XD拍拍 這版就一堆自以為的人 別放心上
Macao: 格上最近看還有volvo 還蠻屌的 (雖然也貴)
n19881112: 嫌貨才是買貨人
kivan00: 清潔要加價根本荒唐 難道出去吃飯也願意付清潔費？
dun0208: 你下次可以PO一篇一週只用一次要買哪台車
dun0208: 就會有人叫你租車就好了XDDD
metroid0104: 好爛，你終究要當盤子，不管是買或租
gg8n8nd34ss: Line go 和 Zip車款都屌打irent 偶爾用的話 到底誰
gg8n8nd34ss: 還在租啊…
Petyr: 樓上 irent贏在隨租隨還
c0922949774: 會用IRent 是因為他隨租隨用最方便，跨區還至少目
Petyr: 還有可以跨區還
c0922949774: 前北北基桃竹都可以也是最方便。其他租車包含格上
c0922949774: 跨區跟隨租隨還都沒他方便
Petyr: 等其他家業者做到這麼方便 irnet應該就會怕了
c0922949774: 同P大
sismiku: irent隨租隨還目前還是最強的…
sismiku: 其他app甲租乙還都還很少
sismiku: 尤其到外縣市玩這點真的很方便==
PPAPwww: irent好用
shawncarter: 養套殺
icexice: irent勝在站點多而已吧，雙北我以前比較愛租zipca
icexice: r，車子比較好
oddoneislove: 不知道這篇一直叫人買車的是啥心態
oddoneislove: 難道買車買出優越感了？
angel2210: 就開加值服務 畢竟每個停車場的成本不同
Lowpapa: 保持清潔竟然是使用者付費  幹  根本搶錢
Spencer22: 這一定是沒自己在租車的人想出來的吧zz
tr931003: 除非臨時要隨租，才會用貴又爛的irent，主力都用格
tr931003: 上了
marunouchi: 租車少年董取暖大會
kabukiryu: https://i.imgur.com/fF1wPAH.jpg
kabukiryu: 我還曾經在出差偷租irent就中過兩次發票
kabukiryu: https://i.imgur.com/Pd0lu65.jpg
ozaki1986: 就想提高營收，看準其他家無法和他競爭，品牌，據
ozaki1986: 點的實力，變向漲價而已，不覺得這有什麼，企業本
ozaki1986: 來就追求營利
lauwei: 不爽不要用就好啊，要不然就自己買車
BlackCoal: 我昨天前天才在台中嘉義高鐵租iRent，沒那麼不堪吧
BlackCoal: ？是說買Pro真的沒必要
j32072: 還好我自己買車沒這問題
ryanbin: 目前租車界龍頭啊 擺明吃定你
mussina27: 便宜治百病，撒在外面這麼多還真沒看過清潔狀態好的
mussina27: 。
cka: 因為你抱怨不就是要大家給你建議,還是你只想大家幫
cka: 你罵irent而已?而且你可以算算如果+300以後 有些就
cka: 乾脆深夜用Uber 就好,長程的用其他租車
cka: 你如果是只是想找更省錢的方法,大概就這樣
chouchouwei: 我看很多潛水的都租車去潛水點
chouchouwei: 換潛水點防寒衣都不脫直接開車走
chouchouwei: 確實是蠻方便的啊 自己車哪捨得這樣搞
oppoR20: 最近還多了台北開其他北區再收費 謝謝irent
oppoR20: 格上笑嘻嘻
baychi999: irent里程費貴哭 中租一天+自己加油舒服多了
baychi999: irent的隨租隨還跟路邊租還還要同縣市或同站還車 跨
baychi999: 區旅遊來說根本不好用 費用還是被租車時間吃死死
jackyyuh: 為什麼是月訂制的，但是卻又有全年度使用次數的限
jackyyuh: 制？那我是不是可以訂一個月直接用完三次然後取消訂
jackyyuh: 閱就好？
jackyyuh: 喔原來只是每個月分期而已…
kevinshyu: 會員基本權益 變成還要收費 訂閱會員可以一直客訴了
u7: 笑死 最後重點都放在原PO到底要不要買車XDDD
brige1478: 中租也要里程費啦！沒有自己加油的那種
Mikami1930: 他的意思不是都不掃，是你要用之前特別幫你掃過吧
mytvpoly: 就一個加價解索隱藏車位的概念"
ptt,M.1704785343.A.87C,https://www.ptt.cc/bbs/car/M.1704785343.A.87C.html,car,[新聞] 全台首場「共享汽車星空電影夜」，iRent,david841015 (Wayne),Tue Jan  9 15:29:00 2024,,還車,車場登場，為台灣共享汽車首次舉辦的汽車電影 院活動。 心得/說明：(30字以上) 不知道這個活動停著看電影的時候，是算還車還是繼續算錢 XDD ＊轉錄新聞/情報，必須附上原文及網址連結及心得或意見30字(不含標點符號)＊ l90289312,"原文連結：https://racingcharger.tw/?p=46318

原文內容：2024年初推出全新會員體驗活動「iRent享生活：汽車星空電影夜」，將在1/19（五）及
1/20（六）兩日，於宜蘭香草菲菲第一停車場登場，為台灣共享汽車首次舉辦的汽車電影
院活動。

心得/說明：(30字以上)
不知道這個活動停著看電影的時候，是算還車還是繼續算錢 XDD

＊轉錄新聞/情報，必須附上原文及網址連結及心得或意見30字(不含標點符號)＊","l90289312: Irent車幾乎都很髒，開去看電影? 租到撞到
alwang: 要租irent才能入場嗎?XDDD
blairkimi: 結果隔熱紙太黑 看不清楚
kutkin: 當然是繼續算錢呀  你第一天租和運喔
kutkin: 每車1,000元的超值享樂價，即可獲得原價超過2,000
kutkin:  iRent會員享樂價$1,000元/車，最多攜伴3位
Killercat: 在車上看電影吃東西 =_=a 有段時間iRent大概都髒髒
Killercat: 的了 雖然iRent一直不太乾淨就是...
larry780109: 最後撞成一團上新聞電影...
aspdoctor: 自己的車可能可以躺蠻爽，irent 租過幾次車上都髒髒
aspdoctor: 的還有煙味，這種環境看電影坐不下去吧
ajim36: 全台素質最差的車聚？
keineAhnung: 三寶第一武道大會
prochnost: 在噁心的爛車上看電影意義在哪？
mytvpoly: 大概是給年輕人的活動吧 租車去玩順便去看看"
ptt,M.1703424236.A.969,https://www.ptt.cc/bbs/car/M.1703424236.A.969.html,car,[心得] 關於iRent事故後的543,albertt0226 (albert),Sun Dec 24 21:23:54 2023,,還車、拍照、停車格、罰單,"後方屁股 【遭撞後查看】 因為聲音很大，當下即拉手煞、打雙黃燈看前後狀況後下車 結果擦到的地方已見底了勒～ 不過還是先拍照存證 此時對方不下車，表明願意付錢修繕（就是想私下和解） 【報警】 對方反應很低端的情況下，什麼都不用說也不用瞧 就是
---
給警察拿畫面資料 在等待中同時打電話回饋給和運，告知事故發生及狀況 客服是僅表示若車輛仍可以開的情況是可以繼續使用 只是還車後需至方便的門市提交報案資料 筆錄做完後，員警對肇事人先開出罰單兩張 一張是違規超車 一張是危險駕駛（這條名稱不太確定） *那條路就單向的大小，兩邊實白線、中間無分道線 【報案過程結
---
，但能確認自己並無錯失就還是繼續 最後要一路往台北前有先撥打到附近門市 由於我是路邊租還，有特別詢問要停在哪 結果是正常還車流程於合法停車格內即可 其實我很訝異，不是應該要停到指定底點等維修嗎XD 【到門市報道】 返回台北後就先往門市告知前因後果並給予登記聯
---
享 darkangel119: 看到IRENT 都閃的遠遠的 pd3mnd: 推 LiveView: 事故發生無人傷亡就拍照移去旁邊不要擋路，擋在路中 LiveView: 間都是塞車元兇好嗎","打給厚

打這篇的目的是
板上有不少人使用共享汽車
而往往在碰到事故後會被牽著走（？
所以來打這篇親身經歷供參考
也因為案件未判決，暫無法提供相關影片及資料證據
還請見諒

【事發當時】
本人在前幾天於花蓮在沒有道路名稱處欲(右轉)轉入台9往北
由於前方仍有兩台車輛欲左轉，故在後方等待
第一台左轉後，第二台以及我方車輛往前停靠等待
在我完全停駛的情況下，我後方的車輛欲超車右轉
結果不慎擦撞到我方車輛的左後方屁股

【遭撞後查看】
因為聲音很大，當下即拉手煞、打雙黃燈看前後狀況後下車
結果擦到的地方已見底了勒～ 不過還是先拍照存證
此時對方不下車，表明願意付錢修繕（就是想私下和解）

【報警】
對方反應很低端的情況下，什麼都不用說也不用瞧
就是報警等警察來協助
不過這裡因為沒有道路名稱，導致警察找了一下XD

【警察紀錄中】
一開始當然先吹酒測囉
人生第一吹就獻給花蓮惹
雙方都是測得0
由於我方車輛事故後無移動<-超重要
紀錄現場時會把你的車位置完整的畫上去
而對方擦撞後有移動過，故不在記錄表上
另外由於我有自行架設行車記錄器的習慣
也同步告知員警有這小物可以參考作為證據
*雖然只有紀錄前方，無後方畫面
  但也可證明自己當下是完全停止的狀態

【前進警察局】
這裡就是等待做筆錄過程，同時繳交記憶卡給警察拿畫面資料
在等待中同時打電話回饋給和運，告知事故發生及狀況
客服是僅表示若車輛仍可以開的情況是可以繼續使用
只是還車後需至方便的門市提交報案資料
筆錄做完後，員警對肇事人先開出罰單兩張
一張是違規超車
一張是危險駕駛（這條名稱不太確定）
*那條路就單向的大小，兩邊實白線、中間無分道線

【報案過程結束】
結束之後就繼續行程囉
心情是有受影響，但能確認自己並無錯失就還是繼續
最後要一路往台北前有先撥打到附近門市
由於我是路邊租還，有特別詢問要停在哪
結果是正常還車流程於合法停車格內即可
其實我很訝異，不是應該要停到指定底點等維修嗎XD

【到門市報道】
返回台北後就先往門市告知前因後果並給予登記聯單給門市複印
會有一堆委託書和出險單要簽到手軟和蓋章
當下沒有付任何款項，僅告知車輛保管單位非台北
需要等待保管單位告知後續處理
——————————
『至此結束，完全按照流程走、都很正常』
——————————
【收到保管單位來信】
維修費****
營業損失****，總計一萬多元
要48小時內致電付款
*看到這裡覺得很妙，若沒有附照片真的會以為是詐騙XD

【初次回覆給保管單位】
信裡我詢問了若肇責不在承租人，金額會怎麼算
又以最常見的37分，金額會怎麼算
並請提供匯款帳號

【保管來信2】
零肇責情況會扣30元手續費後退還這筆金額
3成情況就依比例計算，餘款扣30元手續費退回
*完全沒有提到帳號，感受更離奇+1

【回覆給保管2】
合約指出 「可歸責於乙方」(即承租人)後由乙方負擔
且現況都符合注意事項中甲方(即出租人)規範之事故流程
那麼需繳納金額是依何條款向乙方收取？

*公司有法務就先問了一下，提醒我先細看合約內容
各位也可以自行瀏覽合約書，是真的有這條XD
*也因為回應都很神奇，就不打算以電話方式聯絡，全程信件往來彼此留證據

【保管來信3】
若對收款有疑慮可以先不繳納
但帳號會被受限制，於案件走完後恢復
*我是大開眼界，收款要緊緊突然來個大轉彎？

【回覆保管3】
請說明帳號受到管制是如何管制
*引用租賃制條文-乙方違反規定，甲方可單方終止合約且不予補償*
承租人皆符合甲方規範流程
故請列出管制帳號的條例

【保管來信4】
和雲行動服務隱私權條例第四條
而訂閱制會保留天數延後使用
*那條的意思就是它有權可隨時停止服務或終止會員權利
*很多地方都看得到這條，就是開大絕

【回覆保管4】
已知悉
並請以電子郵件或紙本告知保管日起點

-後略-

整件事感想
1. 事故發生報警沒煩惱
2. 行車記錄器很好用，保障自己拒絕低端
3. 詳閱合約內容
4. 不要想東想西亂搞，依合約辦法走，沒有寫到的都先問清楚
5. 盡量文字溝通
6. 過程不麻煩，合理的配合即可

我不在乎這一萬塊，但整個反應都讓我覺得有蹊蹺
帳號不給、避開敏感字眼回覆、想電話互動這類行為讓我想研究整個流程
以前兩次租賃車事故經驗
一次是自己尻到賠錢了事沒話說（笑
一次是類似這情況，給門市看紀錄器後也沒索賠
事後也是無肇責就是

一個想法是
這些租賃車高機率咪咪貓貓
找到健康的車比在台北市找柑仔店還難
很多情況是承租人不老實、不主動回報或怕麻煩
導致出租人找不到人賠償修繕費
何不教導承租人正確反應方式
當他確定自己無違法無肇責情況
就能讓出租人有資料能去出險修繕
不是雙贏？
雖然這情況是理想

另外我在21年牽cx30
不過同年底覺得使用率下降的情形
真的是租車划算，而且是巨划算(笑
每個月光油錢6-8千就覺得…嗯
而現在長假也都走國外了，使用率更低
所以後來還是回到共享汽車的懷抱

事件後會不會繼續使用共享汽車嘛
還是會使用
不過若哪天條文改了，要承租人先全吃下
大概又會買台自己的車XD","epili: Cx30不開，開I rent
zsxa1234: 加價保那個保險有用嗎？
ssaamm810130: 買安心不就沒這些543了
kabukiryu: 我有一個台北的親戚也是本來有車，不知為什麼把車
kabukiryu: 賣掉改租irent，他們也是會省錢全家出國玩的那種
tigotigo5566: 不常開的話的確不用養一台車
shaoten7: 樓上 加價的保險還是有自付額 如果你沒肇責還是用
shaoten7: 不到 而且加價的也不含對方財損 只是你有肇責對和
shaoten7: 雲要賠的金額有個上限這樣
yulbin98: 租IRent自備行車記錄器，先給Respect!
ssaamm810130: 加價買的安心哪有自負額？
brige1478: 吉時保有理賠服務，針對共享車的部分，之前友人曾
tbofgpab: 買安心沒自付額
aftermathx: 好奇 每個月油錢6-8千這種使用率租車會比較划算?
TokyoHard: 484想暗示甚麼?XD
brige1478: 車禍賠償和運公司，兩萬多元後來有透過吉時保理賠
brige1478: 成功，保費比和運本身低滿多的
keineAhnung: 所以有付嗎
tnfsh01008: 有推薦的行動行車記錄器嗎XD
ntutmpmpm: 思路清晰且冷靜，巨獸跟三寶最怕的94您
wwf1588: 你在花蓮一處沒有道路名稱的地方，打算右轉進入台9
wwf1588: 往北的道路。在等待左轉的車輛通過後，你停下來等待
wwf1588: ，後方的車輛卻試圖超車右轉，不慎擦撞到你的車輛左
wwf1588: 後方車尾
DontPLZ: 每個月油錢要6-8千 卻說自有車使用率很低?!
lauwei: 你是不是有先經過一片墳墓
GymRat: 支持制裁低端違規仔
SudaPeter: 推 爬了一下你的文，你一定是教養非常好的人
george31708: CX30每個月油錢6-8千根本就是天天開長途吧？
ssaamm810130: 買安心本來就沒這些543，報出險是車禍本來就要的
trashBF: 聰明，省下的出國遊玩品質屌打盤子國旅
jack55777100: cx30油錢六千不是破洞就是其實你真的很常用車吧...
chenming867: 之前被推撞（我零責任）因為有加保車禍後將三聯單
chenming867: 送到和運，之後就沒我的事了
j32072: 遠離irent果然是對的
usnavyseal: 建議先備份再拿給警察 小心資料不見
Leon0810: iRent除了APP爛之外，客服服務也很爛、整個制度都很
Leon0810: 不完善。
john668: irent真的最爛 沒有之一
HuSi87: 個人覺得格上整個屌打 還比較便宜的樣子
xru03: 推
acesslai: 我覺得就是是一般家用車禍，也是等肇責出來再來談
acesslai: 賠償，先付錢這個應該就是公司政策，我是不會先付
ehomlin: 我猜那條路應該是七星潭路底,經過夜總會,出來到台9
gg8n8nd34ss: 我的經驗 irent 車況都不是很好 而且大多都是沒什
gg8n8nd34ss: 麼主被動安全的舊車型 其他品牌這兩年算比較認真在
gg8n8nd34ss: 經營想搶攻市場 原po很常租的話還是可以考慮看看別
gg8n8nd34ss: 家
lizardc1: 路邊租過PC 進D檔有夠卡 超怕開一開掛變速箱
kutkin: 因為要你付錢他就可以結案
kutkin: 你不付錢，他就鎖你帳號而已。
kutkin: irent何時可以對幫忙加油的人補償呢
kutkin: 每次都是要抽福袋
sweetJ: 一個月油錢6-8000, 一年可以開到2-30000公里了吧
sweetJ: 這樣租車會比較方便嗎
melic: 共享車的問題時假日要提早搶，前一天預約一定沒車
BisWang: 推分享
darkangel119: 看到IRENT 都閃的遠遠的
pd3mnd: 推
LiveView: 事故發生無人傷亡就拍照移去旁邊不要擋路，擋在路中
LiveView: 間都是塞車元兇好嗎"
ptt,M.1701845632.A.521,https://www.ptt.cc/bbs/car/M.1701845632.A.521.html,car,[問題] irent便利付停車場站問題,KAWABONGGA (硬梆梆),Wed Dec  6 14:53:50 2023,,還車、不能還車、停車費,"用irent上下班 但由於第一次用對一些名詞不太熟悉 像是停車場好像有區分為調度停車場和便利付停車場站 前者可以租還車，後者看irent app裡的停車場地圖有提示說不能還車 但我的問題是還車跟臨時停車的定義是什麼？ 我是不是不能用法規去解釋？ 因為按解釋我只要還車就等於結束此次租賃契約 那便利付停車場的臨時停車也是需要按app裡的還車，也是結束此次租賃契約，那兩者要怎 麼區別？ 我會不會莫名收到什麼費用？ 還是我停在便利付停車場裡，如果該輛車在我要
---
調度停車場？ 感謝各位回覆 ---------- 等等我剛剛突然想到，如果停在便利付停車場我是不是不能按app裡的還車？？？只能讓他 租賃費用繼續計算？？？ brandon0610: 便利付的裡面不能還車 brandon0610: 停車費在你真的還車的時候一起算 ssaamm810130: 臨停停車費你的/還車的停車費公司的 KAWABONGGA: 感謝回覆！！！ ssaamm810130: 你在可還車的停車場臨停，停車費你的 ssaamm810130: 你在臨停的停車場還車，調度費3000 KAWABONGGA: 所以意思是我如果剛剛已經還車的話，我需要回去按 KAWABONGGA: 繼續租車嗎 ssaamm810130: 你在臨停停車場還車，要是和雲的人去移你會被收3000 TurtleGods: 其實不是樓上說的，有人去幫你繳費你就死定了 TurtleGo
---
費時打統 TurtleGods: 編跟和泰報帳，他會給你一小時以上的時數補償 TurtleGods: 然後上一個停在那邊還車的等著被收三千 TurtleGods: By 每次騙時數的我 TurtleGods: 你停在臨停車場內就是不能還車 ssaamm810130: 你自己停的又自己繳不會補時數啦","乳頭

最近沒意外應該都會使用irent上下班

但由於第一次用對一些名詞不太熟悉

像是停車場好像有區分為調度停車場和便利付停車場站

前者可以租還車，後者看irent app裡的停車場地圖有提示說不能還車

但我的問題是還車跟臨時停車的定義是什麼？

我是不是不能用法規去解釋？

因為按解釋我只要還車就等於結束此次租賃契約

那便利付停車場的臨時停車也是需要按app裡的還車，也是結束此次租賃契約，那兩者要怎
麼區別？

我會不會莫名收到什麼費用？

還是我停在便利付停車場裡，如果該輛車在我要離開時尚未被租走，那我是不是要繼續租他
把他停到調度停車場？

感謝各位回覆

----------

等等我剛剛突然想到，如果停在便利付停車場我是不是不能按app裡的還車？？？只能讓他
租賃費用繼續計算？？？","brandon0610: 便利付的裡面不能還車
brandon0610: 停車費在你真的還車的時候一起算
ssaamm810130: 臨停停車費你的/還車的停車費公司的
KAWABONGGA: 感謝回覆！！！
ssaamm810130: 你在可還車的停車場臨停，停車費你的
ssaamm810130: 你在臨停的停車場還車，調度費3000
KAWABONGGA: 所以意思是我如果剛剛已經還車的話，我需要回去按
KAWABONGGA: 繼續租車嗎
ssaamm810130: 你在臨停停車場還車，要是和雲的人去移你會被收3000
TurtleGods: 其實不是樓上說的，有人去幫你繳費你就死定了
TurtleGods: 其實有個撇步，你只要去臨停車場牽車，繳費時打統
TurtleGods: 編跟和泰報帳，他會給你一小時以上的時數補償
TurtleGods: 然後上一個停在那邊還車的等著被收三千
TurtleGods: By 每次騙時數的我
TurtleGods: 你停在臨停車場內就是不能還車
ssaamm810130: 你自己停的又自己繳不會補時數啦"
ptt,M.1700969900.A.122,https://www.ptt.cc/bbs/car/M.1700969900.A.122.html,car,[討論] 租irent偷油是混的多差？,ta88893164 (黑白貓),Sun Nov 26 11:38:18 2023,,還車,"today: 天才，我當兵時也聽說阿兵哥會偷油所以加紅粉 toshiba5566: 狗偷喝汽油吧 kashiwa27: 還車空油隨便就被發現了吧.. au4au4j3fu4: 可悲 BlacKlonely: 什麼偷油？ 明明是被野狗偷喝 dee
---
ryhao: 莫忘世上苦人多 Js1233: 租偷油塔來偷個油，還過份嗎 AIIT: 他開那台甚麼車 mathrew: 還車，油箱異常不就知道了，這人真夠沒智商的 kingkinggod: 北七，還不如去詐騙 lota: 而且註冊資料都有，竊盜","https://reurl.cc/RyMqOg

新奇的想法，租irent一小時，然後把油抽到自己車上，這麼窮真的不要開車比較好吧？","nervrain: 未看先猜 偷1200元的油
principle: 選舉到了就是會多這些來洗文章數的
gx9900824: 所以吳宗憲會去巡油箱蓋
zero501595: 你是在說為了1200背竊盜前科的天才？
nervrain: 未看先猜，記者新聞網，記得按讚追蹤小籠包
hakkiene: 上次不是還有偷Prius C的大電池？
sammy98: 上次不是有換車牌都整車的？
sammy98: 租賃車有內建追蹤里程計價 換車牌偷整車是有多天才
weijinsusu: 別傻了，和運什麼都知道
rtoday: 天才，我當兵時也聽說阿兵哥會偷油所以加紅粉
toshiba5566: 狗偷喝汽油吧
kashiwa27: 還車空油隨便就被發現了吧..
au4au4j3fu4: 可悲
BlacKlonely: 什麼偷油？ 明明是被野狗偷喝
deepdish: 是要通靈嗎 zzzzzz
neil0611: 傳說中的偷油它？
henryhao: 莫忘世上苦人多
Js1233: 租偷油塔來偷個油，還過份嗎
AIIT: 他開那台甚麼車
mathrew: 還車，油箱異常不就知道了，這人真夠沒智商的
kingkinggod: 北七，還不如去詐騙
lota: 而且註冊資料都有，竊盜罪直接移送
kiopl: 我也有想過這問題 不過和運怎麽那麼快報警通知抓人
PR58: 還以為是老人 結果是個20歲的
kiopl: 的？
kissa0924307: 怕狗偷喝汽油原來是指這種狗啊
kiopl: 看新聞還在竊油中耶 車都還沒還
Hohenzollern: 吳宗憲巡油箱蓋XD
yesyesyesyes: 為了這種小事背了竊盜前科真的很笨
Dxperado: 偷油它我笑了
pippen2002: 怕狗偷喝汽油原來是指這種狗啊 ?
nonstop180: 笑死 創意無限
KaedeFuyou: 沒用過irent 所以他是又拿車上的加油卡去加油？
KaedeFuyou: 這樣錢在系統上一樣算他付的不是嗎
luvdirk: 為什麼和運有辦法馬上發現？油箱量有監控？
KurakiMaki: 有錢刺青刺手腳都是，沒錢加油，可悲
nwkasim: 偷油他
kashiwa27: 哇 和運怎麼都知道
d1438a: 那台是不是吸300
dallas0104: Lancer fortis還改大尾翼咧
Django: irent用車上加油卡加油不算錢 只有開的里程數算錢
Rudolph0726: 這沙小網路秒招，根本是違法的事還敢寫上網
sm981512: 加油卡餘額都幾千萬的
ca1123: 不是有防抽油嗎
info1994: 老連蛇而已 會沒錢加油？
Anutmiao: 多低能才覺得刷和運的卡然後油是自己的這樣合理
ZoeyDestiny: 看他刺包手，不意外吧
mars1396: 我都偷水箱精
deltarobot: 要偷也不去隱蔽地方偷
whitefence: 想搞合泰 最好想都不要想
dslite: 偷雨刷好了
nigatsuki: 瘋了嗎幹嘛這樣
Angrboda: 襪 河泰怎麼都知道 幹你媽那我們的車
keineAhnung: 三菱仔破車日常
fmp1234: 狗喝汽油很正常XD
polestar0505: 20年來經濟最好
addog74: 強者我朋友，租共享機車停好車拍完照上傳後把車推到
addog74: 自家1樓車庫，關上鐵捲門，然後app地圖還是會顯示車
addog74: 在同一地點，保證每天上班時有車可用
Jamne8937: 樓上那個作法很多人這樣搞啊，超沒品
Jamne8937: 要租車結果在私人土地==
whitecow: 透過OBD2很多資料可以上傳
s4455y: 強者我朋友？偷藏車超丟臉好嗎跟這種人當朋友
Ho1liday: 偷油他  XD
Ricky0421: 馬的上次就遇到自私仔把機車停在自己家 想租沒辦法
js52666: 要租那支結
rick6304: 可憐人 窮到沒錢洗澡手腳都黑黑的了
ahg: 自私仔真心可悲，活成這樣也蠻可憐的
zeze6666: 笑死 低端+9日常
Alun021: 1公里3塊錢
richmansun: 看新聞說是他一直去同一間加油站加油 加油站覺得很
richmansun: 奇怪通報irent irent再請警察去看
richmansun: 結果剛好看到他在抽油
wolfjk: 藏車真的很沒水準
snailking: 小老鼠，偷油它，下不來，啊嘰哩咕嚕滾下來
black82465: 笑死 這素質是多好呵呵
Obama19: 講話像智能不足
lucky4283: 別開車吧
k268185: 問一下租irent用加油卡加到其他車上這樣算竊盜？
M9665566: 下次會不會有人偷 iRent 的機油，把自己的廢機油換
M9665566: 過去…
st210113: 上次不是有鄉民PO文說租irent租到車被停在停車塔的
st210113: 還剛好碰到對方把車叫出停車塔想要取車XD
kevin20541: iRent加油卡上面有寫 加油站員工不會給你加奇怪的車
Power78: 遇到停自己家裡面就打給客服反應 會請員工去牽 然
Power78: 後罰最後一筆訂單的人 超爽的 最好是一直催他們
Jeff886: 這種素質的垃圾應該是開米字必噓或是低端苯舔
capri75: 加油卡有綁車號的
ppc: 垃圾，還強者咧
gogogo499: 有這些小聰明不用在正常到地方，撿角
court: 偷油偷300塊
smallkop: 和運怎麼都知道
suggestjoy: 公司加油卡上面是有登載車號的 加油站站員必須核對
suggestjoy: 加油卡車號有沒有相符 不然會出事
pchion2002: 在路邊偷有多魯 開回去自己停車場灌"
ptt,M.1699517862.A.AA6,https://www.ptt.cc/bbs/car/M.1699517862.A.AA6.html,car,[問題] 停車格標示不清導致irent後續問題,lovemayu (mayu),Thu Nov  9 16:17:40 2023,,還車、拍照、停車格,"[問題] 停車格標示不清導致irent後續問題 11/8搭高鐵去外地,並在當地租了一台irent. 租完還車停在公有停車格，並有特別確定週邊沒有婦幼或者殘障或者特殊規定的標示，當下 就安心還車走人。 當天傍晚收到了irent寄來的信，信中說我未依規定還車，把車停到限時停車位，並付了一 張照片如下 https://i.imgur.com/PwepeIx.jpg 但是照片中並
---
格是一起的。 現在irent堅持還是要再多收1000，雖然我還有反應 ，但大概率是跑不掉了。 各位租路邊租還的irent還車時除了車子狀況要拍照，還要小心停車位的坑啊QQ ---- Sent from BePTT on my Sony XQ-DQ72 ksk0516: 有其他告示牌？ lovemayu: 回樓上 我還車的時候特別看了一圈是沒看到@@ eulbos: 有街景圖嗎 larry780109: 停太偏罰錢？疑？ ksk0516:
---
facebookig: 一定有標誌 aju0921: 很簡單 去警察局 報案 說明 拿三聯單 elhazard01: 停車格龜山文三一街兩旁左右各一隻禁止標誌 地上標 elhazard01: 線僅供參考 我幫你問交通部與桃園市政府交通局了 lo","11/8搭高鐵去外地,並在當地租了一台irent.
租完還車停在公有停車格，並有特別確定週邊沒有婦幼或者殘障或者特殊規定的標示，當下
就安心還車走人。
當天傍晚收到了irent寄來的信，信中說我未依規定還車，把車停到限時停車位，並付了一
張照片如下
https://i.imgur.com/PwepeIx.jpg
但是照片中並沒有任何能完整辨識的字寫此車格為限時停車位，我還以為那些糊掉的字是跟
原本尚未塗銷乾淨的網狀格是一起的。 現在irent堅持還是要再多收1000，雖然我還有反應
，但大概率是跑不掉了。
各位租路邊租還的irent還車時除了車子狀況要拍照，還要小心停車位的坑啊QQ

----
Sent from BePTT on my Sony XQ-DQ72","ksk0516: 有其他告示牌？
lovemayu: 回樓上 我還車的時候特別看了一圈是沒看到@@
eulbos: 有街景圖嗎
larry780109: 停太偏罰錢？疑？
ksk0516: 如果真的標示不清根本陷阱
SShirakawa: 其實我有看到性禁停，時段兩字可能糊掉了
lovemayu: 回樓上 我以為那組字是跟糊掉的網狀線一起註銷的
lovemayu: 另外停太偏應該是他們工作人員移車是拍的 我停的很
lovemayu: 正
wmdlifecoba: 有夠雖
j27710146: 通常旁邊要有告示牌，你可能要找一下
aju0921: 告他 這肯定很多人吃鱉了 別讓它繼續玩下去
facebookig: 一定有標誌
aju0921: 很簡單 去警察局 報案 說明 拿三聯單
elhazard01: 停車格龜山文三一街兩旁左右各一隻禁止標誌 地上標
elhazard01: 線僅供參考 我幫你問交通部與桃園市政府交通局了
lovemayu: 回樓上 我去的是竹北XD
elhazard01: 一樣 你有看清楚道路上有無圓形禁止標誌嗎？ po路
elhazard01: 段出來 自然有網友可以確認
j07242054: 停的位置標出來 會有人知道的
lovemayu: 位置是竹北仁孝街附近 詳細位置我真的忘了
wcptt: 看街景好像沒有牌子，用這張照片向監理站申訴不行再
wcptt: 上行政法院
lovemayu: 感謝樓上 我申訴看看
kokowanter: 是停在這兒嗎? https://i.imgur.com/LzOCK40.jpg
ymy7171: 竹仁國小後門 確實有分時段
kokowanter: 中間的告示牌 https://i.imgur.com/8aXpy84.jpg
ymy7171: https://maps.app.goo.gl/MxegjRjb9r4FfRuC9
elhazard01: https://reurl.cc/y60b12 文三一街這邊連漆都沒有
elhazard01: 被施工單位刨除 但一樣可開罰
elhazard01: https://reurl.cc/ga3bWX
lovemayu: 阿這...  慘
elhazard01: 聽說被罰了12張 很生氣想找議員消單"
ptt,M.1695853256.A.E61,https://www.ptt.cc/bbs/car/M.1695853256.A.E61.html,car,[問題] 適合新手練車的iRent租亭,herballynn (herballynn),Thu Sep 28 06:20:54 2023,,停車格,別人車了 willson1211: 淡水新市鎮比較偏僻那區，蠻多道路幾乎沒什麼車，而 willson1211: 且有路邊停車格，稍微注意一下可以練習 cityport: 除非是桂林路家樂福停車場，不然比駕訓班還沒用 cityport: 剛考到駕照,"不好意思 想請問..
  剛考上駕照想維持手感 請問台北早上九點前有哪個iRent租亭是沒甚麼車輛的大型停車場？  想利用同站租還的方式在停車場內練習。


-----
Sent from JPTT on my Sony XQ-CC72.","jdkcupid: 9點前是交通最尖峰的時間，你要在那個時間練車？
deepdish: 上面文章影片到花蓮練車zzzzzz誰要去花蓮
herballynn: 對 我想避開尖峰時段練車 所以基本上是在假日練習
herballynn: 平日要練也是七點前
brucielu95: 別鬧 租車練車害人害己
brucielu95: 買一台吧
primeblue17: 假日早上6點出門 雙北所有地方都少車
primeblue17: 大佳公園那邊看有沒有得租
roger840410: 安心險記得保
jack2: Irent的點都很方便,表示都在市區,大概很難找適合的
jack2: 樓上建議在河濱公園附近租是個好方法,時間早一點
kelon: 停車場到底是能練啥車 想到兩年前被停車場練車的撞
kelon: 就氣
andyeva: 遇到這種車閃遠點準沒錯
aiming: 看來大家都沒有新手時刻
vic4807: 沒人一開始就會開的吧......
buyfood: 決定地點後，麻煩公布一下，方便避開謝謝
Sayokonight: 找個會的帶著你開，不要自己去，然後安心險必保
fallheart: 搭高鐵去中南部停車場練啊
qwe8526545: 建議，找晚上11點過後人潮變少的時間練習，別限定停
qwe8526545: 車場，停車場練不到什麼，路上的亂衝機車才是要練的
qwe8526545: 。安心保記得保起來
leo255112: 車板板眾一出生就是老司機，強
gstym: 上班經過西湖捷運站旁邊停車場有看到幾台irent 那停
gstym: 車場滿大的應該滿適合練習  記得要請人陪你一起練
gstym: 不要撞壞別人車了
willson1211: 淡水新市鎮比較偏僻那區，蠻多道路幾乎沒什麼車，而
willson1211: 且有路邊停車格，稍微注意一下可以練習
cityport: 除非是桂林路家樂福停車場，不然比駕訓班還沒用
cityport: 剛考到駕照有啥手感？你目前還是不會開車的狀態好嗎
gstym: 如果大家推的都太遠 就去irent app找一下定點地址
gstym: 用街景去看一下就知道適不適合了
macinwould: 停車場練沒啥問題吧 難道要回駕訓班練S型倒車嗎
acesslai: 停車場沒注意的一樣不少，只是封閉道路而已，建議
acesslai: 還是到路上練，6點之前都算車少
acesslai: 安心險保下去，沒煩惱
keineAhnung: 租亭
ChungLi5566: 停車場只能練停車吧 在裡面繞小心撞到人
TwiEnable: 湯城 假日沒啥車
Lazzaro: 推 我在淡海練的
gn00273680: 木柵那邊停車塲超大呀
MilkTeaMan: irent大賺一筆的機會
avcds1111: 要練其實直接上路比較好
foucault1984: 你要走什麼路線講一下讓大家避開
kelon: 停車場如果停滿車視線比一般道路還差的吧
TSMininder: 開啟irent 看定點取車的有哪幾個點 再配合google
TSMininder: 地圖 看那取車停車場實際的街景圖  這樣就知道了
TSMininder: 自己的賽道自己選 我這幾天先避開 謝謝
longkiss0618: 幫新手推 不然鍵盤鄉民建議怎麼練車?
ilovedirk41: 鄉民都一考到駕照 就北宜 山路 高速 菜市場
GymRat: 同站租換的很多都停車場
william1428: 剛考到駕照的時候 老爸都帶我去河濱練
chbio: 之前去內湖美麗華附近租車，再到旁邊的河濱公園練
chbio: 習
chbio: 建議還是找教練帶你實際上路，家人或朋友不一定有耐
chbio: 心
t5p3ax: 聽說租車撞到會賠到脫褲？
kcey: 開家裡的車練啦 租車又不是撞到不用賠
LiebeLion: 去淡海新市鎮那邊學 都沒車路又大條
nwkasim: 新手沒人陪在停車場練很危險，租車風險不用說，停車
nwkasim: 場算私人土地保險理賠很麻煩
loveme00835: 沒車根本練不起來
loveme00835: *沒其他車
nwkasim: 停車場技術不好很容易擦到別人的車門，葉子板，保桿
nwkasim: …你口袋夠深嗎？
lp123gbaj: 我一考到駕照隔天就下麗寶了
fuhaho: 先上高速公路練心臟 外側龜好
about99999: 建議直接開上路 但要有人在旁指導幫忙注意才上手的
roger840410: 安心保險會賠吧，不要撞到人都好說。頂多之後被拒
about99999: 快
roger840410: 租
winds800419: 加油
Qunnine: iRent台大A[羅斯福路側]
aw038: irent和運濱江站，然後直接開去大佳河濱
Lowpapa: 租車賠更大  傻傻的   直接買
acesslai: irent有安心險，不怕
linkinchez: 果然車版很多人剛出生就會開車，保險的選項不要省
linkinchez: 先在停車場熟悉一下車子，再往外開。
callmerain: 不離峰練車嗎
manorange610: 停車場擦撞記得無法開報案三聯單
manorange610: 先跟客服確認好能不能用安心出保
tswen: 直接開出去了嗎 原地練不到東西
aspdoctor: 我剛考完駕照是用GTA練習路邊停車的，真的有幫助
t5p3ax: 不是剛出生就會開，只是沒說花多少錢練習而已。我
t5p3ax: 當初還沒拿到駕照就買新車，各種擦撞修了大概10萬
t5p3ax: 。練習出事的應該都有，不好意思講而已吧
hank0422: 土城中央路三段184巷內有個很大的停車場，角落沒車
hank0422: 都是草
ChungLi5566: 會開車跟熟練是兩回事 駕訓班出來誰不會開車
ChungLi5566: 要熟練就只能多開上路
info1994: 要學會開車直接去國道最快 不騙你
info1994: 不然真的像板友那樣 我也是用GTA練怎麼彎比較順
info1994: 反正現在irent都是三寶 不差你一個
icome: 租小鴨海蝕洞練車
turewish: 找個會開車的朋友上路練比較有用
salesperson: 哥剛考完駕照隔天就上高速了，現在的年輕人真廢
sansiaman: 新手就花錢找教練跟車，不要在停車場亂
alasxyz: 順便繞去加油站++U造福下一個人
Feite9372: 找道駕教練真的很快，大約1個月後，加上如果有自己
Feite9372: 的車，就趕慢慢上路練習了，前提要謹慎點開
Feite9372:                      敢
Feite9372: 練停車場場地1-2次繞行練轉彎就夠了，你遲早還是要
Feite9372: 開出去
milker: 新店啊
bboywhite: 你的做法只適合練習停車
Killercat: 駕訓班都有付費道路駕駛教學 花點錢去吧
Killercat: 我老婆也是付了錢買個課程以後就開得相當不錯了
eulbos: 我都在停車場裡面繞圈 練得很開心
eulbos: https://streamable.com/83kxxh
ar109982: 剛考到駕照的時候，老爸直接帶我開山路 開到快三峽
ar109982: 滿月圓…
mrLian: 跟送肉粽一樣 公布時間大家避一下
ailycat: 認真回，有在花蓮租車練過。不過停車場裡沒什麼好練
ailycat: 只有停車可以練    還是要開到路上比較好
fukku100: 北市11點後直接上路 找個會教的陪
jerryx35: 去人車少的地方練
herballynn: 謝謝大家的叮嚀 我也很怕撞到人車 所以會在無其他車
herballynn: 的時間空間做練習 你們應該是遇不到我的。
qqq15963: 找河濱公園的租點 安心服務買好買滿 有事能免車損營
qqq15963: 損
pouy: 不要貪便宜關掉安心服務就好 要是有什麼小刮傷能免
pouy: 車營損
LeoYuri: 新手雙手握好方向盤，腳隨時踩剎車，注意力集中就好
LeoYuri: 了，不要選沒人的地方練，人越多越好，你開半小時基
LeoYuri: 本上就不怕開車跟騎機車一樣簡單"
ptt,M.1694078702.A.638,https://www.ptt.cc/bbs/car/M.1694078702.A.638.html,car,[討論] iRent違規的比例是不是比較高,Aqqqa (Aqqqa),Thu Sep  7 17:25:00 2023,,還車、停車格、罰單,"得檢舉嗎? A80211ab: 上次在清境看到一台開到山溝 車丟了人就跑 kivan00: 我前陣子才聽到有人覺得共享車罰單不會算在駕駛頭上 kivan00: 的 莫忘世上白痴多 Lowpapa: 遠離irent Aixtron: 好奇記點制度
---
作自己在做功德 george31708: 建議大家一起來 george31708: Irent 那麼大公司一定有專人處理罰單這種小事。不 george31708: 用為他們擔心。 jdkcupid: 可以確定平常不開車的比例一定比總體的比例高，
---
nyFinn: 覺得車不是自己的不用怕，所以放大絕？ hakkiene: 第四寶 cyc800715: 上次我在華泰旁的停車格看到irent 玩碰碰車呢 cyc800715: 還不止一次 accord931: 最近少很多i車，可能三寶都被扣牌了
---
13: 我也發現我檢舉超多CRV ，比頭又大跟其他本田還多 danny30716: 我家附近的停車場要Irent停去7樓還車，但每個都其他 danny30716: 樓層隨便停，都文盲了看的懂交通標示才神奇呢 jdkcupid: 推文一堆統計上的","在路上看到很多iRent駕駛開車亂開的比例很高
有人說是因為年輕人租車或是新手練車
所以駕駛觀念比較不足
可是我看更多的是熟門熟路違規
而且開的也很猛很狠
不像新手
像是特別喜歡佔轉彎專用道直行
可是如果前有待轉車
他們變道插隊很純熟
是因為覺得開iRent別人比較懶得檢舉嗎?","A80211ab: 上次在清境看到一台開到山溝 車丟了人就跑
kivan00: 我前陣子才聽到有人覺得共享車罰單不會算在駕駛頭上
kivan00: 的 莫忘世上白痴多
Lowpapa: 遠離irent
Aixtron: 好奇記點制度上路，算誰的？難道irent要天天去辦移
Aixtron: 轉？
MansonShih: 珍惜生命，遠離iRent Lexus Volvo
Aixtron: 嗯！V真的當坦克開的很多！
asgardgogo: 丟車就跑大概是通緝犯叫人頭租的吧
george31708: 我最喜歡檢舉irent和CRV，當作自己在做功德
george31708: 建議大家一起來
george31708: Irent 那麼大公司一定有專人處理罰單這種小事。不
george31708: 用為他們擔心。
jdkcupid: 可以確定平常不開車的比例一定比總體的比例高，平
jdkcupid: 常不開車的人違規的比例，可以預期也比平常會開車
jdkcupid: 的人高，所以邏輯上違規的比例比較高，也是很合理
A80211ab: 駕駛是個女生喔~~
bgdy0857: 不只違規還很會搞事 遠遠都能感覺到車主的憤怒
bgdy0857: https://i.imgur.com/lwEH2Fc.jpg
yuen0000: 比起iRent 我更喜歡檢舉垃圾黃
kiwi03: iRent最常在各大賣場停車場遇到
ultratimes: 老手不會轉彎道直行，也不會直行道左轉
ultratimes: 而是轉彎道排隊，切到直行道最前面再插進轉彎道
ultratimes: 我看過小黃司機這樣開，小黃司機絕對是老手
tripot: 租車的一半是為所欲為 另一半是莫忘初衷 你說呢
PennyFinn: 覺得車不是自己的不用怕，所以放大絕？
hakkiene: 第四寶
cyc800715: 上次我在華泰旁的停車格看到irent 玩碰碰車呢
cyc800715: 還不止一次
accord931: 最近少很多i車，可能三寶都被扣牌了
Bozhi: Crv xdd
afune12369: 沒有比超老車全身鈑金凹陷來得高
Gauss: 4
lizard30923: 租車業真的是讓這些久久開一次的三寶駕駛上來擾亂
lizard30923: 交通的罪魁禍首
baritone7563: 計程車比較需要大家檢舉 謝謝
cokellen: 珍惜生命，遠離 iRent
s10117945: 雖然iRent駕駛良莠不齊但路上最大的三寶還是私家車
s10117945: 吧垃圾一堆
alex00089: 三寶猴子車
alex00089: 出租車幾乎都一樣
q840813: 我也發現我檢舉超多CRV ，比頭又大跟其他本田還多
danny30716: 我家附近的停車場要Irent停去7樓還車，但每個都其他
danny30716: 樓層隨便停，都文盲了看的懂交通標示才神奇呢
jdkcupid: 推文一堆統計上的廢話，
jdkcupid: 我還知道中國三寶人數一定比台灣多
Bozhi: crv很多耍小聰明左轉車道當直行車道開的
bndan: 租車=>不常用車=>同假日三寶...開車很吃熟練度 = =
bndan: 會不會守規矩一回事 有沒有能力/熟練度守規矩另一回
bndan: 事
louder1369: 路上兩個品牌的車比小黃誇張多了 正H 歪L
lijim: 那C300猴子怎麼辦？
aw962j: 沒差，讓這些屌樣出事自己包一包
qqq12380: 雙B +9 流氓 沒人敢噴只敢噴 I rent
sswy: 我覺得是因為irent顯眼所以就被一直靠北，要不然正
sswy: 常人哪會記得哪台車天天看到，有沒有違規
kelon: 有次吃飯聽到隔壁大學生聊他怎麼租iRent亂開的故事
zxcvbnmnbvcx: CRV才是王者
austin0353: 老手就不違規？
rockhart: 是，都迫害居多
rockhart: 屁孩
yangway: 對不起 我沒停車位所以只能租irentQQ
takeshi345: 印象問題 三寶不分車 只是irent比私家車有記憶點
pouy: 有沒有可能只是irent車多"
ptt,M.1687797531.A.ED7,https://www.ptt.cc/bbs/car/M.1687797531.A.ED7.html,car,[問題] irent 臨櫃租車,AZ54171 (台北情勒王),Tue Jun 27 00:38:49 2023,,還車,你一起檢視車況 Vongola29: （車檢表）我之前去花蓮禮拜4中午12點租，禮拜六中 Vongola29: 午12半還車總共$6540，我租CC，車況還算不錯 xu3: 臨櫃租車壞處是還車要在他營業時間還車，不像iren xu3: t隨時可還車，好處是車子會比較乾淨 gg8n8nd34ss: 你要在高鐵站租就直接從高鐵假期買高鐵票+租車 會 gg8n8nd34s,"下個月打算跟朋友去玩
想說租車方便
用irent app上傳證件等審核也快一個月了
都還沒收到通知
想說看高鐵站都有櫃檯
不知道能不能直接在櫃檯租呢？","capri75: 臨櫃跟iRent沒關係了 就是一般租車 要帶駕照正本跟
capri75: 信用卡去
mdk3500: 和運會員和iRent會員不一樣吧
Vongola29: 臨櫃就和運，我自己都先去官方下訂單，之後再到現
Vongola29: 場跑
Vongola29: 簽一些資料跟確認車況（快的話10分鐘內，人多的話
Vongola29: 要20-30分鐘）臨櫃好處是人員會陪同你一起檢視車況
Vongola29: （車檢表）我之前去花蓮禮拜4中午12點租，禮拜六中
Vongola29: 午12半還車總共$6540，我租CC，車況還算不錯
xu3: 臨櫃租車壞處是還車要在他營業時間還車，不像iren
xu3: t隨時可還車，好處是車子會比較乾淨
gg8n8nd34ss: 你要在高鐵站租就直接從高鐵假期買高鐵票+租車 會
gg8n8nd34ss: 比較便宜
gg8n8nd34ss: 但高鐵假期的車好像只有Yaris 跟Vios 就是了
richmansun: 臨櫃跟irent不一樣 irent可以打電話到客服請他馬上
richmansun: 人工審核 之前上傳完馬上打去審核
Statham: 打電話 有時候是資料卡住 人工處理馬上就核下來
ianallen2: irent現在的車都爛的要命 車內煙味又重 租過幾次
ianallen2: 發現沒有比較便宜 只是方便 現在寧願跑遠點去實體
ianallen2: 店租車
ALBERTLEO: irent真的爛了 菸味超重 客服還要我自己去附近租其
ALBERTLEO: 他車看看
wondada: irent現在也一堆8+9租車，車子環境被弄得很糟。
summer08818: irent本來就是主打方便而已啊
Chian3675: irent做太好的話 頭又大銷售量可能會跌
suggestjoy: 大學生租來練車把妹的 不用期待
fzerr: 臨櫃租油錢跟IRENT一樣算法 只能說 很有趣
baychi999: itent就是臨時租個方便的 臨櫃還是便宜點 但里程費
baychi999: 真的收的很迷 還是喜歡找油錢自付的
tnssh211448: 打客服請他人工處理   約一小時就搞定
jrtime: 請客服人工審核一下很快就過了
B00230022: https://i.imgur.com/OXugZTc.jpg"
ptt,M.1685542003.A.956,https://www.ptt.cc/bbs/car/M.1685542003.A.956.html,car,Re: [分享] 租到別人的iRent怎麼辦？,chaostorm (endless avenue),Wed May 31 22:06:41 2023,,還車、定位、停車費,TurtleGods (我阿肥拉)》之銘言： : 是他們牽車的時候發現找不到這台車 : 還是先把車子叫出停車塔，可能因為停車費吧 : 但是叫出來後還是找不到這台車 : 因為早被我預約了 : 只好找和運救他們 原PO辛苦了 以前也租過被搞找超久 有點好奇 不知道有沒有可能定位只能在特定區域才能還車 不然就持續計費的方法呢？ TurtleGods: 有阿，同站點還車 syldsk: 得要看定位的準確度啊 kutkin: 就算同站租還還是有人會亂搞的,"※ 引述《TurtleGods (我阿肥拉)》之銘言：
: 是他們牽車的時候發現找不到這台車
: 還是先把車子叫出停車塔，可能因為停車費吧
: 但是叫出來後還是找不到這台車
: 因為早被我預約了
: 只好找和運救他們
原PO辛苦了
以前也租過被搞找超久

有點好奇
不知道有沒有可能定位只能在特定區域才能還車
不然就持續計費的方法呢？","TurtleGods: 有阿，同站點還車
syldsk: 得要看定位的準確度啊
kutkin: 就算同站租還還是有人會亂搞的"
ptt,M.1685432199.A.A04,https://www.ptt.cc/bbs/car/M.1685432199.A.A04.html,car,[分享] 租到別人的iRent怎麼辦？,TurtleGods (我阿肥拉),Tue May 30 15:36:36 2023,,還車、定位、拍照、停車費、停車格,": 找不到車就會放棄 QuentinHu: 不趕時間的話就跟他對耗 XD ninnyshadow: iRent路邊租還的還車正常情況不能停在停車場裡的 lol1230102: 有時間就站對面陪他們等 反正他們也不知道是你 ninnyshadow
---
avgirl: 看不懂 不懂租車流程 漏洞? korsg: 有夠哭xd QuentinHu: 以前也有碰過gogoro定位在有門禁的住宅區內，一開 QuentinHu: 始還以為是定位飄掉結果繞了一周都沒找到，只好放 QuentinHu: 棄。這個用停車塔偷租金的方式真是更上層樓了 maplefoxs:
---
回答 真的很台灣人作風!!!! skull0107: 和運什麼都知道啊 avgirl: 就是省了沒用車時的車租金 用停車費代替的意思? avgirl: 然後也不用再重新找車 私人物品還可以擺車上呢? Statham: 搞死他們 偷雞摸狗的混
---
能新手小白不知道還是說絕對故意的阿 auditore: 把共享車鎖進停車塔的垃圾 auditore: 如果是新手 就不會還車 原PO就不會租到車 auditore: 這跟把Irent停回自己家讓別人租不到概念一樣 auditore: 要用的時候才按租車 別人都用不到 avgirl: 正常人是 車子我還在使用，停好車也不會按還車 t340081231: 超垃圾 台灣人素質 QuentinHu: 和運的專員不能主動解除預約阿，除非你要求 avgirl: 但偷雞摸狗的就按還車 然後讓別人開不走 自己要開 a1280547: 那有沒有irent停在自家社區大樓的 avgirl: 時再按租車就馬
---
車仔還用這種奧步，台灣最美麗的風景，原po真 kingdomsss: 壞XD QuentinHu: 因為iRrent現在還車不用強制拍照，可以填地點 QuentinHu: 他不拍照 隨便填寫一個位置 甚至他就明白寫在停車塔 QuentinHu: 真的要用車的人1. 找到放棄 2. 直接放棄 VVVV
---
租還比較有保障 frf2pujols17: 溫馨 hhhhirooo: 上次看到推文板友說租iRent去賣場，停好車就按還車 hhhhirooo: ，結果買一堆東西出來車被租走XDD cakin: 這樣霸佔車果然台灣人沒有極限啊 gx99008
---
: 20分鐘真的對這種垃圾太善良 FunkySoul: 推 Binomial5566: 推啊 活該 qazxc312: 停車費都付了，妳要走過去開啟帳號直接把車開走 s6h0a5n1e2: 笑死XD xulglma: 如果再退再約能再卡30分鐘嗎
---
識增加了 Sayokonight: 沒租過iRent…看完樓上還是沒全懂 fantasywing: 和運路邊租還，是有限還車的地方的，不是每個停車 fantasywing: 場都可以還 fantasywing: 為了讓這台車還了車以後別人租了開不走，故意停在 fantasywing: 停車塔，只有他們才有代幣可以開走 wings0713: 假設租車一小時200，停車費一小時50。 wings0713: 他們把車開到停車塔停，按還車，就不需要繼續付租 wings0713: 車費，只需要付停車費，別人因為沒有票卡所以無法 wings0713: 把車叫出來，等於這段時間只有他們能用車。 fantasywing: 另
---
vgirl: 停車塔車子下來之後，霸佔者直接按預約又可以馬上開 avgirl: 走 avgirl: 但應該沒想到車子在付停車費的過程中被預約走 avgirl: 付停車費之前應該會確認有無被預約，如果被預約走 avgirl: 就會先不付停車費，等人取消 avgirl: 不過遇到車子被卡這種機率超低，這種人下次會更注意 avgirl: 一定依然故我，畢竟不守規矩
---
12345: 最美的風景 TosakaSakura: 機車也是啊 很多停到自家車庫的 s880036: 欸，現在可以不用拍照了喔…我太久沒用了 arcross: 時間到了可以手速預約下一輪嗎 arcross: 一直預約下去卡死他 ryu38:
---
R超多被停進1樓民宅的，附近只有那棟建築物不可 jyunwei: 能停到別的地方 jhay: 和運也夠爛 私人停車塔還能還車 EdgeOfPeople: 笑死 制裁的好啊 applewarm: 幹得好 BigHurt: 長知識 讚 demo68
---
: 這不就是共享單車的常發生的事，只是換到汽車上了 yeng1217: 竟然有這種北爛卡位法 ariesd: 沒特定地點還車就會出這些鳥事 Tahuiyuan: 無言，台灣不只有霸占免費電的賤民，還有這種租車 Tahuiyuan: 奧客，要是有
---
ashBF: 原來還有這種玩法，漲姿勢 joson4921: 推實作2 笑死 bluesky0928: 有次也租一台路邊還車的irent，前一個人直接還在悠 bluesky0928: 遊卡進出的停車場，但我租了要出停車場才知道，浪費 blues
---
在停車 sky419012: 場 有人預約發現在停車場內 可是沒代幣不能領車 sky419012: 所以放棄後 他們繳完停車費又能用車了 只是剛好原PO sky419012: 預約到這台車 sky419012: 我的理解是這樣沒錯嗎?0.0 XI
---
訴 和運有規定不能停在那種地方 iMANIA: 共享機車停在私人車庫裡的狀況也不少見 顆顆 kgii: 違規停車還可以按還車？ hdw: 原來有這招...真是太無恥了 jorden: 台灣人能把共享機制玩成這樣 真的佩服 rojin: 原 po
---
iellin435: 故意的啦 社團不少人都遇過 鬼島人哈哈 daniellin435: 但很好奇會用路邊租還都這麼會找停車格嗎，我都只敢 daniellin435: 用同站的 Brail5656: 真的很傻眼 sing60905: 租車不是都等於同意甲方條款 建議和運加一條 sing60905: 違規還車罰10萬 保證這些底層蟑螂會消失 nigatsuki: 之前在台北真的都只能找調度停車場，不然路邊真的 nigatsuk
---
用，但該繳費的租車費用以及停車 z2oiidxii: 費用還是要由他們繳納，是這樣嗎？ summer08818: 他按了還車就不用繳租金 如果沒被抓或檢舉 他就只要 summer08818: 花停車費就能一直佔著車子 （沒被預約到的話） summer08818: 因為停這種非路邊的 別人沒票卡根本沒辦法領車來用 tax
---
玩壞還沾沾自 rz759: 喜的一群人 rz759: 不過如果不是臨時需要，還是選同站租還比較好，不 rz759: 用找停車格或導航去調度停車場，車也比較好。 z2oiidxii: 自從買車後已經兩年沒租了，我怎麼記得還車的時候 z2oiidxii: 除了手機借還外還必須將車鑰匙放回手套箱？鑰匙上 z2oiidxii: 不是都會有感應，如果沒能放回手套箱就沒辦法還車 z2oiidxii: ？這樣他們就不能用這招了吧？還是我記錯了哈哈哈 tangojack: 可以自己解除再預約好幾次嗎
---
長見識了XD wagwag: 這種租法真的可以當成類私家車了 所有家當放車上也 wagwag: 沒問題。就算開出去只要不還車也沒人能租 oioio1688: 好扯喔 有夠沒水準 ianallen2: 拉雞！話說現在irent素質都很差 車子煙味","小妹上週啊
 
歡天喜地的下班後，想租台車跟我哥開回家去
 
預約好了走到定點，喔幹怎麼是停車塔裡面？
 
想說繳個錢開走，再跟iRent申請時數
 
喔幹X2，他要投代幣才能繳錢叫出車子
 
我正準備要投訴的時候，就看到我身後有人叫出車子
 
https://i.imgur.com/msX2D8W.jpg
（應該不用碼吧？解析度沒很好）
 
 
靠北這不就我預約的那一台嗎？
 
這個時候我該？
 
 
 
1.直接衝過去把車開走（可是我怕被打）
 
2.看著他們卡在停車塔一樓，笑他們
 
3.Call 和運
 
 
 
我還沒call和運，他就先打來了
 
麻煩我解除預約，我是選2跟和運說等我一下ＸＤ","QuentinHu: 這兩個，自以為聰明的垃圾，他是在想人家要取車，
QuentinHu: 找不到車就會放棄
QuentinHu: 不趕時間的話就跟他對耗 XD
ninnyshadow: iRent路邊租還的還車正常情況不能停在停車場裡的
lol1230102: 有時間就站對面陪他們等 反正他們也不知道是你
ninnyshadow: 這種就貪小便宜的雞掰郎手動把車扣住
avgirl: 看不懂 不懂租車流程  漏洞?
korsg: 有夠哭xd
QuentinHu: 以前也有碰過gogoro定位在有門禁的住宅區內，一開
QuentinHu: 始還以為是定位飄掉結果繞了一周都沒找到，只好放
QuentinHu: 棄。這個用停車塔偷租金的方式真是更上層樓了
maplefoxs: 就是車放那別人租不走 他要開時再付錢的意思
Aukid: 我都直接檢舉
m996360: 他們怎麼知道你的電話
m996360: 原來是和運打給你 我以為是對方打給你
avgirl: 感謝回答  真的很台灣人作風!!!!
skull0107: 和運什麼都知道啊
avgirl: 就是省了沒用車時的車租金  用停車費代替的意思?
avgirl: 然後也不用再重新找車  私人物品還可以擺車上呢?
Statham: 搞死他們 偷雞摸狗的混蛋 降低其他使用者體驗
lightmei: 原po高EQ，這是好作法
avgirl: 遇到這種絕對卡死他們 讓他們心急如焚
aal: 不太懂，為什麼和運會打給你?因為他們打給和運嗎?
ayhlee: 也太扯了吧...幹的好..
avgirl: 這會不會是有可能新手小白不知道還是說絕對故意的阿
auditore: 把共享車鎖進停車塔的垃圾
auditore: 如果是新手 就不會還車 原PO就不會租到車
auditore: 這跟把Irent停回自己家讓別人租不到概念一樣
auditore: 要用的時候才按租車 別人都用不到
avgirl: 正常人是  車子我還在使用，停好車也不會按還車
t340081231: 超垃圾 台灣人素質
QuentinHu: 和運的專員不能主動解除預約阿，除非你要求
avgirl: 但偷雞摸狗的就按還車  然後讓別人開不走 自己要開
a1280547: 那有沒有irent停在自家社區大樓的
avgirl: 時再按租車就馬上搜尋到那台 繼續開    真的欠弄欸!
george31708: 絕對是故意的啊 這種我記得不是會被記點嗎？
yuanjang: 這情況和運沒有對應的措施嗎？居然請預約者放棄
Lee7777: 還可以這樣哦...
marauder08: 哇屋，想不到還有這種招數耶，長見識了，謝謝原PO
Lee7777: 應該很常見，和運才會即時補時數給你。第一次遇到
Lee7777: 應該狀況外聽不懂你在講什麼
sansiaman: 真垃圾，搞他們剛好
marauder08: 也想知道如上面其他版友說的，停回自己家的，等於
marauder08: 直接霸佔這台車，怎麼辦呢？
shamanlin: 那種情況和運只能先要你配合他們正常
shamanlin: 但事後他們應該會追責
QuentinHu: 被其他人發現會被檢舉，幾次就被停權了
shamanlin: 這表示上一個租的停放的時候提供虛假位置
lizardc1: 台灣最美的風景是人
kingdomsss: 屁孩租車仔還用這種奧步，台灣最美麗的風景，原po真
kingdomsss: 壞XD
QuentinHu: 因為iRrent現在還車不用強制拍照，可以填地點
QuentinHu: 他不拍照 隨便填寫一個位置 甚至他就明白寫在停車塔
QuentinHu: 真的要用車的人1. 找到放棄 2. 直接放棄
VVVV5555: 有這麼乞丐的嗎…
QuentinHu: 原PO是無心插柳柳橙汁才搞到對方，如果必須要用車的
QuentinHu: 情形 原PO也一定要取消這台的預約才能預約別台車
l90289312: 真她媽一堆乞丐，租不起不會用走的?  殘障?
werttrew: 沒租過這種，為什麼他們會卡在一樓？
clark3530: 停車塔會把車送到一樓......
ccc101419: 我也碰到租goshare在別人社區停車場裡面的，真的很
ccc101419: 78
fck01: 馬的勒，上次也遇到這種，浪費我時間，在柵欄機前
fck01: 來回試好幾次都出不去，最後只能停回去客服退錢。
MVagusta: 送客服停權
chingyun8245: 選停車場租還比較有保障
frf2pujols17: 溫馨
hhhhirooo: 上次看到推文板友說租iRent去賣場，停好車就按還車
hhhhirooo: ，結果買一堆東西出來車被租走XDD
cakin: 這樣霸佔車果然台灣人沒有極限啊
gx9900824: 原來如此！
sma24934721: 笑死，開去賣場車被租走
www456789789: 超衰小，台灣人素質呵呵
corner0111: 唉  這種水準  把共享制度玩爛
afune12369: 台灣人霸佔、卡位戰術百百種
deamo0708: 看著舒服
td770715: 卡在停車塔一樓也太療癒了吧
freshbox7: 要我就讓他們等一天，再怎樣也至少半天，反正客服
freshbox7: 不能主動取消，他們代幣也還不了，停車場要找欠費
freshbox7: 和運也會找前駕駛
freshbox7: 20分鐘真的對這種垃圾太善良
FunkySoul: 推
Binomial5566: 推啊 活該
qazxc312: 停車費都付了，妳要走過去開啟帳號直接把車開走
s6h0a5n1e2: 笑死XD
xulglma: 如果再退再約能再卡30分鐘嗎？
a894392000: 簡單說就是這些垃圾沒錢買車還把大家可以租的車子
a894392000: 佔為己有？
a894392000: 台灣人真的是垃圾很多 什麼充電樁群組 連irent都有
a894392000: 白癡要霸佔 真的挺可悲的
snowcoat: 退預約然後請哥哥幫你預約 再卡半小時 (欸)
Dorae5566: 會這樣做的人，你過去取車一定被8拳揍
casper67831: 請問霸佔的好處是什麼? 不就只是省去預約流程而已?
snowcoat: 霸佔=不用拿行李下車啦
morrishh: 共享變專用阿
jshk: 沒代幣就無法取車，佔便宜真聰明，卡死他們
a894392000: 霸佔=變相分超多期持有汽車 而且不用負擔維修成本
a894392000: 感覺就是窮8+9會幹的事情
a894392000: 需要用車可以馬上使用 就是垃圾沒錯
Jasforwe: 共享 必成 獨爽
dslite: 他們又預約不到那台 打過去和運還理他？
casper67831: 感謝告知~ 奇怪的知識增加了
Sayokonight: 沒租過iRent…看完樓上還是沒全懂
fantasywing: 和運路邊租還，是有限還車的地方的，不是每個停車
fantasywing: 場都可以還
fantasywing: 為了讓這台車還了車以後別人租了開不走，故意停在
fantasywing: 停車塔，只有他們才有代幣可以開走
wings0713: 假設租車一小時200，停車費一小時50。
wings0713: 他們把車開到停車塔停，按還車，就不需要繼續付租
wings0713: 車費，只需要付停車費，別人因為沒有票卡所以無法
wings0713: 把車叫出來，等於這段時間只有他們能用車。
fantasywing: 另外這真的是造成原po困擾阿，浪費時間開不到車，
fantasywing: 而且照原本的規定，預約沒取車會被扣點
scptt25: app有喇叭功能，叭他個咪咪冒冒，讓他們社死
qazxc312: 現在應該都要改成車牌辨識了，還有代幣的停車塔？
fjuting: 遇過goshare停在車庫裡，按找車鍵結果車庫裡在響…
Rudolph0726: 有這麼可憐的嗎，真要用那麼久租超過10小時就是最
Rudolph0726: 高上限了阿
takay: 還有個疑問，停車塔是如何把車送到一樓？
solidmiss: 是我就厚臉皮過去 手中帶著剛買的棒球棒
solidmiss: 樓上 他們已經先投代幣 跟停車塔呼喚車了
roberttony: 靠邀 就立體停車塔啊 大哥
mynewid: 笑死
roberttony: 想知道停車塔怎麼運作 你可以去看不可能的任務：鬼
roberttony: 影行動
takay: 不是啦，我以為是前一個租的沒來處理，這樣還下得去
takay: 現在看懂了=.=
roberttony: 我想說你的問題也太跳
mathrew: 很閒就跟他耗，沒空就離開跟他耗
fred0755: 就陪他們玩啊 垃圾哈哈
fred0755: 太好笑了 有代幣開不走車應該很慌吧
avgirl: 八成賭後面預約者找不到車會取消預約
avgirl: 結果沒想到剛好被人家看到車子停在停車塔
avgirl: 停車塔車子下來之後，霸佔者直接按預約又可以馬上開
avgirl: 走
avgirl: 但應該沒想到車子在付停車費的過程中被預約走
avgirl: 付停車費之前應該會確認有無被預約，如果被預約走
avgirl: 就會先不付停車費，等人取消
avgirl: 不過遇到車子被卡這種機率超低，這種人下次會更注意
avgirl: 一定依然故我，畢竟不守規矩的成本比較低
SUZUKI5566: 這絕對是故意的啦，讓客服去跟他玩
bilibala: 看推文才懂你的故事......我想知道他這樣不能開車，
bilibala: 別人可以領車嗎？
t21: 說不定還用信用卡的免費停車。XD
avgirl: 讚喔 信用卡免費停車，又卡車子使用權 數學天才欸!
kusou86el: 我之前租機車 上一個停在ikea裡面 結果還是被我找到
kusou86el: 騎出來XDD
leoz69927: 台灣人真的很雞掰各種花式省錢法
xu3: 下次學乖了，要先按預約，有預約到再投代幣把車子
xu3: 叫下來（誤
chairfong: 他們一定已經成功好幾次了
chairfong: 台灣那些用花盆佔停車位幾十年的該怎麼制裁
Csir: 要我就瘋狂預約，邊走路邊卡他們5小時，反正我低端
Csir: 人口時間成本低
deengel: 這招真的扯耶不過我看了好久才懂XD
leoz69927: 這真的很雞掰要我也是跟樓上一樣去買杯飲料坐附近
leoz69927: 瘋狂卡他們哈欠制裁
derlin12345: 最美的風景
TosakaSakura: 機車也是啊 很多停到自家車庫的
s880036: 欸，現在可以不用拍照了喔…我太久沒用了
arcross: 時間到了可以手速預約下一輪嗎
arcross: 一直預約下去卡死他
ryu38: 推一個
freeabe: 現在租個車要怕被搞到，太累了吧
qqjeff3000: 這不就開回大樓車庫放 然後退租一樣的道理
ctmhsl: 太扯了
za755188: 其實你應該可以一直預約 因為它們不知道你的預約什
za755188: 麼時候才會到期 所以要抓到那一分鐘也沒這麼簡單
psee: 台灣最美的風景
kalapon: 試問他們若果斷放棄 代幣也沒還，輸家是誰
syldsk: 八成車上有個人物品啦，有種都不要取車
ryu38: 代幣投了已經在一樓，他們放棄原pro就可以去牽車
ryu38: 原pro可以跟他們慢慢耗，慢慢觀賞台灣美麗的風景
syldsk: 不過不牽車停車塔會卡住就笑死
syldsk: 原po要故意叫認識的開汽車過來給壓力
trace5566: 他們怎會提早讓車下1樓？目的不是讓他找不到車放棄
trace5566: 嗎？是在耍蠢嗎？
syldsk: 以為只有自己知道這一招啊，誰知道剛好有人在借
ryu38: 樓上，可能以爲沒人預約
damien12343: 太厲害了..感謝分享 低端底層的人真不知道在想什麼
syldsk: 要叫和運記得補扣停車期間的租金嘿
kevin8847: XDD超屌
PttBladder: 我之前也遇過有人把車停在自家車庫 然後我就一直按
PttBladder: 尋車 喇叭狂叫 後來就不敢了
vespa0507: 這種社會底層還真會玩
hankower: 按尋車喇叭搞起來
PttBladder: 和運那時候打來我還噴他 就是客服的縱容才有這種貪
PttBladder: 圖方便的人
techwall: 我要大聲地給個讚！原PO這招超帥~
cianprecisio: 真的很噁心
willandsugar: 這種人也垃圾
jhay: 笑死 有夠貪小便宜 還把車卡住 你預約多久會解除呀
jhay: ？ 最好讓他們等久一點 有夠廢渣
jyunwei: GGR超多被停進1樓民宅的，附近只有那棟建築物不可
jyunwei: 能停到別的地方
jhay: 和運也夠爛 私人停車塔還能還車
EdgeOfPeople: 笑死 制裁的好啊
applewarm: 幹得好
BigHurt: 長知識 讚
demo68: 笑爛
Sayokonight: 我是103樓，感謝原PO&其他大大解答，沒想到還有這
Sayokonight: 種玩法…和運應該要有配套措施整治這種自私行為才
Sayokonight: 是
youbo0627: 長知識啦 真的是無良耶
k7881683: 水啦
GiantChicken: 和運真的好笑 這種事情明明就很好處理
studylance: 長知識，四個人還出不起正規租金呀
FormulAn21: 活該弄死這些耍小聰明的大學猴子
gy29289957: 笑死
shin30: 台灣就是一堆這種耍小聰明的垃圾
lee40006: 我之前租的私人停車場，也是有iRent停在那，那種更
lee40006: 扯，沒有遙控器車根本開不出去
v550237: 笑死
colorbest: 可惜沒待在現場看好看滿XD 我的話會想看他們著急的
Andosinjo: 台灣人蠻多這樣的，歐洲也有共享車，有人開回自家
Andosinjo: 停車場放(台灣人宿舍)，我跟客服回報，他們那區直
Andosinjo: 接被劃成禁停區XD
kengi1112: 第一次看到這種情況，超扯的
yqooopy: 長知識
shawncarter: 這種垃圾 活該啦
shawncarter: 很多騎WeMo的人也會幹這種事
PF30: 樓主懂玩! 給個讚!
PPPGGG: 他們怎麼知道 這台車剛好有人要取車==？
amilkamilk: 開雙帳號就可以無限卡他了，A帳號取消B帳號約一定
amilkamilk: 比他們快
ben2605943: 那些人到底多窮才這樣
Swave: 這時候不是應該找朋友來跟你接力預約嗎?
TommyWu1991: 這種真的垃圾，之前碰過回台南出火車站後預約gosha
TommyWu1991: re，連續預約五台都是被垃圾停在自家庭院跟自己的
TommyWu1991: 社區，大熱天心情超賭爛
myproaudio: 猴子也進階四輪了
Brioni: ggr 看過很多次停在路邊民宅,也看過大樓一樓停車場
Brioni: 有，還有公司停車場….
syldsk: 挑戰閃大燈閃到車沒電啊
ariesd: 這不就是共享單車的常發生的事，只是換到汽車上了
yeng1217: 竟然有這種北爛卡位法
ariesd: 沒特定地點還車就會出這些鳥事
Tahuiyuan: 無言，台灣不只有霸占免費電的賤民，還有這種租車
Tahuiyuan: 奧客，要是有辦法讓那些人的職場知道，讓他們社死
Tahuiyuan: 混不下去就好了
jupei: 這真的蠻北爛的
flowerabby01: 這很台灣人
jujubaby174: 推樓上
medson9889: 真的是低端欸==操
zcbmaa: 沒用過Irent 原來租車可以這樣子卡喔？增加見識了
zcbmaa: XD
mankaro: 笑死
yesyesyesyes: 這個不是新聞了，之前就有人把共享機車放在私人車庫
yesyesyesyes: ，你可以預約，但是找不到
mxr: 猴子沒錢吃香蕉
Gusteau: 這些人的職場圈也差不多都這些低端吧 要怎麼社死XD
lintimken: 笑死
limp: 我懂 我常租irent 好厲害還有這招@@
nk10803: 去台南玩租ggr常常遇到停在家裡面車庫的
trashBF: 原來還有這種玩法，漲姿勢
joson4921: 推實作2 笑死
bluesky0928: 有次也租一台路邊還車的irent，前一個人直接還在悠
bluesky0928: 遊卡進出的停車場，但我租了要出停車場才知道，浪費
bluesky0928: 我一個小時
ushiihsu: 笑死 太療癒了吧
Kowdan: 真的是垃圾，原PO的處理很好
Rudolph0726: 下次應該及時上來，鄉民輪流卡爆這些自私猴
jackylin1999: 草 禮拜六才遇到 害我要繳費 重點是退的錢還是時數.
benboy: 看推文才懂irent流程 長知識
runJ13: 幹得好
sharkimage: 難怪之前有次我找不到路邊的iRent
jjler: 社會底層日常
jimmyyang: 企業都不理會了 我們就當沒這種服務就好
jfw616: 結果這篇之後….一堆人學會如何租irent了
bohla: 四個人租一台還這樣搞，有夠窮。支持你
sky419012: 意思是他們想要省停車的時候費用故意先把車停在停車
sky419012: 場 有人預約發現在停車場內 可是沒代幣不能領車
sky419012: 所以放棄後 他們繳完停車費又能用車了 只是剛好原PO
sky419012: 預約到這台車
sky419012: 我的理解是這樣沒錯嗎?0.0
XINEvo: 某次租goshare找老半天 不知道停哪馬的
kutkin: 真正的權利車
kutkin: 和雲可以跟他們收$3000
kutkin: 虧的都是消費者而已
cospergod: 貪小便宜的窮酸兩輪仔
marshmallowH: 謝謝分享 舒坦
luke: 這種就是直接走過去跟他說這台車我有預約, 現在我要
luke: 開走了, 你們自己的東西趕快拿出來 這些貪小便宜人
luke: 一般都很孬的,他們要真的敢動手,你覺對告到他們脫褲
iamgg3be0: 笑死 馬的臭猴子們
ptttt5566: 如果原po去牽車被揍 那邊一堆監視器剛好提早領年終
astroflyer: 你應該等他們去找管理員之類的時候快速上車離開
lijim: 這種方法也想的到，太強了
lokuyan: 酷
uwmtsa: 讚
senshun: 真的低端告上法院 也扣不到他的錢辣
a27588679: 笑死
wonder007: 看到他們尷尬我就知道你做對了
snowfish104: 哇靠居然有這種玩法
shen5035:  這種停車塔沒馬上開出來又會被送上去
shen5035: 不然後面的人怎麼取車？
koushimei: 再好的科技應用跟制度都可以被台灣人自以爲聰明的
koushimei: 糟蹋
leo255112: 幹，這種也太北爛…
debris: 台灣人真的好聰明
w926316: 讚 讓他們尷尬 後面有要領車的就會一直看著他們哈
Ischolar: 應該開走，車內物品也不要還
silstone: 所以他停車塔放3天 就能省3天租車費耶 真是大聰明
OtterMan: 讚喔真療癒
BDmaple: 以後就兩個人輪流預約，無限卡住車
longkiss0618: 原來還有這種操作 低估台灣人的下限了
baychi999: 可以申訴 和運有規定不能停在那種地方
iMANIA: 共享機車停在私人車庫裡的狀況也不少見 顆顆
kgii: 違規停車還可以按還車？
hdw: 原來有這招...真是太無恥了
jorden: 台灣人能把共享機制玩成這樣 真的佩服
rojin: 原 po會玩，本來很鳥的心情突然被療癒還爽整路
chiro1982: 原po這招厲害
chiro1982: 台灣人貪小便宜的個性 真屌
chiro1982: 把很多立益良善的東西搞成另一個世界了
jason017050: 給貪小便宜的人一個教訓
daniellin435: 故意的啦 社團不少人都遇過 鬼島人哈哈
daniellin435: 但很好奇會用路邊租還都這麼會找停車格嗎，我都只敢
daniellin435: 用同站的
Brail5656: 真的很傻眼
sing60905: 租車不是都等於同意甲方條款 建議和運加一條
sing60905: 違規還車罰10萬 保證這些底層蟑螂會消失
nigatsuki: 之前在台北真的都只能找調度停車場，不然路邊真的
nigatsuki: 找得很累
olafbb: 太讚了哈哈哈
elnacongo: 這些人真是浪費時間
mathrew: 台灣人真屌，這種爛招也能想得出來，難怪一堆詐騙
hatland86: 台灣真的有些很可憐的人 這種事都能做
smallsun0810: 真的是無天良欸，推卡他們
lydia09: 直接檢舉了啦，這種人讓他以後都不能租車
z2oiidxii: 所以對這些人來說好處只是車子可以隨時租得到而且
z2oiidxii: 也不會被別人而使用，但該繳費的租車費用以及停車
z2oiidxii: 費用還是要由他們繳納，是這樣嗎？
summer08818: 他按了還車就不用繳租金 如果沒被抓或檢舉 他就只要
summer08818: 花停車費就能一直佔著車子 （沒被預約到的話）
summer08818: 因為停這種非路邊的 別人沒票卡根本沒辦法領車來用
taxisy: 笑死XD
zsa123: 做得好阿!
auir: 鑽漏洞的人真多，好服務被搞爛
crushman: 內科一堆這種基8人，基本上根本找不到路邊的車
rz759: 台灣貪小便宜猴的鑽漏洞日常，把規則玩壞還沾沾自
rz759: 喜的一群人
rz759: 不過如果不是臨時需要，還是選同站租還比較好，不
rz759: 用找停車格或導航去調度停車場，車也比較好。
z2oiidxii: 自從買車後已經兩年沒租了，我怎麼記得還車的時候
z2oiidxii: 除了手機借還外還必須將車鑰匙放回手套箱？鑰匙上
z2oiidxii: 不是都會有感應，如果沒能放回手套箱就沒辦法還車
z2oiidxii: ？這樣他們就不能用這招了吧？還是我記錯了哈哈哈
tangojack: 可以自己解除再預約好幾次嗎，卡死他們
EKman: 其實這種人各國都有，只是你只知道台灣的而已
Minilla: 竟然還能這樣
kazami: 推 之前租gogoro也是一堆車感覺就停在室內停車場
ringfan: XD
hsha: 真是貪小便宜的極限
GohHiong: 請問這樣他們最後會被和運罰三千嗎
sping83: 每次在賣場看到我就很想把車租走…
mon123: 為了省那一點錢想出的方法都讓我大開眼界
wagwag: 其實就類似把共享車停在自家車庫的概念 這樣就只有
wagwag: 自己能租能開
wagwag: 不過原PO沒寫出來 我還真不知道有這種bugXD
wagwag: 別人想租還開不出來 真的是長見識了XD
wagwag: 這種租法真的可以當成類私家車了 所有家當放車上也
wagwag: 沒問題。就算開出去只要不還車也沒人能租
oioio1688: 好扯喔 有夠沒水準
ianallen2: 拉雞！話說現在irent素質都很差 車子煙味超重 好像
ianallen2: 都不會扣分停權似的
ianallen2: 外觀破爛 髒就算了 提前預約的車內裝有煙味 同時該
ianallen2: 地區又沒有其他車可以使用 真的超幹
v3dys6f3a3j5: 每半小時取消再重新預約阿 這麼好玩的遊戲怎麼不繼
v3dys6f3a3j5: 續玩呢 一分鐘的時間他們也要剛好在那一分鐘預約才
v3dys6f3a3j5: 有可能  他們怎麼知道你什麼時候取消預約
v3dys6f3a3j5: 如果是我就在附近坐著玩遊戲跟他們玩
cccone: 朝聖推
Asino: 真一堆垃圾人XD
Devote:  i
spiritia: 奇怪的知識增加了"
ptt,M.1682469339.A.ED0,https://www.ptt.cc/bbs/car/M.1682469339.A.ED0.html,car,[討論] iRent路邊租還可以在監理所還車嗎？,sjerrysss (Jerry),Wed Apr 26 08:35:37 2023,,還車、停車費、停車格、罰單,"[討論] iRent路邊租還可以在監理所還車嗎？ 這幾天要去和自售車車主辦過戶 我打算租iRent路邊租還的車過去 過戶完成後把iRent停在監理所的停車場內 再把買的車開回家 我有查過監理所在路邊租還的範圍內 而且也是合法免費停車格 照iRent的規定來說是可以在監理所還車的 但如果每個人都像我一樣 那監理所內不就滿滿的iRent嗎？ 這不會造成監理所的困擾嗎？ 請問iRent路邊租還可以在監理所內還車嗎？ Anderson0819: 我們看起來像和運嗎 explora26: 這裡看起來像客服嗎 s7024546: 下班就被關在裡面開罰單吧 kenny888: 不行，監理站會關門.... kenny888: 下班時間後無法取車 Deadrabbits: 北
---
來怎麼樣都可以 ^_> marunouchi: 可以啊 快去 Jasforwe: 我覺得可以 可以試試 wkw: 如果能還車 不會有租車費用阿 bgp895405: 系統給還就沒差了吧 GlassHeartHo: 無聊 你覺得行 那就去做ㄚ 這
---
要不要停我 yes7242003: 家車庫，反正沒計費的停車處都可以停 nk6100015: 可以啊營業損失費+調度費+停車費 nk6100015: 和運巡車員超多別不信邪 xvzzo: 如果他沒說不行 那就去停 你自己就有答案 發啥廢文 hsu
---
http://i.imgur.com/gIATevj.jpg ericyo: 網站上都查的到 希望你看得懂”路邊“公有停車格的 ericyo: 意思 Vongola29: 剛幫你問客服了，結論就是不要買自售車 Rudolph0726: 沒說不能
---
/ux1v82N.jpg aowen: 對 你說的都對 SiriusJinn: 幹嘛一定要停裡面？我上次去監理所是停路邊停車格 SiriusJinn: 還車，也不用上來問這種奇怪問題 quinietos: 想像你半夜3點租車查到一台關在裡面 quinietos: 這還用問 g
---
v550237: 就停啊 shamanlin: 你都知道車子會關起來還硬要停是報復社會？ pouy: 要找路邊租還合法停車格吧 不要到時候被罰錢又來叫 harryw: 和雲規定要還在路邊公有停車格或調度停車場，堅持 harryw: 沒說不能被關起來，試試看就知道監理站關門後有人 harryw: 要租車不能租時會不會","這幾天要去和自售車車主辦過戶
我打算租iRent路邊租還的車過去
過戶完成後把iRent停在監理所的停車場內
再把買的車開回家

我有查過監理所在路邊租還的範圍內
而且也是合法免費停車格
照iRent的規定來說是可以在監理所還車的
但如果每個人都像我一樣
那監理所內不就滿滿的iRent嗎？
這不會造成監理所的困擾嗎？

請問iRent路邊租還可以在監理所內還車嗎？","Anderson0819: 我們看起來像和運嗎
explora26: 這裡看起來像客服嗎
s7024546: 下班就被關在裡面開罰單吧
kenny888: 不行，監理站會關門....
kenny888: 下班時間後無法取車
Deadrabbits: 北市八德監理所停車場就和雲管理的 自家企業沒差吧
Deadrabbits: ？
asdf0923: 坐uber不就好了……
kenny888: 看是不是他們的調度停車場
wei7410: 建議是不要拉 製造自己麻煩 這間爭議不少
acesslai: 製造自己麻煩，事後還被收調度費什麼的
lizardc1: 問題是不是每個人都跟你一樣聰明
MilkTeaMan: 被關起來的租車費用都算你的怎麼停都ok
sammy98: Ok的 只要付得出來怎麼樣都可以 ^_>
marunouchi: 可以啊 快去
Jasforwe: 我覺得可以 可以試試
wkw: 如果能還車 不會有租車費用阿
bgp895405: 系統給還就沒差了吧
GlassHeartHo: 無聊 你覺得行 那就去做ㄚ 這邊的人跟妳說的話有啥
GlassHeartHo: 用 就已經說和運為準了
kingha: 你可以試試看
louie83279: 你敢停，有人要用車開不出來，和運就敢找你討調度費
louie83279: ，你有本錢就停啊
yes7242003: 他沒有說你幹嘛還問，有答案就去做好嗎，要不要停我
yes7242003: 家車庫，反正沒計費的停車處都可以停
nk6100015: 可以啊營業損失費+調度費+停車費
nk6100015: 和運巡車員超多別不信邪
xvzzo: 如果他沒說不行 那就去停 你自己就有答案 發啥廢文
hsudens: 路邊隨租再想其他配套，也可能當下你要租附近剛好沒
hsudens: 車
yungo: 珍惜生命，遠離irent
jaychih: 可以喔
maniaque: ""誰停誰負責,有本事你開到玉山氣象站停也行""
maniaque: ""只要錢到位,想停到小三老公停車位也行""
canlest: 0800
maniaque: 連政府都沒說 [人民不可以殺人搶劫放火牆間] 了
maniaque: 政府只是用刑法告訴你 [做什麼事要負責什麼代價而已
maniaque: 就跟你去餐館點個陽春麵加滷蛋,老闆收你一百塊一樣
RKuncle: 來問意見  自己有想法了  那幹嘛問
june89982014: 你快去實驗 如果被收調度費記得上來回文
Keney99: 去做啊
js93046: 你的理解上是可以，你也覺得合理就停啊，之後回報
js93046: 後續就好
ericyo: http://i.imgur.com/gIATevj.jpg
ericyo: 網站上都查的到 希望你看得懂”路邊“公有停車格的
ericyo: 意思
Vongola29: 剛幫你問客服了，結論就是不要買自售車
Rudolph0726: 沒說不能被關起來，你就去停阿，在那邊盧什麼
Rudolph0726: 這裡又不適和運客服，而且搞不好別人停沒事，你停
Rudolph0726: 剛好就有事，iRent處理事本來就是很看值班客服
sky0136512: 那你就停啊，一直在那邊跳針
asgardgogo: 你知道什麼是客服電話嗎
bassblacktea: 監理站內不是公有道路啊=w=
aortic: 鑽牛角尖解釋幹嘛？以為這是法條處理有沒有罪？
justAS: 這是故意的吧？就停一次讓和運罰錢停權就好了
Anutmiao: 你只要網友贊同你“車被關起來又沒有說不行”而已
keineAhnung: 停去警察局不是更快
kintaro1219: 問就是不行
kay3931: 之後你應該會問能不能開窗放音樂給路人聽
kay3931: 反正法律也沒說不行
ChikanDesu: 服務條款自己沒看少在那邊
tecoasus: 廢
andy0121: 到底在講什麼
maikfan: 無聊當有趣
soy5566: 付錢就知道了 簡單
fatman5566: 好好笑 沒說不能被關就可以 造成別人麻煩XD
k22941920: 奇文共賞
bhis: 等你實測
george1218: 嗨
philip1205: 那你去做啊笑死
energyy1104: 你堅持可以就可以啊  幹嘛上來問
energyy1104: 上來發問還要意見一堆
cokellen: 你很棒，你說得都對
leoz69927: 關起來你就有得賠了明明規定有寫
leoz69927: https://i.imgur.com/8E8Kbza.jpg
water903: 等你測試
ZengMaktub: 我看起來像客服嗎
hommingwu: https://i.imgur.com/ux1v82N.jpg
aowen: 對 你說的都對
SiriusJinn: 幹嘛一定要停裡面？我上次去監理所是停路邊停車格
SiriusJinn: 還車，也不用上來問這種奇怪問題
quinietos: 想像你半夜3點租車查到一台關在裡面
quinietos: 這還用問
ghjkl5566: 這麼嗆你就直接試試看啊,記得回來分享
akpaz: 笑你不敢停
summer08818: 如果你不是明知故問就是智障選一個吧 吃飽太閒
summer08818: 明明規定都寫得清清楚楚了還在廢問
baritone7563: 發廢文去dcard
wavier: 你停看看啊
benptt: 可以，錢可以解決的
c0922949774: 什麼沒說不能被關起來 呵呵
sswy: 為什麼不要讓賣家順路載你
sazabijiang: 你跟我們爭幹嘛？我們看起來像和運客服嗎
assassin: 可以 上次搞過了
bboywhite: 我是讓賣家載我到監理站，辦完過戶換我載他回家我再
bboywhite: 回家，不然就搭大眾工具吧，不要找自己麻煩
v550237: 就停啊
shamanlin: 你都知道車子會關起來還硬要停是報復社會？
pouy: 要找路邊租還合法停車格吧 不要到時候被罰錢又來叫
harryw: 和雲規定要還在路邊公有停車格或調度停車場，堅持
harryw: 沒說不能被關起來，試試看就知道監理站關門後有人
harryw: 要租車不能租時會不會被罰
jyunwei: 哦是哦真的假的"
ptt,M.1681173699.A.AD9,https://www.ptt.cc/bbs/car/M.1681173699.A.AD9.html,car,[問題] irent還車後被拖吊？,kaiwak (kaiwak),Tue Apr 11 08:41:37 2023,,還車、停車格、罰單,"[問題] irent還車後被拖吊？ 今天上班時看到路邊一台irent prius從停車格被拖吊， 仔細看一下發現停車格是限定時段開放的， 租車主應該是在開放停車時段停車還車， 然後時間到，被拖吊， 這種情況下拖吊費用還是算最後一位租車主的吧？ 會要求最後的租車主去付錢贖車嗎？ 假設已經還車了，被拖吊期間會有營業損失之類的費用嗎？ lb751007: 最後借的人全包阿 acesslai: irent會直接刷卡
---
後借的人 kutkin: 一定要全時段可停的 ssaamm810130: 抓最後一個 MeeToo: irent 會被開罰單嗎？ pimday: 規則就寫要停特定車位了 當然是亂停的出錢 pimday: irent只是車主是營運公司 當然會有罰單阿 Innova: irent 車況不一定會顧，但扣錢絕對不會露 Innova: *漏 kutkin: 罰單就是轉罰 kutkin: 監理站會轉開給駕駛人 cvsd04957: 9樓專業XDDDD kidlee: 有營業損失，調","今天上班時看到路邊一台irent prius從停車格被拖吊，
仔細看一下發現停車格是限定時段開放的，
租車主應該是在開放停車時段停車還車，
然後時間到，被拖吊，

這種情況下拖吊費用還是算最後一位租車主的吧？
會要求最後的租車主去付錢贖車嗎？
假設已經還車了，被拖吊期間會有營業損失之類的費用嗎？","lb751007: 最後借的人全包阿
acesslai: irent會直接刷卡收費吧
kutkin: 最後借的人
kutkin: 一定要全時段可停的
ssaamm810130: 抓最後一個
MeeToo: irent 會被開罰單嗎？
pimday: 規則就寫要停特定車位了 當然是亂停的出錢
pimday: irent只是車主是營運公司 當然會有罰單阿
Innova: irent 車況不一定會顧，但扣錢絕對不會露
Innova: *漏
kutkin: 罰單就是轉罰
kutkin: 監理站會轉開給駕駛人
cvsd04957: 9樓專業XDDDD
kidlee: 有營業損失，調度費等費用，算一算滿多的…
jeff101234: 狠一點還會再敲一筆拖吊受損維修
smallsir2000: 車況也是抓最後一個
shan86206: GoShare也是抓最後一個啊 共享的都是這樣
bndan: 自己車被拖了不起罰金付一付 租車車被拖 除非你光棍
bndan: 不然你要付的東西就多了..只能說正常人租車會怕一堆
bndan: 事 但就腦子不靈光和光棍的才會覺得租車車出事跟你
bndan: 無關...= =
s860355: 合約應該有寫限定車格不能停之類，共享機車都有，
s860355: 沒道理汽車沒寫
MTBF: 規定都有寫 限時車位不行
keigowei: 這樣還敢停喔！家附近的這種格子常看到被開單
InfocusM510: 抓最後一個啊
maxqq33520: 放心，一定是抓最後一個，一次拖吊加上營業損失blab
maxqq33520: la,大概五千
VAIO911: irent漲很兇 車況差又開始從各種地方收錢
fq543: 沒錄影自清的話就抓最後一個承租者
takeshi345: 規則都有寫啊 不要停錯才來叫被收錢"
ptt,M.1676467326.A.3A0,https://www.ptt.cc/bbs/car/M.1676467326.A.3A0.html,car,[問題] irent 擦撞維修,Cies96035 (蒼夕喵),Wed Feb 15 21:22:00 2023,,還車,54: 看傷到哪裡啊 要換保桿之類的 之後被發現 問題就大 hy654: 了哦 lintimken: 通常鈑烤時間來不及還車，不用想了 hmt17: 先承 alfi2016: 10k趕快給一給 快去打工比較實在 lb751007: 自付額有上限,"幫同學代PO:

車版版友大家好

租車載幾位同學出去玩時，不小心擦撞到車子

因為沒有保安心險，在想自己租車去維修會不會比較便宜

修車廠詢問過，價格大概在10k左右，比爬到的價格在略低一些

網路上也查不太到相關的文章，想上來問問看各位車版版友的意見

會建議自己開車去維修處理嗎","LGG8: 第一：沒安心險但你有報價有自負賠償額上限一萬而已
LGG8: (不含營損)；第二：車子是irent的不是你的，你覺得
LGG8: 自己開去修不讓和雲知道這樣沒問題嗎？
jimmy12332: 最好不要
ivan80820: 先承認
marunouchi: 先承認
LGG8: 一樓第一句話*報價改報警
hy654: 看傷到哪裡啊 要換保桿之類的 之後被發現 問題就大
hy654: 了哦
lintimken: 通常鈑烤時間來不及還車，不用想了
hmt17: 先承
alfi2016: 10k趕快給一給 快去打工比較實在
lb751007: 自付額有上限 別再自找麻煩
lintimken: 就算只換保桿也來不及，不是只有你的車要修
ludoren: 沒聽過和運會同意再讓肇事者開車去外面修的？
zuihao: 省著點 還不如當初用保險
s7024546: 哇和運怎麼都知道
hy654: 至少留車三天起跳吧 不用想自作聰明了
qnonp2012: 乖乖通報賠錢吧
weijinsusu: 該賠的賠一賠啦，別想有的沒的，慶幸你租的是和運，
weijinsusu: 不是靠賠錢維生的租車公司
d055086: 一萬還好吧
hirofumisyo: irent是修車上限一萬+營業損失，基本上都是超過一萬
benptt: irent:有緣人來惹
jog7788: 看到這5個字真的讓用路人瑟瑟發抖
leoz69927: 不要自己修等會修壞不被承認反而惹上麻煩
SIL: 鈑金加烤漆少則三天，多則一禮拜，哪來得及
leoz69927: 你走官方的流程有基本保障你跑進外廠維修等會修到別
leoz69927: 的地方又壞更麻煩不要找自己麻煩
fck01: 下次記得保安心險
fck01: 抱歉按到噓補推
summer08818: 不是你的車就不要想私下處理 留把柄給人打而已
leoz69927: 而且最高理賠上限一萬加營損你自己開出去修一萬又要
leoz69927: 多租不知道幾天都超過了而且到時候他們檢查車子有被
leoz69927: 動過要求你復原你怎麼辦？不要沒事找事做反而還惹法
leoz69927: 律責任你簽的條款裡肯定有不能隨便動車子零件那些
leoz69927: 的條款
atbhao05: 認真回一下 我覺得還是回去給和潤修
atbhao05: 就老實跟他講攤牌 談賠償
atbhao05: 價格應該可以跟他談談看 就好聲好氣
atbhao05: 和x已經是台灣最大的租車公司了 再慘也那樣而已
atbhao05: 小間的壓著票你才欲哭無淚
MAXX228: 保養廠10K irent一定加有的沒的營業損失變50K
sm981512: 靠北啊 幾百塊安心險不保
babu5566: irent的營損怎麼算  修一天N元嗎
Lowpapa: 超慘  學乖了  在台灣千萬別租車
kelon: 被一堆亂開的iRent撞的才倒楣
leoz69927: 其實買安心險就好了一小時才30元的樣子可是撞到免
leoz69927: 車損自負一萬也不用賠營損
leoz69927: 租車車況不熟保險買滿就對了撞到就很麻煩
LGG8: 營損算1日定價7折 http://i.imgur.com/qQkD4fq.jpg
SilverFocus: 愛租車啊！自以為聰明！
T28sc: 先說修車費是均攤還是開車的付
flowerabby01: 租車還敢不買滿R  學個教訓賠一賠，自作聰明一次就
flowerabby01: 夠了好嗎
Gusteau: 等你偷偷修完回來時會發現 河運怎麼都知道~
tswen: 安心險保下去也很便宜 上路才不怕
sky912745: ==
k5792688: 你沒駕照 怎麼租的？駕駛不是承租人 保險不理賠的
chbio: iRent車子都有保險，報警跟通知irent就可以了
Alun021: Irent賠償已經很佛了啦，建議你去聽四輪嘴猴EP130
Alun021: ，後半段在講irent 賠償的部分
LeehomLee: 租irent載同學的 10個有11個是三寶
LeehomLee: 幾乎沒聽過大學生租irent沒撞的 珍惜生命
The5F: 這麼好撞我也想開來練車了
kaws1021: 安心險買下去才可以為所欲為
proton: 不是自己的車不要自作主張好嗎
Linjax: 怎麼會有私下處理的想法......
sazabijiang: 不要自找麻煩。和運如果不承認你有把車修好怎麼辦
mia249: 印象租車條約好像都會寫發生事故要報警
Kenneth716: 撞到有乙式的，剛好賠死那些亂開車的
donew82: 以前沒安心險時我撞過，基本還是都有保險，印象中他
donew82: 們會說要繳1萬才能啟動出險，另外加上營業損失，建
donew82: 議好好跟處理的分店員工說，折數應該還能再折一些
baritone7563: ==
rttlac: 安心險要保哪家的啊
kutkin: 自己去修比較便宜  至少營業損失少虧幾天
Aixtron: 車子是和雲的，不是您的！
dream6789: 推20樓
Aixtron: 怕的不是修不好，而是後面的萬一出事，和雲可以合理
Aixtron: 懷疑是您修車造成的！萬一出事時是連環加眾多人傷亡
Aixtron: 的話，您負擔的起？現在已經出事，損害額就這麽大，
Aixtron: 不要再擴大了！如果現在的就承擔不起，不要說沒買保
Aixtron: 險這種往事，就之後不確定的危險，您們想如何承擔？
Aixtron: 難道又要賭？
jim8q9a63: 車體IRent好像都有裝感測器，當然你也可以賭看看
appleIII: 省小錢虧大了 哪來的自信可以不買保險?上一課也好
appleIII: 然後都已經撞到了 還想要蛇掉 這啥觀念啊
appleIII: 倘若選擇自己租車去維修 麻煩回來寫後續 我想看
danny30716: irent的車修車一定回原廠，租車記得保險，頂多賠一
danny30716: 萬
eulbos: 路邊車格有空位，但前面停了台irent，果斷放棄
zsa123: 租車出事一律先報警
charliebitme: 原po就說沒保安心險了 自付額沒有一萬的上限...
luckynight: 新手租車還敢不保險…
dynamo: 一群人租還不保險？ 司機幫開車還要幫修車？
takeshi345: 免車損營損是要買安心服務才有喔
aids893001: 不用維修
baychi999: 自首比較快啦 花錢就可以了事 到時候被發現更麻煩
kurll: Irent 報價除了車損，還會再跟你們多收什麼幾天營
kurll: 業損失啥的，拍拍
fly12059: 樓下支援，那他媽是我們的車圖
intelcorei3: 上次右前方鈑金擦傷收40k給你參考
yesyesyesyes: 我問一下   所有人都會分享嗎
yesyesyesyes:            ^ 說錯 都會平分嗎
TepTep: 如乘客還要分攤賠損我一定翻臉
KCKCLIN: XD看這篇我想去貼Irent貼紙 可惜車太老沒法偽裝
alox0330: 車子又不是你的 你想怎麼修就怎麼修？ 路上看到iRe
alox0330: nt真的要閃遠一點……"
ptt,M.1675158108.A.ABD,https://www.ptt.cc/bbs/car/M.1675158108.A.ABD.html,car,[新聞] 和泰出大包，iRent 用戶個資直接在網路,KotoriCute (乙醯胺酚),Tue Jan 31 17:41:46 2023,,拍照,受到加密保護，任何 知道 IP 位址的人都可以輕鬆地存取 iRent 用戶的姓名、手機號碼、電子郵件地址、居家 住址、自拍照，以及部分信用卡資訊等。 此一事件是由外國安全研究人員 Anurag Sen 所發現，他注意到和泰的雲伺服器資料庫可以,"原文連結：
https://technews.tw/2023/01/31/irent-security/

原文內容：

和泰出大包，iRent 用戶個資直接在網路上「裸奔」

台灣和泰集團旗下的共享汽車服務 iRent 出現了大量用戶個資外洩的事件，一名安全研究
人員在和泰所擁有的雲伺服器上發現了一個資料庫，這個資料庫並沒有受到加密保護，任何
知道 IP 位址的人都可以輕鬆地存取 iRent 用戶的姓名、手機號碼、電子郵件地址、居家
住址、自拍照，以及部分信用卡資訊等。

此一事件是由外國安全研究人員 Anurag Sen 所發現，他注意到和泰的雲伺服器資料庫可以
在無意中訪問，由於這個資料庫並沒有加密，因此網路上的任何人都可以查看 iRent 的所
有用戶資料。

Sen 指出，這些被攤在網路上的資料包括了數百萬個部分信用卡號、至少 10 萬個用戶身份
證明文件，以及用戶的自拍、簽名、租車的詳細資訊等。

在 Sen 披露這個消息後，《TechCrunch》便向和泰汽車發送了幾封電子郵件，其中幾封還
包含了資料庫中的詳細資訊，但遲遲等不到和泰汽車的回覆。一直到 1 月 28 日時，《Tec
hCrunch》聯繫了數位發展部，而在部長唐鳳的一封電子郵件回覆中提到，這個資料庫已經
有進一步的存取控制。且在數位部介入後，和泰汽車才確認已經保護了這個暴露在外的資料
庫。

值得注意的是，根據 Sen 的調查，iRent 的資料庫洩露可能最早於 2022 年 5 月就開始，
目前尚不清楚除了 Sen 之外，是否還有其他人在過去的 9 個月內注意過這個資料庫。

心得/說明：(30字以上)
和泰本來還想裝死不回應
是駭客去跟政府爆料，和泰才出來意思意思打馬虎眼回應一下
但也沒有對外說明客戶資料外洩的情況
不止汽車共享 連客戶個資也一起共享

＊轉錄新聞/情報，必須附上原文及網址連結及心得或意見30字(不含標點符號)＊","dslite: 沒租過
mk203125: 為所欲為XD
EPIRB406: irent是誰做的，基本的加密都不會？
LeeAnAn: 連這個都能護航的就不配當人了
aowen: 不意外
jason0330: …
Ho1liday: 不愧是為所欲為
jason0330: 汽車共享 機車共享 個資通通共享啦
fcuharden: 笑死。跟賣車一樣為所欲爲
korsg: 個資共享笑死xddd
Lowpapa: 這在國外早就死定了  還好台灣是犯罪天堂  沒事
baddaddy: 哇我的資料別人怎麼都知道
sam352306: 白爛IT領不到300萬就在弄吧
lion0208: 這連加密都不是，是資料庫連密碼都沒設定，直接裸
qwe172839: 難怪和運都知道 lul
lion0208: 奔在外面給人連…
Dcpp2015: 連健保局都會賣個資了，還能指望政府重視個資？
qwe172839: 這串護航的快打字 我們好省力氣黑單
zone01267: 如果在歐洲 GDPR不知道會罰多少
agpc: 台灣真是企業跟犯罪天堂，企業成本跟犯罪風險都壓
agpc: 到最低。
PPPGGG: 汽機車共享 連個資也一起 QAQ
magician5566: 沒差吧  頭優塔新車一出照樣賣爆啦
ChiaoY: 重罰0000萬
baddaddy: http://i.imgur.com/UbtsKew.jpg
baddaddy: http://i.imgur.com/IYRNKu1.jpg
MK47: 真正的共享XDDD
oppoR20: 寫app跟屎一樣
oppoR20: 可悲irent
arcross: T黑也只能囂張一天了 坐等明天公布月銷量
onnie: DB任何人隨便都可以連
onnie: 我是不大相信使用者個資會加密
onnie: 各位好自為之...
kentopsp: 三寶名單
CTTSAI: 共享資源
Giganoto: 太苦了，明天空爆他
andychiu: 在國外公司會賠死,在台灣政府帶頭賣個資,根本沒在怕
ueiueiuei: 和泰怎麼都知道，因為沒設防啊
ksk0516: 重罰幾萬？
lmc66: 共享的美好
LiamTiger: 難怪和運真的什麼都知道
lll156k1529: 不是說和泰都是台大高材生嗎
lll156k1529: 還是腦袋都拿去算怎麼cost down洗消費者買車美式了
NEX4036: 連地圖放大縮小都會導致整個畫面重新整理的軟體，
NEX4036: 別期待太多。
mathrew: 共享資源  沒毛病啊
iorittn: 真。共享
lock0308: 和泰工程師懷疑都是學店
A320: 台大的都商管而已吧 資料庫維護的ㄏㄏ
albertt0226: 業界早就有和X相關的資訊人不錄用的消息
sdd5426: 台灣軟體人才一流的會去國外的純軟 二流的會去IC業
sdd5426: 的軟韌 剩下最三流的才會去車美仕這種系統廠
Giganoto: 學店文組也不會出這種包吧= =
crazy81709: 超不專業
tccn66: RD:幹啊我每次測試不想設定密碼啊
r30385: 難怪和泰都知道嘻嘻☺
agpc: 阿泰：公司利潤要最大化，這種不賺錢的成本能省就
agpc: 省，反正寶島台灣沒人會計較！
MTBSsales: 不知道有沒有佛心駭客寫個app,由資料庫撈紀錄警告用
easonxxxz: 三寶個資外洩
MTBSsales: 路人某某三寶租用車輛與行駛路段
johnny9667: 還要等了數位部介入…神經怎麼這麼大條啊
MTBSsales: 類似WOW的DBM這樣...
as508114: 在美國會被告到倒  在台灣會有河粉護航
qazwsx6107: 個資也共享耶簽名也共享
ASKA: 車美仕頂多算貼牌廠吧？... = =
WayneCSH: 三寶名單快記下來
sbsame12455: 租車金額有夠貴....結果資安爛的一蹋糊塗
yenlon: 政府資安都呵呵了，和泰裝死剛好而已
kingdomsss: 三寶名單大放送
mywonderwall: 和運什麼都知道欸
kengi1112: 消費者是心中最軟的那一塊
ShibaTatsuya: 共享個資 難怪和運什麼都知道
SakuraHana: 真的有人會在意個資嗎？普通人個資沒什麼用，名人的
SakuraHana: 個資想藏也藏不了，個資就假議題
sazabijiang: 年輕人喜歡嘲笑老人上網容易被騙，但其實也沒有
sazabijiang: 資安意識，不知道個資外洩的嚴重性。
sazabijiang: 和運註冊時要提供身分證照片，上面有換發日期地點
sazabijiang: 加上電話、信用卡號等，駭客要冒名或者社交工程的
sazabijiang: 難度就大為降低，然後再針對認證不嚴謹的網路服務
sazabijiang: 綁定消費，如果使用者本身又不謹慎，誤點了手機傳
sazabijiang: 來的縮網址，很容易就讓駭客得手。
sazabijiang: 光是有你完整信用卡號加CVV/CVC，就可以盜刷了
modernpkman: 關政府什麼事 見鬼了
steel: 到時候irent賠錢又要從買車的消費者身上挖了
Trxy: 資料共享 笑死
Chian3675: irent不意外 還亂收我兩百多塊 操
qvt: 和運梗圖百看不厭
ALDNOAH5566: 加密鎖起來就會有老人唉唉叫撈不到資料
cser945: 信用卡，被盜刷就芭比Q了
kanehhh: 有錢人都買豐田
luckystrike5: 台大純軟高材生會去和泰一個月領四萬多? 笑死
turndown4wat: 扯
luckystrike5: 和泰都只能撿外商外銀不要的頂大收起來狂操
luckystrike5: 但和還是能一直成長 頂大後段班的人還是屌打學店的
lisachen0330: …
petshopboys: 集體訴訟告和泰
liwmewmew: 沒在租車，但整個行為真的夠垃圾，難怪有人被盜刷
k5253XLMz: 可憐啊賺飽飽app寫超爛還爆出這種爛事
pmes9866: 幹有夠爛
indoman: 共享
Arashi0731: 真的屌，這在米國直接被告倒了吧
MrSmileL: 結合最近某豐被狂盜刷
keigowei: 真不要以為IT就有資安意識，這案例真的爛透可笑
MTBSsales: 傻哭瘌蛤哪
MTBSsales: 是誰啊？不是名人的話不就在自介？
jhbgybj123: 2207準備掰掰
BlacKlonely: X泰：將提高全車系售價提高資安品質
whizz: 幹它媽的河汰
takeshi345: irent目前都有馬上處理加密了，現在應該是最安全的X
takeshi345: D
sazabijiang: 我高度懷疑所謂的""馬上處理加密""是什麼動作
sazabijiang: 如果只是開啟資料庫檔案的加密，結果資料庫還是
sazabijiang: 被連進去，一樣可以查詢到資料。
sazabijiang: 正確的作法是要把PII資料都加密才寫入資料表，但
sazabijiang: 這樣整個程式要異動的地方超多。
icome: 詐騙王國 個資外洩怎麼了嗎
benjamin99: 講個資外洩部會怎麼樣的老實講真的是無知不知道這
benjamin99: 次的嚴重性；不確定細節，但以目前測試看來和泰很
benjamin99: 可能還是把密碼不處理直接存在資料庫，加深了很可
benjamin99: 能使用者帳密完全流出去的疑慮。這樣的意思是你其
benjamin99: 他用同個密碼註冊的系統或服務都很有可能是不安全
benjamin99: 的；加上這邊提到內容還有信用卡電話地址等資訊，
benjamin99: 更擴大了影響的範圍。如果真的有意識要保護的話，
benjamin99: 其實真的要改其他系統的密碼，然後刪掉 irent 帳號
benjamin99: 並依照個資法要求
benjamin99: 和泰確保你的所有資料都是被完整刪除的
martinkyuu: 連app都不好用如何期待...
nitero: 不用賠錢嗎
vivianleee: 看聲明有說信用卡號都是加密的，完整資料應該只在
vivianleee: 銀行那"
ptt,M.1672977501.A.2F6,https://www.ptt.cc/bbs/car/M.1672977501.A.2F6.html,car,[問題] irent在新竹特別多？,justin200428 (7788kkk),Fri Jan  6 11:58:19 2023,,GPS、定位、拍照,LEENS7LM: 話開自己想開的也不一定都是炫富啊 qazxc312: 手機放自己車上，租iRent上汽車旅館才不會被定位啊 justin200428: 樓上專業 jeiluoh: 你這比例超不對，其他縣市範圍很大可以停放的點很多 jeiluoh: 當然散不集中，新竹就竹北跟市區當然全部擠在一起 justin200428: 可是租irent要用手機拍照誒？ benptt: 21樓...讓我知道原來有這種路線啊~~~ benptt: 看來可能是人妻租的 SALEENS7LM: 原來是欲求不滿人妻聚集地嗎XD benptt: 工程師的確可能在買菜車上也裝GPS定位 ohya111326: irent有行車紀錄器了嗎? keineAhnung: 三寶之都阿 speai18891: 2,"最近用irent發現比自己開車還划算

發現新竹irent特多

請問這是為啥？

https://i.imgur.com/1IOtXDt.jpg
https://i.imgur.com/9ZWrlfN.jpg







順便以下心得分享irent最近用心得


因為小弟家住竹北高鐵站附近

家裡又送我一台車開 但懶得養

後來朋友介紹irent

今年跨年剛好去台中後來計畫用irent

走路去高鐵坐到台中 380

再用irent 到東海200內

回來到家單趟90分鐘搞定

還不用上國道跟一堆人塞車

塞到家2個多小

也不怕國道出車禍三小

Irent撞到有保險說

真的比撞到自己愛車還不心疼

是不是先進國家都比較常用共享資源？

而不是整天開進口車炫富？","OGC1000times: 開自己的車有獨立空間94爽，路上遇到irent的車都會
OGC1000times: 閃遠一點，三寶機率超高
bayline: 你用的開心就好啊
justin200428: 只是為何新竹比其他縣市還多？
benptt: 遇過車上有吃完的便當後，就不再租惹
RedOrtiz: 進口車就算炫富？ 這標準太低了吧…
SIL: 可能出差的外地/外籍商務人士多？
justin200428: 鄰居開賓利 g class個人感覺很多
fred0755: 開進口車停戶外回租屋處 炫富XDDD
justin200428: 去日本 賓士 米漿 比例比台灣低很多
RedOrtiz: 而且以台灣人的調性 共享資源如果沒有頻繁的維護
RedOrtiz: 通常使用感受都很差…
AHsuanHsuan: 因為沒人開流動率低所以很多
jason0330: 進口車就叫炫富喔，這標準太低了吧…
justin200428: https://i.imgur.com/ttApC2b.jpg
justin200428: https://i.imgur.com/q0ZlR23.jpg
justin200428: 開進口車在國道塞 我寧可坐高鐵 叫計程車
justin200428: 其他保時捷太多懶得拍...
SALEENS7LM: 不得不說你鄰居這些車有舒適度有性能，負擔得起的
SALEENS7LM: 話開自己想開的也不一定都是炫富啊
qazxc312: 手機放自己車上，租iRent上汽車旅館才不會被定位啊
justin200428: 樓上專業
jeiluoh: 你這比例超不對，其他縣市範圍很大可以停放的點很多
jeiluoh: 當然散不集中，新竹就竹北跟市區當然全部擠在一起
justin200428: 可是租irent要用手機拍照誒？
benptt: 21樓...讓我知道原來有這種路線啊~~~
benptt: 看來可能是人妻租的
SALEENS7LM: 原來是欲求不滿人妻聚集地嗎XD
benptt: 工程師的確可能在買菜車上也裝GPS定位
ohya111326: irent有行車紀錄器了嗎?
keineAhnung: 三寶之都阿
speai18891: 21樓太專業
peterkan: irent小刮傷是不是不用賠？
sole772pk37: 小王 去打砲 不能開自己的車 啊
mouz: 賓利是進口車，Prius也是進口車啊，這range太大了
mouz: 吧
BMW740Li: 因為生活圈小吧
SALEENS7LM: 不對，仔細想想irent也是進口車啊(?
sigma2003: irent最大缺點就是別出事，出事保險是不賠營業損失
sigma2003: 的
pccudog: 工程師買賓利捨不得開，只好租Irent代步囉
orange0319: 小秘密 嘻嘻
VVVV5555: 乞丐車 到處撞還洋洋得意
andre9: 有錢還是自己買 共享的有的很臭 還有的會沒電 等 他
andre9: 們不一定會剛好檢查到
andre9: 營業損失你保安心險會包
MiLUu: 沒有goshare
MiLUu: 喔是說汽車嗎@@
summer08818: 車況像開禮包 有車位有錢還是自己買或叫好點計程車
summer08818: 開車看到前面irent連保桿都快掉下來的真的很傻眼XD
gooff: 21F感覺是有故事的人
s80454: 你爽就好啊
alfi2016: irent加保安心險有賠營業損失
alfi2016: 不要不懂裝懂
supereva: irent不是yaris嗎 這種車你開的下去喔
supereva: 還說「也不怕國道出車禍」…
supereva: 開yaris在國道出車禍  你不怕我很怕qq
kabukiryu: 葉？
RunPaPa: 關鍵是你家住在高鐵站旁邊...
justin200428: 竹北高鐵站旁邊 隨便站下都有irent很爽
justin200428: 根本不用買車 我算過1小時150-200元 時速抓7-80 大
justin200428: 概2-3塊/公里 自家車 8塊/公里 和保養三小的
z2oiidxii: 所以你想表達什麼
PhyEng: 又不是每個人家樓下就有irent可以租。又如果急需用
PhyEng: 車剛好沒車可租怎辦？
justin200428: 沒啊 新概念 樓上是賣車業務？
justin200428: 新概念分享一下 有必要這樣？.？
justin200428: 我自己也有車 但我不想開
andre9: 急用真心不推薦 我有次租到沒電的 有次租到很臭的
andre9: 可以換車 但是要等他客服處理完
justin200428: 台灣都不進日本麵包車 唉 路就夠小台灣還一堆皮卡
hakkiene: 不想買車又隨時有車可以用共享汽車理念不就是這樣
sazabijiang: 遇到傷痕累累的iRent才好，開起來沒壓力
starfox33: 新竹真的很多路邊租還,但開到雙北就超級少
trex995: 只用金錢成本買車本來就不划算，但有時候花錢就是要
trex995: 那個爽度,臨時要出門不用還要再去租，過幾天過年連
trex995: 假也不用擔心租不到車，出門玩也不用把一些大小東西
trex995: 移動到租車上
PPPGGG: 坐高鐵到新竹租車很方便阿
maniaque: 就娶老婆解決下面癢, 跟下面癢癢時叫雞解決 的差別
justin200428: 笑死
tawei229: http://i.imgur.com/0kFEh9p.jpg
tawei229: http://i.imgur.com/xhsrZUw.jpg
tawei229: 真的有夠多 關新路的車位都快被佔光了
AHsuanHsuan: 新竹東區的六日白天就會租光光
zzyzx: 光要搭著再轉車根本就賤民等級
clarafly: 真的關新公園外圍停車位超多irent
Narcissuss: 租車沒有操控樂趣
pouy: 車多好啊！iRent安心保險除了營業損失之外
pouy: 車損也免賠
justin200428: 確實沒操控樂趣 大腳無感...
qeon: 油錢3.1沒算進去，還是一公里6塊左右的成本啦"
ptt,M.1668234167.A.C37,https://www.ptt.cc/bbs/car/M.1668234167.A.C37.html,car,[討論] 路上開irent的是不是八成是三寶？,ginger (薑汁汽水),Sat Nov 12 14:22:45 2022,,罰單,"機車的習慣 xxxcc: 每當在網路上看到地圖炮攻擊開車族 可以直接預設 xxxcc: 給這人一台車開 跟在後面檢舉他 罰單應該會破萬元 kdeath: irent搭配wemo liilliiliilx: 4 chiz2: 一堆機車愛衝到車前面
---
車 喵的 jackbauer10: 只說八成是不是太客氣了 ctrcbagayaro: 是說檢舉iRent 多久他會收到罰單 bayline: 就是 satsuya0114: 我只知道開著irent會被很多人故意弄：） 比方說想要 satsuy","是這樣的啦，奇怪欸，每次開車在路上，看到irent，八成亂切，忽快忽慢，右轉不先關廁所，搞毛喔，

我是這樣想，會去開irent的就是平常沒車代步，偶爾上路害人，不然就是拿irent來練車的，所以路上遇到的irent是不是八成是三寶？","Kronecker: 假日國道上或市區道路都滿多寶的，其中IRENT比例是
Kronecker: 寶的又更高...
EASON0213: 遇過的Irent沒有一台不寶的，離遠點就對了
catson: irent亂切或龜車都常見，很兩極
andy3020: 自從在板上注意到這個現象之後，仔細觀察還真的是
andy3020: 這樣，不知道在亂切什麼勁的
maxmizuki: 昨天看到一台irent小鴨在蘆洲飆車
LonyIce: QQ 我在台中的房子還沒蓋好，沒有停車位，所以都租
LonyIce:  irent ，我不是三寶啊啊啊。但是每次租車時常常會
LonyIce: 看到上一位留下的垃圾，挺不舒服的。
Bimmer3698: 珍惜生命，遠離iRent
peter1212: 不是平常沒開車就是去外地臨時用車，不是車不熟就是
peter1212: 路不熟，奇怪的行為自然多
szngold: 飆車+1
hakkiene: 是啊 新三寶
gn02384419: 不是，是九成九
kingdomsss: 說得沒錯是9成9
tsuiss: 看到irent手就自動放在喇叭鍵上了
lota: 之前看到有人租irent給女友練駕駛，我之後就閃遠遠
lota: 的
td770715: 什麼八成 是十成
amyflower: 看過youtuber 開irent ,停車停很久都停不正，那是
amyflower: 技術難度都沒有的地方，真替他擔心
yiyin330: 10之89都路不熟，到路口才要跨雙白要轉彎
noahfly: 九成九
JayceYen: 4
GOPOL: 遇過irent的小壓超兇 雨天高速公路狂超車
GOPOL: 遇過irent的小鴨超兇 雨天高速公路狂超車
leix2: 怕爆 跟你去沖繩租車當地人的感覺87成像
ac8297q64885: 我之前教人開車就是用irent爽啊
f6031519: 這是月經文嗎 問了就是三寶不用想
afune12369: 上一篇uber、這一篇irent、下一篇？
kobe741107: 4
justin8821: 月經文
devin0329: 可悲的印象派，遇到兩個就八成，其他正常開的都死人
devin0329: 是不是？？
yasionl: 八成太誇張 應該是9成5
jimmyyang: irent 非寶即飆 很少正常人
s32214: 99%都是 還有一堆屁孩租來亂衝 遇到閃遠點
brucielu95: 這種租車模式就給平常沒在開車臨時要用的族群，這族
brucielu95: 群技術超爛很合理啊，有些人是被戳到是嗎？
aowen: 最好只有八成
palindromes: 平常沒開 不熟車、路  當然容易犯錯
love12548: 看過開這個小鴨貼在卡車後方…
Linjax: 都不先停路邊找一下路 隨心所欲不打方向燈直接轉或
tamchun001: 真的 都三寶
jayto: 這個主題不是討論到爛了 這樣也一篇
k7117836: 超多雷的 能閃就閃
martell11655: 北部或觀光區正常吧，但租車確實易有刮痕
firstlead: 4
airnoon: 不止irent吧，感覺R牌的車不少都怪怪的
firstlead: 最好有八成 小弟觀察有99.7%
kentano: 避之則吉
Lowpapa: 9成
joe51408: 4
s22257: 閃遠一點就對了 上次去板橋八爆遇到耶誕城
s22257: 八爆一台鬼切的 整條都是車還敢鬼切
kutkin: 是你只注意有貼紙的吧
kutkin: 其他亂開你就會說 又是T牌的
kutkin: 租車有傷是因為 又不會有傷就出險
kutkin: 營業車保費比較貴
busstops: 你看到停滿irent 的停車場去看一下車外觀有多慘就知
kazake: 還是有很多非三寶的用iRent阿 每個人都會有臨時的需
busstops: 道了，阿就是不常開所以沒買車阿，開車這種事沒有常
kazake: 要…我覺得三寶比例應該是85～90%
busstops: 開就很容易是三寶…
LIEN2021: 剛剛才遇到 方向燈打了直接鬼切==
tony1768ya: 看到要閃啊
wenshin: 肯定點，全都是
L78G: 三寶不分車種的
bioteng: 9成以上
kktt254: IRent十台有九台是垃圾
FSWIN1278: 你先自己想想會開iRent的都是哪些人好嗎？大腦還在
FSWIN1278: 嗎？你不如問問『會喝水的人是不是八成都會死？』
aggressorX: 小鴨超難開不意外
iPadProPlus: 99成
cokellen: 八成，低估了
ahyang: 台灣路上八成不管開什麼車都是三寶
yeng1217: 很多傷痕累累的
FarkU: 練車你靠腰，不練車你也靠腰，結論就是你最靠腰。
benptt: 9成吧？1成進寶塔
mars1396: 每當我想換保險桿的時候，我都會開在iRent前面
kutkin: FarkU中肯
TaoYPingS: 4
mamamiya00: 租車租房很多都會亂搞啊 各種租借都會有的情況，因
mamamiya00: 為不是自己的東西
keineAhnung: 太偏頗了吧 是開TOYOTA都是三寶
DM1984: 樓上XD
iorittn: 自信點，把是不是拿掉
s4511981: 三寶不一定 但菜比巴應該是跑不掉了
alex00089: 沒一台不極品真的
citima: 是 我都直接退10公尺
KuanB23: 不是很兇就是很寶 正常開的不到一成吧
primeblue17: 全都是
noddle: 離遠一點就對了
HAHAHUNG: 84 請正名假日租車手
e8177919e: 九成九好嗎 寶到不行
henrylin8086: 1. 外地人. 2. 不常開車，三寶無誤
thrombocyte: 是所有開車騎車的9成9是三寶
waverson: 智障的比例高達87％
hyk99885ggb: 平常日晚上看到的閃遠一點 高機率在壞壞
gn90178: 閃遠點
lalaBar: 不是，是九成
basara30: 自信點，可以把八成拿掉
limulus: 是100%好嘛XD
refgdata: 不要以偏概全好嗎，頭又大9成
Lalabear9566: 4
shlolicon: 九成九吧 常開車的通常都有自己的車
shlolicon: 租的大部分都是平常沒在開 臨時有需求才會租
almostreal: 不是 九成吧
yoyoyoyoman: 不是 是九成
pp938077: 你也是啊
HoushouMarin: 跟小黃差不多
KurtCobain: 真的很多irent好像不熟方向燈要怎麼打
BlueNokia: 沒錯 10台有9台都三寶
toeic900: 不是兩極是只有一極
matrix760906: 今天遇到兩台根本無極限！
timedilation: 4 別問了 看到就閃遠一點
lovelva00: 比較討厭小黃
a053473348: 之前租irent 租到一台連引擎蓋都沒蓋好的
sakala: 新手練車神車你敢嘴？
xxxcc: irent 就是平常騎機車然後嘴路上一堆一人汽車
xxxcc: 到了假日又改不了平常騎機車的習慣
xxxcc: 每當在網路上看到地圖炮攻擊開車族 可以直接預設
xxxcc: 給這人一台車開 跟在後面檢舉他 罰單應該會破萬元
kdeath: irent搭配wemo
liilliiliilx: 4
chiz2: 一堆機車愛衝到車前面完全不打方向燈想切就切
ukcm: 貼著irent貼紙當然吸引一堆注意力
madaoraifu: 景山比irent可怕多了，還好數量少
ukcm: 路上耍腦的車一堆 貼著irent就特別顯眼好記
deffejfr: 不是，是九成九
chickensam: 一堆開雙B的也跟你描述差不多 很怪
Mei5566: 是10成
SALEENS7LM: 結果我剛剛在過馬路時遇到一輛貨車未禮讓行人飆超
SALEENS7LM: 快差點撞到我，正當我以為沒事要繼續走時一輛irent
SALEENS7LM:  直接硬插進來又一次差點撞到我後連燈都不打直接鬼
SALEENS7LM: 切兩個車道飆走了
SaberMyWifi: 自信點，把八成拿掉
blairkimi: 兩極 沒正常的
cor1os: 超過十成
ren474747: 有遇過一群吃檳榔的8+9開irent一路逼車蛇行
ecolife: 沒遇過正常的
oioio1688: 機率很高
ray5607: 一次在淡水停車場出口看到有車要進去上面貼irent
APC: 有保險的三寶，至少是負責的三寶
GymRat: 大概7成
kiopl: 我開irent 我驕傲 油門都開心踩
CoachKuester: 每次看到irent車上傷痕超多都覺得害怕
facebookig: R開頭租賃車也是
facebookig: http://i.imgur.com/iHEVoMS.jpg
ianian45: 高速公路遇到都龜車 喵的
jackbauer10: 只說八成是不是太客氣了
ctrcbagayaro: 是說檢舉iRent 多久他會收到罰單
bayline: 就是
satsuya0114: 我只知道開著irent會被很多人故意弄：） 比方說想要
satsuya0114: 換車道，後車馬上開始加速不讓，不知道是誰比較三寶
satsuya0114: ：）
kutkin: 說不常開車的irent是三寶，那職業駕駛也說是三寶。
kutkin: 邏輯可以統一一下嗎
kutkin: 不熟車的、外地的是三寶 職駕、本地的也是三寶
kutkin: 所以不管會不會開車的都會被嘴
LeehomLee: 八成是三寶 兩成是垃圾
zhandy35: 看到閃遠點就對了
VizMorrx: 這不是廢話嗎？會租車就是沒車不常開居多呀 三寶比
VizMorrx: 例高
doritorsss: ？？？你要不要去看看高速公路上開納志傑的鳥樣，三
doritorsss: 寶率更高 嘻嘻
Audien: 還遇過音響播廟會歌車窗搖下來的
austin0353: 屁孩也算的話，是
lizardc1: 你可以檢舉 和運會跟租車人求償
sole772pk37: 是 我在東部看到irent 的一定閃超遠 十台有九台是
sole772pk37: 三寶 剩下那一台停在紅線上
rvd8164: 9成 謝謝
kabukiryu: 我有時也會租irent。例如台北到高雄搭高鐵單趟只要2
kabukiryu: 個小時，甚至有94分鐘就到的，到高雄當地再租irent
kabukiryu: 可以省下不少時間。
kabukiryu: https://i.imgur.com/WFkriHq.jpg
kabukiryu: 如果從台北直接開車到高雄，單趟至少得花上4小時左
kabukiryu: 右。對了，我開irent一人汽車時，全程都是低速檔(
kabukiryu: 引擎聲很吵)、起步油門都踩到底的狀態，不過irent
kabukiryu: 的車子性能差，0百加速很慢。
kabukiryu: 前面有人提到 非寶即飆 ，很貼切，因為真的就是那
kabukiryu: 樣
airnoon: @satsuya0114 跟車子沒關係，會加速的人就是會加速
airnoon: 而且還不少
eulbos: 上面那個油門踩到底就飆仔啊...
kianlee0228: 自信一點，不只八成
arch1212: 87%不能再高
container: 都是年輕人剛學開車，三五成群拿來練車的
Raikkonen01: 也有少部分商務使用，我出差都是高鐵轉irent
cospergod: 一群養不起車的兩輪仔會不寶嗎
jeter0612: 還有無法全額貸西300的89再用irent
j33266d35: 幾乎都是三寶，副駕駛在車上抽煙的，窗戶全開。真的
j33266d35: 沒有什麼水準
peehs: 駕駛行為就是googlemap延遲版 慢幾秒看駕駛的智商決
peehs: 定
G400: 昨天中午下青埔交流道才看到一台irent撞camry然後被
G400: innova追尾
lazyfrog: 亂切我真的是碰到不少次 其他就還好
ksk0516: 所以說日本竟然接受台灣駕照真的是笑話
ksk0516: 一堆在台灣亂開車不開車的跑去日本自駕
kutkin: 如果開自有車的就不會是三寶喔
playdoom: 9.5成
Hua0722: 還有前後霧燈開好開滿，他媽的要亮瞎誰
a1037b1037c: 體感統計學大師
knight313: 差不多
pppqqq362: 看到真的怕爆，有次騎車要直行，發現左邊是IRent
pppqqq362:  趕緊減速不併行，他果真從外車道直接右轉
chengyu1010: 是說路上8成車都是三寶 然後看到IRent耍寶 自然會
chengyu1010: 覺得9成9都是寶
mxr: 十成
geraldliu98: GG
bboywhite: 因為是以里程計費，所以以前租的時候馬用力踩下去，
bboywhite: 全部崔洛
bboywhite: 自己也經歷過租車那段日子。多點友善、包容就好了
GORDON2037: 9成吧？
guitar19: 珍惜生命，遠離irent
jhbgybj123: 10個有11個都是阿
az400570437: 是全部才對
windlll: +1，平面也亂飄亂切，綠燈要過不過
cgalen1994: 我開Irent都維持大概五千轉吧超好玩
cgalen1994: 聲光效果很好又不快
t7788921: 4，還遇過大晴天前後雨刷一直刷的
curry0402: 不一定是三寶，但一定不用珍惜用車，因為不是自己
sam352306: 不然咧
gn02384419: 被雨刷戳中笑點XDDDD
wtmjs: 講成這樣，做張IRENT貼紙來貼好像可以當AT力場用？"
ptt,M.1667743157.A.CFF,https://www.ptt.cc/bbs/car/M.1667743157.A.CFF.html,car,[問題] iRent貼紙請益,surd (Tashanna),Sun Nov  6 21:59:14 2022,,拍照,alove: 我想原Po應該不知道irent法務的厲害，趕快去貼 thaleschou: 尻到怎麼可能沒差，借車不是都要拍照存證 iwei0930: Nike貼紙 nike不追究？會這麼想 難怪iRent貼紙第一 iwei0930: 個想法是違,"看到大家討論到iRent時都很熱烈
大多都是負面的討論較多（針對駕駛者技術的方面）

所以如果車子上貼iRent 或是樣式很像的貼紙
是否有類似貼「新手上路」等貼紙的效果
會讓一般駕駛下意識想閃開？

家裡的白色車也想來貼一張

無奈剛剛上蝦皮或沒屋頂 都沒有看到
一樣的或是類似的搞笑貼紙
請問哪邊有現成的可以買？","ChungLi5566: 自己刻啊 這別人的商標擅自販賣違法
surd: To 1樓 我覺得不是販賣違法的問題耶 網路上找Nike
surd: 貼紙，也是一大堆
issac: 用個 iRcnt 好了
zong780405: 那是Nice沒追究...
zong780405: nike沒追究
zong780405: 別把違法的 當成正常。
Gradi: 路上還真的看過有人貼…
zong780405: 不過還是得說  Nike 的例子不好。
zong780405: iRent  商標這個很明顯用在車子。
PalmAngels: 之前路上看到一台Model S有貼 很好笑
zong780405: 沒有人家授權 就是違法
Lowpapa: 你不會自己做一張 jRent
a27588679: iRant
sana113821: 今天看到一台irent被拖吊 看到笑出來
kianlee0228: 不然貼you borrow好了
lightmei: !Rent
xu3: 樓上那個不錯  把i反過來貼變!
JACKY7: 我也有想要!Rent貼紙
summer08818: 換個角度想 有些人看到Irent去尻到擦傷也沒差
YU0121: 之前看過gogoro車主貼no share的貼紙
hsudens: http://i.imgur.com/8jEaDXo.jpg
marunouchi: iRnet
erre: 不覺得違法？笑你不敢貼iRent啦
sealove: 我想原Po應該不知道irent法務的厲害，趕快去貼
thaleschou: 尻到怎麼可能沒差，借車不是都要拍照存證
iwei0930: Nike貼紙 nike不追究？會這麼想 難怪iRent貼紙第一
iwei0930: 個想法是違法 iRent才不會管你咧 除非你貼著這貼紙
iwei0930: 在執行某種盈利 或貼著耍三寶而且還耍出名
ChungLi5566: 賣別人商標盈利是違法行為
zong780405: 商標法目前是 告訴乃論
t7788921: nike太多仿的抓不完，不代表沒觸法
makelove0938: 貼個iCunt就不會被告了
firstlead: iRent貼紙是種不能說的特權，開在路上全路淨空
peterpeterpe: 不怕被別人認錯瘋狂開車門嗎= =
jhbgybj123: 貼個NoRent
marckshaw: 貼 iBent
alwang: !Rent不錯XDDD
Aixtron: 很多不是想讓，從後面騎上來是要怎麽讓
ssaamm810130: 拿得到貼紙的不是員工就是親友團啦 一般人別想了
xxxx217312: 開PC也想貼一張 XD
a901922001: iPent
ckhou: 貼iRene，貼老婆名字不行嗎
acesslai: 貼這個商標，也沒有盈利行為，不行嗎
quinietos: 要告什麼 不當得利 要賠多少
TryMi: 沒事貼著可能沒什麼好告的，等到發生什麼事，別人以
TryMi: 為你的車是iRent時，應該就有得玩了？
ChungLi5566: 我說的是商家為什麼不能賣貼紙的原因
ChungLi5566: https://i.imgur.com/MVwD4ax.jpg
info1994: irent是真的恐怖的那種
taxisy: iRevenge
fuki: 說這麼多 是要開團了嗎
supersp: 阿如果我是福特車主，貼個iford會侵權嗎？
supersp: http://i.imgur.com/VVu0GHJ.jpg
ProChristian: 樓上貼紙過於粗暴
mio8390: irent停白線罰三千還有人在用喔?"
ptt,M.1667619942.A.C2D,https://www.ptt.cc/bbs/car/M.1667619942.A.C2D.html,car,Re: [討論] 小鴨退場，irent以後會買什麼車？,QuentinHu (囧興),Sat Nov  5 11:45:40 2022,,還車,C是路邊租還主力車，依照路上跑的可見度，部署數量跟使用頻率遠超其他vios a ltis CC Sienta等定點租還車 但是Prius C沒有因為車格小就很便宜 當年的Prius C開價超過Altis 很多，所以極少看到私家車有人在開P,"根本不用幫irent擔心vios的問題

Prius C是路邊租還主力車，依照路上跑的可見度，部署數量跟使用頻率遠超其他vios  a
ltis CC Sienta等定點租還車

但是Prius C沒有因為車格小就很便宜
當年的Prius C開價超過Altis 很多，所以極少看到私家車有人在開Prius C

https://i.imgur.com/tWT1K2y.jpg
https://i.imgur.com/HXxnFhy.jpg

和運本來就是和泰集團底下，我是不知道是不是Toyota有進口配額還是有什麼其他因素一
定要用PC ，因為除了超級好停車這個優勢，省油的部分跟車價權衡下來，營運上的優勢
沒有那麼高

Irent 當年也是硬吃了這麼多Prius C，所以沒有Vios哪有什麼好怕的...
只是要看這批PC營運年限到了，回本了以後，有什麼比較好的選項而已。

單純以價格來說，Altis 現在的hybrid尊爵款開價就跟當年的Pc差不多了，只是只是車子
沒那麼小而已，但是油耗部分並沒有輸到哪","weijinsusu: PC當irent主要策略在推廣油電吧
sjerrysss: 租iRent加油不用錢，PC就可以省不少油吧
xu3: irent是算里程數，收一樣的錢當然越省油越好
lions402: 油錢成本省很多欸
hakkiene: 其實省保養就省很多了 日本租車公司也大多是油電車
iwei0930: PC純粹是電池比較大 這種路邊租車要不停連網耗電而
iwei0930: 已吧
kutkin: 加油時間少就是優勢了喔
kutkin: 而且市面上是PC比Yaris好租
kutkin: 因為我user也想要省加油時間
kutkin: 我就講苗栗高鐵 以前同時有  PC Yaris Sienta都是PC
kutkin: 先被租走，然後是Yaris，Sienta很少
itmyshit: 算里程又省油，營運怎麼不划算？
waterdesign: 油錢算公司的，油耗省就划算，妥善率高更划算
waterdesign: Prius C是很好的選擇，又不會有廉價感
waterdesign: 日本租車加油算客人的，油電車通常要加價
LeBronJames: 用PC就是跟車廠整體平均油耗數據有關
LeBronJames: PC可以幫忙和泰在新油耗法規取得優勢
LeBronJames: 你去問和泰業務就知道了
LeBronJames: 查一下「CAFE油耗新制」就能明白
LeBronJames: (絕對不是推廣油電用）
j27710146: 路邊都是PC是因為市政府限制要環保車款
jason0330: PC沒有再引進的原因是因為日本根本沒有幫二代出左駕
jason0330: 版，變成日本專用車"
ptt,M.1667608452.A.FF5,https://www.ptt.cc/bbs/car/M.1667608452.A.FF5.html,car,Re: [討論] 小鴨退場，irent以後會買什麼車？,camryvvti (CAMRY),Sat Nov  5 08:34:09 2022,,停車格,dward: 一卡車小鴨 palapalanhu: bz4x Coma: MG啊 join183club: 家裡附近公有停車格停一堆PC irent Algers: https://cjay.cc/2022/09/ev-parking-2022/,"※ 引述 《iCtrl (iCtrl)》 之銘言：
: 白色irent神車-小鴨
: 明年驚傳要退場
: 那以後irent會買什麼車？
: --
: Sent from BePTT

iRent目前狀況大概是：

租金最高 充當廣告看板招牌的Corolla Cross

路上能見度最高 已經停產的前代PriusC

再來就搬家好幫手 或是多人出行會特別去找的Sienta

完全不會多看一眼 食之無味棄之可惜的Yaris/Vios

偷偷更新到12代但光彩全被CC吸走 完全沒在宣傳的Altis

app有選項 但根本找不到車的傳說級角色Prius PHV



PriusC停產後 iRent還是一樣維持那麼多台在各地啊
所以Yaris就算停產後 一時半刻也不可能立即從iRent絕跡

其實之後iRent要補車進去營運
個人覺得其實只需要3種車就夠了：
Corolla Cross、Sienta、Vios
主打招牌菜、7人座/搬家用、傳統小轎車","davidd0314: 直接買RAV4啊
jdward: PC退場前 買了一卡車PC 進來 小鴨退場前會不會也進
jdward: 一卡車小鴨
palapalanhu: bz4x
Coma: MG啊
join183club: 家裡附近公有停車格停一堆PC irent
Algers: https://cjay.cc/2022/09/ev-parking-2022/
Chilloutt: 我超愛pc肌
c449w: Prius PHV 4-5年前的時候租到一台車況就超差了，全
c449w: 車保桿板金都撞的傷痕累累或破裂，油門輕踩引擎聲就
c449w: 超大，應該不少都拉掉沒在出租了
kutkin: sienta沒有yaris好租
kutkin: 都是yaris先被租走
oppoR20: 因為小鴨便宜啊
arcross: Toyota開20年不會壞 所以irent也還有yaris繼續20年
hakkiene: 好像貨車Town Ace會加入
AHEAD099: Prius PHV 應該是退場了 官網上沒有了
kutkin: phv 那些早就被納編公務車了"
ptt,M.1667378501.A.C38,https://www.ptt.cc/bbs/car/M.1667378501.A.C38.html,car,[問題] 快速公路可以開遠光燈嗎?,vovorr (靜靜的),Wed Nov  2 16:41:39 2022,,罰單,燈 不然會撞死 bla: 前面沒車當然可以開 dc0001: 前方沒車、沒路燈就放心開嘍 Pennyjr: 看有沒有收到罰單就知道了啊 info1994: 沒車可以 如果你開下坡路段對向有來車也要關掉 info1994: 你下坡路段 對向車道如,"昨天租Irent的車出去

快速公路可以開遠光燈嗎?

應該說沒路燈的所有道路

昨天開快速公路,幾乎快一半以上都沒路燈

前方真的夠暗,完全看不清,很怕一個不小心就撞到東西

但我朋友叫我不要亂開遠光燈

但我昨天真的一路嚇到回家

所以沒車或少車時,前方完全沒路燈的(高速.快速.道路)

可以開遠光燈嗎?","keigowei: 你這情況為什麼不行？
maltum: 484 貼太黑
terry955048: 有需求就開...安全第一
eatingshit: 前方沒車你還不開？
frank111: 貼太黑
keigowei: 沒車 沒路燈 看不清楚不開，這燈是設計來裝飾嗎？
benboy: 有智慧頭燈的車太暗會開遠燈角度向下 避免閃對向
easonxxxz: 撞到 你朋友會替你負責嗎？
Jacky4939112: 87朋友 把他丟下車再開遠光燈
eric118: 有自動遠近光的車這時候就會跳遠光了，你只是變成手
eric118: 動切而已
AustinRivers: 太暗就開阿
xenium: 當然可以開 不過還是順便問一下你前檔貼多少的
korsg: 前方沒車的話可以開阿
PtT0615s: 開了要會關，如果你是那種會忘了關的就不要開了
scorpions: 那你遠光燈要什麼時候用
sai511477: 台61幾乎全部的車都開遠光燈 不然會撞死
bla: 前面沒車當然可以開
dc0001: 前方沒車、沒路燈就放心開嘍
Pennyjr: 看有沒有收到罰單就知道了啊
info1994: 沒車可以 如果你開下坡路段對向有來車也要關掉
info1994: 你下坡路段 對向車道如果高一點的車型就會被你閃爆
oooellis: 有車再關
hmt17: 朋友在害你吧 呵
eulbos: 那就一路開60吧
omhhsib0719: 前車還在你視線內看拜託不要開，對象有來車也要關掉
fd3sfc3sae86: 高速公路前方還有車可以跟和觀察不要開，沒車再開，
fd3sfc3sae86: 分隔島有遮光柱不用太擔心對向
Benefits: 對向及前方100公尺內有車，就切回近燈
Benefits: 遠燈霧燈不可怕,不懂使用規矩的人才可怕
daniel6412: 太黑？調大燈角度對線啊
bgflyer: 100米還是照到很瞎，建議再遠一點
Lowpapa: 沒車就開  有車就關  這都不懂？
archer646: 跟他說你行你上…..
riripon: 我以為IRENT燈都壞的耶看好幾台都狂踩狂切不打燈
drift024: 沒車就開遠燈阿 你肚子餓想吃東西是不是都要問人?
ssaamm810130: irent前檔一堆沒隔熱紙好嗎
losewind: 看不到就開阿 保護別人之前先保護自己吧= =
peehs: 要撞到人要不要踩煞車???
luoqr: 不然遠光燈什麼時候要開？聖誕節嗎？
arcross: 開irent沒有什麼是不能的 請放心為所欲為
MidnightHui: 視線內有車就不要開遠燈阿，很難懂嗎？
GlassHeartHo: 跟iRent有什麼關係 不懂為啥提這個
rice3450: 要不要改坐計程車啦
w9: 叫你不要亂開，那你正常開不就好了
t7788921: 我會開，前方一但看到尾燈不管多遠馬上關
t7788921: 對向有車我也是馬上關
drmit: 阿不然呢，且又沒有前車就開呀，幹嘛自虐
pp938077: 不能開那設計這功能要幹嘛？
kitty2000: 把損友丟下車，遇到車輛再切回去不就好了。國道半
kitty2000: 夜大部分領頭車也都沒在開遠光燈，一片漆黑是要開
kitty2000: 去撞牆嗎？
pippen456: 只要前方看的到車就不能開
d8109333: 少車不能開 沒車才可以開
js52666: 前後霧燈也一起開
hasn8620: 可 不然太暗超危險
oh5566oh5566: 拜託別上路
cookielol: https://m.youtube.com/watch?v=dfoL8xEA6hw
cookielol: 沒有車真的不考慮開一下嗎 而且又沒路燈我建議是開
cookielol: 啦
hakkiene: 前方150公尺沒有車可以
yesyesyesyes: 你這個狀況要開吧，快速道路常常會有奇怪的掉落物
appleonatree: 前面沒車當然開 領頭車不開他死是他家的事
appleonatree: 公訴公路近燈跟著線是可以走 但前方異物你看得到？
appleonatree: 不開遠光燈怎麼死的都不知道
appleonatree: 我朋友就曾經半夜內線壓大積水打滑轉兩圈
appleonatree: 你永遠不知道前面有什麼東西
cayalst: 沒車就可以啊 不過都2022了還有車沒有自動切遠近燈
cayalst: 的車喔
keineAhnung: TOYOTA可以
Linjax: 老車沒有啊
swjlsc: 你高速行駛不開遠光燈根本沒辦法即時反應
kabukiryu: 板上有許多人說沒路燈比較好開耶
polestar0505: 開啊  why not?
kxlcool: 舊蘇花 不開遠光燈 超恐怖
gjcl6: 開爆啊 反正檢舉不了又不會抓
kiopl: 遠光燈檢舉難度這麼高 當然是開心就開啊
ffleo: 開 對向來車再關小就好
AHsuanHsuan: 沒車沒燈就要開 不然勒
asd25: 前方 對向沒來車就可以
sholin: 先請這位朋友下車
LandaChuang: 遠光燈就是這時候用的，不然配遠光燈要幹嘛
happybird119: 前面沒車還不開，是要等車禍再開起來提醒遠方的人不
happybird119: 要撞到你嗎
jdkcupid: 不然你以為遠光燈何時用？
summer08818: ?到底誰說不能開遠光燈的? 看不到路就要開阿
zzyzx: 不然遠光燈何時用 挑釁的時候？
yhkl: 當然不可以、只能在車多或是市區開。
snowfish104: 不影響別人就開啊 都幾歲了這種事不能判斷？
kahabu: 看不到就要開了，要不然前面的車後燈壞了，你發現就
kahabu: 來不及會撞上哦
GoodDonkey: 朋友是覺得遠光燈是拿來閃龜車用的吧
GoodDonkey: 平常前面沒車沒路燈，是不能用遠光燈的喲~
hhh770509: 開啊 前面有車再切回來
silver0610: 大家對新手真的很友善（大笑
mio8390: irent停白線罰三千還有人在用喔?"
ptt,M.1666154169.A.5C5,https://www.ptt.cc/bbs/car/M.1666154169.A.5C5.html,car,[分享] 這是租iRent來練車？,Tjpmars (回憶),Wed Oct 19 12:36:07 2022,,停車格,"368: 這種根本就不該上路吧，就說駕照太好考根本濫發 alfi2016: 有駕照不代表會開車 cream4260: 這停車格前面沒有車或障礙物，已經算很好停車的情 cream4260: 況了 catjo87: 後面一台停好好當參考物，代連鏡子也
---
遠點 gadoma: 駕駛不會靠邊耶，距離感是不是差的有點誇張 SphereDavid: 指揮的人問題比較大，前面沒車的停車格還能切這麼久 SphereDavid: ；車子太靠外側竟然不是要他往外切重回角度，竟是往 SphereDavid: 右切
---
: 可怕的是這種技術還能拿到駕照吧 fred0755: 怪irent的要不要檢查一下腦袋 chiro1982: 這麼大的停車格呢 bayline: irent不意外吧 sunflower1: 八成是老人，女人，老女人 solidmiss: 可怕的","影片來源:WoWtchout

https://www.youtube.com/watch?v=CXQwem3aovQ

剛剛看到這則影片，教練場都比這難停吧

搞到最後還撞到後面的車

這應該沒駕照租iRent來練車吧","aal: 我看過平日租irent在動物園停車場練車的 真是好地方
LianD: 不會停就算了 指揮的人不救欸
alfi2016: iRent本來就拿來撞的
alfi2016: +安心險就好
krit1009: 我在路上看到Irent都會閃很遠…
kelon: 連第一個位也不會停 這樣也能租車喔
farseer7: Irent 要審駕照吧
bang59487: 木柵動物園外那個停車場 半夜車震好地方
lightmei: 能拿到駕照比較神奇
iPadProPlus: 開車的三寶 指揮也三寶
davidd0314: 這技術....我怕他直接撞上在旁指揮的媽媽
cookielol: 方向盤打到底就能進去的東西 而且這格子第一個還這
cookielol: 麼大 不會停真的是奇蹟= =
timedilation: 路上看到iRent真的會躲
davidd0314: 至少沒撞到人 算幸運了
jimmy12332: 厲害了
jimmy12332: 這位子一次停不進去的建議不要上路
PTTDURANT: 垃圾三寶開三小車，滾
chucky: 這位子能停成這樣也是種天份
bruce2248: 沒駕照能租車?
STi2011: 三寶+三寶居然還是三寶
gx9900824: 品牌正確 拍攝者不救
playdoom: 這車在路上，根本不定時炸彈，看到要離遠遠地
j32072: 嘻嘻是我辣 我還可以上高速公路唷
sunjh214: 這到底什麼操作
aowen: 三寶指揮三寶 畫面太美了
bruce511239: 注意看 這個三寶太狠了 她叫小美 是個三寶駕駛
ga047768: 笑了。
Aixtron: 保證倒車不會轉方向盤的
leo255112: 這感覺連打方向盤都有問題了
Aixtron: 前打左，推打右，一次就好了，保證指揮的也不會開車
Aixtron: 看來是倒右會打左，倒左會打右的
Bimmer3698: 珍惜生命，遠離iRent
QuentinHu: 真好耐心錄了5分鐘
s094155: 拍攝者手穩
TSMininder: 看到記得要閃 不要大意 保重
GiuliaQV: 歐卡開太多
js52666: 上次去墾丁的路上有台Irent擊落GLE
semb15: Irent 家裡都賣雞腿的
QuentinHu: 指揮的也是87
eulbos: 路邊車流大，很有壓力吧
youchen68: 呼叫監理所
MK47: 拍攝者不救
niukb: 這技術敢租車開也是心臟很大顆呢
cup432959: 他應該連轉彎都不會
ga047768: 哪來的車流量啊…
niukb: 而且沒有倒車雷達 或 倒車顯影嗎 應該BBBBBB狂叫吧
ga047768: 這個不就往右換一個車道，倒退，結束。
ga047768: 五分鍾沒幾台車過去啊…哪來的流量
aikolove: irent正常發揮
korsg: reverse la auntie~~
arcross: 遇過逆向超車irent 他還開著遠燈
milker: 我快笑死
ElrosHsun: 超大車位前面還沒車 到底是在幹小？
TaiwanNeko: 保險桿就是拿來承受小碰撞的
cakila: 不豪洨，看到閃遠點就對了
basterds: 駕照用屄屄換的
wenshin: 珍惜生命遠離irent
PtT0615s: 開得很好啊，很對齊水溝蓋ＸＤ
wateryc: 這種白癡我會拖他下車叫他去死
KAOGUY0617: 之前被一台倒車撞超大聲 下來問我有撞到嗎 傻眼
iMANIA: 華國駕照太好考的結果
birdman4368: 這種根本就不該上路吧，就說駕照太好考根本濫發
alfi2016: 有駕照不代表會開車
cream4260: 這停車格前面沒有車或障礙物，已經算很好停車的情
cream4260: 況了
catjo87: 後面一台停好好當參考物，代連鏡子也不會看，沒救!!
noname78531: 撞到的時候我笑了
aikensh: irent日常
uni1711: 之前快速道路上看到連環追撞車禍，往前開看到第一台
uni1711: 是irent，頓時明白了什麼
orange0319: 駕駛是得了輪胎不能開到水溝上的病嗎？？不然其實都
orange0319: 停超直的，但是卻停不上水溝和靠近路邊
hmt17: 憑感覺開車
ck2oliver5: 天才...駕訓班的停車位都比這難停
randeon5566: 笑死 這已經比考照還簡單了
ymx3xc: 哇靠 撞到人家車當沒事唉
ymx3xc: 然後 停了五分鐘還可以停成這樣，人要有自知之明
ymx3xc: 別上路惹 拜託
CIIIO: 建議irent全換VW可以自動停車的型號
KingChang711: 實際練車的人不等於用iRent去租車的人
CIIIO: 啊不用 裝個環景就好了
canes:  https://i.imgur.com/Dd1vspZ.jpg
makelove0938: 這車有雷達吧 技術爛成這樣真的要做智力測驗
makelove0938: 驗
frank111: 可怕~好幾個路人在地獄門口走一遭
KingChang711: 有可能情侶女的在練車，用男的駕照去租iRent
Qoo777: 前面空 後面有對照車 這種都可以這樣 前後有車怎辦
cor1os: 我笑了
cor1os: 這麼大,最好停的前後位還停這麼久
A135142: 他是不是以為不能在水溝蓋上嗎
bravery1117: irent有車身鈑金好的嗎？
Anutmiao: 兩個三寶還是三寶啊
IdleLife: 這太誇張了 不過為啥會往那個角度錄這麼久？
sansiaman: 上次一個irent路邊臨停完，在我旁邊不打燈要切到主
sansiaman: 車到，按了很久的喇叭才停住，想到就氣
Aixtron: 應該立法irent要連帶賠償的
KuanB23: 笑死 這到底怎麼拿到駕照的
blitz: 意外嗎  irent 哀憐…
pigking75: 停河濱也要小心 一堆練停車的
GLUESTICK: 手遊:99%的人都過不了的關卡
devin0329: 又有智障法盲要牽拖租車業者
Csir: 撞到那一刻我笑出來
devin0329: 不擅開車並且手上沒車開、少開車有臨時用車需求的人
devin0329: 當然首選iRent，要就檢討考照制度，檢討出租業者真
devin0329: 的無知
jasonmcsh: 哪裡有賣itent磁鐵 買個貼在車上大家都會閃遠遠
JEON: 拍攝的人很猛 可以拍這麼久
PaulOneil1: 2個都不會停車
butt1106: 這9成是女駕駛
Enota: 3+3=3
shineming: 珍惜生命，遠離iRent
Kyrieisme: 拍攝者不救
zstan2008: 我真的遇到跟影片一樣irent不會倒車的，倒車10分鐘
zstan2008: 還沒用好，國瑞觀音廠守衛最後看不下去，叫我去幫
zstan2008: 她倒車，真懷疑她是怎考的駕照
Destery: 笑死  貼進去一點有這麼困難??
kwinner: 重點是你錄了5分鐘
ThunderSK: 三寶加三寶
zeanmar: 最後還能撞後面XDDDD
ISBearking: 看得好痛苦，他是不是不知道怎麼把車子靠右啊
Qoo777: 車上的不會開車 車外的不會指揮 .....
qwe4560: 鍵盤車神紛紛表態。
a27588679: 沒空間觀念加不敢轉方向盤 不知道在幹麻
manson666: 駕照是不是該沒收了
ice4564: 超大一格+前面超空還能停成這樣
t81511270: 拍攝者不救
aliangh: 幾秒可以搞定的位置 停5分多....
dai771224: 三寶x2
buneng: 注意看，這個女人太狠了，她叫小美，不出意外的話，
buneng: 馬上就要出意外了
F12NLargo: 那位置超級好停 我的天啊
mmmmmmmmmmm: 笑死
firstlead: 躁鬱症患者看這片應該會暴斃
firstlead: 9成9是女駕駛吧
allenz78: 這前方沒車根本送分題，還能停成這樣，IRENT閃遠點
gadoma: 駕駛不會靠邊耶，距離感是不是差的有點誇張
SphereDavid: 指揮的人問題比較大，前面沒車的停車格還能切這麼久
SphereDavid: ；車子太靠外側竟然不是要他往外切重回角度，竟是往
SphereDavid: 右切，最好每一格前面都沒車。三寶+三寶就是災難。
Lowpapa: 快笑死...   女
rulDD: 指揮的人也很大膽 這樣開被輾過去都不奇怪
rulDD: 表示指揮的人不會開車 他不會引導方向盤怎麼轉
fire124: 我想知道他上國道會怎麼開 時速60直接殺進內車道?
cayalst: 前面跟旁邊沒車能停超過30秒都是天才
alex00089: 在格子裡為啥一直喬？
kimiraikko: 檢舉道交62條1項後段肇逃，可以吊駕照
roger840410: 教練場都看到標記轉幾圈背一背
s88480: 駕訓班有記號有口訣,駕訓班輕鬆 實戰停不進去的一堆
s88480: 有的人在車上會對外部的空間感全失 真的看過這種人
YangChang: 真的有夠蠢
salamender: 租用哎瑞的不是飆仔就是龜車
bio5chris: 最簡單前面擼一下，再倒回來
bio5chris: 問號
hankower: 看到IRent 能閃多遠就多遠
s8624032: 媽的智障，不要出來害人好不好
appleball200: 拍攝者不救？？
pivotalHarry: 一定是女駕駛
kiopl: 難怪itent一堆凹痕擦傷 這司機根本智障XD
Koibito: 這…不是每個人都適合開車的阿這位施主…
mathrew: 笑死
suhhwanjen: 原po厲害 過程竟然都沒笑出聲
ctes940008: 笑死
a894392000: 八成是女的駕駛 搞不好男的租irent 這樣保險也失效
a894392000: XDD
s155260: irent就家裡沒車的三寶在開的 有多遠閃多遠
onlysammi: irent很多三寶
kncc31: 看到irent都超警覺的
kncc31: 超爽的位子還能搞成這樣
jerryx35: 兩個都寶 笑死
alimama: 把新手村任務搞的跟打最終Boss一樣 XD
maralinga: 這種人能拿到駕照？問題最大的是交通部吧。
dky93: https://youtu.be/CXQwem3aovQ?t=250
lingling0000: 笑死  但是看到好痛苦
dky93: 0410亮點真的妖獸==
griswold: 這弱智吧，這種的上路比酒駕更危險
AustinPowers: 看完感想是，這車格真的有夠寬...
almondchoco: 這種人為什麼可以上路？
sonyeric928: 這種照後鏡沒有也停的進去
e44444: 太誇張了吧
icome: 有些人天生就不應該開車
mb070: 可怕的是這種技術還能拿到駕照吧
fred0755: 怪irent的要不要檢查一下腦袋
chiro1982: 這麼大的停車格呢
bayline: irent不意外吧
sunflower1: 八成是老人，女人，老女人
solidmiss: 可怕的是他還跟你各位一樣會上路 隨時準備幹爆每個
solidmiss: 有機無機物
gunling8: 我說老弟啊，只會出張嘴並不會顯得你很厲害
FarkU: 以後irent不止要審駕照，最好還能路考一下。
Ian60: 這就是有駕照沒上路過，租車出去玩，停車時候發現沒
Ian60: 有原廠考照那根記號電線杆，所以停不進去。
turndown4wat: 笑死
z5137964: 被撞的車變速箱不知道有沒有壞?
ChungLi5566: 公司旁邊iRent的車子 都有很奇葩位置的車損痕跡
zs111: 駕訓班只會叫人考照不會教原理
MasakiAndoh: 可憐 開車跟指揮的都三寶
Benefits: 這是最好停的格子
Benefits: iRent(X) iCrash(O)
camerara: 我們台灣灣雞腿很多的啊
tntbear: IRENT幾乎都三寶，建議遠離
hwp1006: 一點開就笑了
linecross: 這什麼鬼才…
benptt: 駕駛三寶×指揮三寶
bboywhite: 後面那台車好可憐，快笑死
Yude0109: 除了倒車雷達壞掉 我想不到怎嚜撞
jaceda: 指揮還敢去車子後方,到時候被倒車撞死
kimiraikko: iDent 凹痕製造機
amyflower: 停成這樣，技術真好～
reeed0116: 請問同樣是租車，為何irent給人的印象大部分都那麼
reeed0116: 不好？我只知道他們家的車外面都貼一堆貼紙，有夠
reeed0116: 沒格調而已
mOuOm: 台灣駕照就是個笑話
freshbox7: 後面那台車有夠雖小...
pcgogoman: 笑死 到底怎麼開的
kabukiryu: 馬的，政府該立法嚴格管制irent了，停不進去就不追
kabukiryu: 究了，但撞別人車就太惡劣了
xiangdang: 有倒車雷達可以撞…
Yench: 明明車子就在眼前 一堆人還在按尋車...
efthu456: 這真的不要上路比較好==
nwkasim: 第一格就廢物停法，格子還超級大，後面車真的倒楣
pouy: 明明就三寶亂開什麼都要扯irent
godzillabox: 可以寶成這樣，是個狠人
betkuz: irent 撞到車會不會有營損問題，有保險嗎，這樣亂
betkuz: 推薦給朋友不好吧…
neil25: 這方向盤應該沒打超過半圈
neil25: 結果停了半天 還是跟一開始時一樣的位子
RanceTsai: 指揮的問題也很大…超級三寶組合
sakura94425: 超扯 我用兩倍速看都沒耐心了
takeshi345: irent有加購安心服務 有車損跟營業損失基本上不用付
takeshi345: 吧
mio8390: irent停白線罰三千還有人在用喔?"
ptt,M.1664980705.A.E8A,https://www.ptt.cc/bbs/car/M.1664980705.A.E8A.html,car,"[問題] irent租車問題,已爬過文",vovorr (靜靜的),Wed Oct  5 22:38:23 2022,,還車、無法還車、拍照,"請irent會員,也成功過認證,也看了很多人租車經驗,但還是有問題 想問問,因為有可能太細,希望有人可以幫我解答 1.還車時間一定要填寫嗎?如果只是很隨性計劃開車出去,回來時間不確定,這部份怎麼 用呢 2.可以用來還島嗎?(假設性問題),因
---
用自助加油) 4.因為心情不好,真的想好好租車去散心,請問我可以租車想開去哪就開去哪 讓自己身心好了再回來,所以不確定還車日期,可選擇日租嗎?還是沒有這選項 謝謝大家 bravery1117: 先寫大概還車時間是系統在時間到之前會跳通知看你要 bravery1117: 不要延長時間。環島不划算，因為除非你一天內環島（ bravery1117: 然後外縣市你無法還車）。 AT201010: 1. 加時加價 2.有里程限制 3. 用卡扣不用錢 4. 你 bravery1117: 只要是中油就可以，不能自助。 kutkin: 還車時間一定要寫，因為影響後續使用者。 AT201010: 去同地歸還要幾天都可以 kutkin: 不確定就抓24小時 li
---
ustin332805: https://i.imgur.com/LP2c6sm.jpg justin332805: 早還車不會怎樣吧… justin332805: 我租過好幾次都早還也沒怎樣 nigatsuki: 跨日建議直接找車行，無論是整
---
去買台二手車，租iRent 一天就 Mroy: 算放著都不開就要一千，再加上里程費，真的很隨性開 Mroy: 的話到時候還車看到帳單你心情會繼續不好… riddlerkuo: 這種沒行車記錄器的車敢租 我也很佩服 jdward: 早還 > 24
---
ryu: 隨性的話只能租路邊租還的irent，定點租還不適用。 kabukiryu: 另外租車行租車雖然車況較好，但取車還車都有時間 kabukiryu: 限制，例如你晚上23點要還車，租車行已經打烊，沒得 kabukiryu: 還，得多算一天租金，要不就是要狂飆車趕在租車行 kabukiryu: 打烊前還車，非常麻煩，再者租車行車況好，你一點小 kabukiryu: 擦撞或是開上國道被小碎石打到變小酒窩的話後續會 kabuk
---
bukiryu: 車行的車因為大家都小心翼翼用心維護，有時候反而 kabukiryu: 麻煩 dijkstra: 趕時間還車是很累的，多抓幾小時隨時能還是有他的方 dijkstra: 便在 kutkin: 傷痕累累只是代表 和雲收了錢還沒修呀
---
的車開起來比較沒壓力 ck2oliver5: 傷痕累累才好啊，我上次A到後來也沒怎樣 ck2oliver5: 你還的時候拍照技巧性避開就好了，因為本來就有傷 icarus17: 心情不好真的還要做這麼不熟悉的事嗎 iYolanda: 租的時間較","大家好,前幾天有申請irent會員,也成功過認證,也看了很多人租車經驗,但還是有問題
想問問,因為有可能太細,希望有人可以幫我解答

1.還車時間一定要填寫嗎?如果只是很隨性計劃開車出去,回來時間不確定,這部份怎麼
用呢

2.可以用來還島嗎?(假設性問題),因為有看過開車還島的.還是irent有限24小時只能開
幾公里嗎?

3.我知道車上有中油+台塑卡,是不是只要去加油,不管直營還是名營,就直接去給加油員
卡就好了,不用另外用(是不是不能用自助加油)

4.因為心情不好,真的想好好租車去散心,請問我可以租車想開去哪就開去哪
讓自己身心好了再回來,所以不確定還車日期,可選擇日租嗎?還是沒有這選項

謝謝大家","bravery1117: 先寫大概還車時間是系統在時間到之前會跳通知看你要
bravery1117: 不要延長時間。環島不划算，因為除非你一天內環島（
bravery1117: 然後外縣市你無法還車）。
AT201010: 1. 加時加價  2.有里程限制 3. 用卡扣不用錢 4. 你
bravery1117: 只要是中油就可以，不能自助。
kutkin: 還車時間一定要寫，因為影響後續使用者。
AT201010: 去同地歸還要幾天都可以
kutkin: 不確定就抓24小時
linch416: 有租車版Car-rent
bravery1117: 要跨時間日租，建議直接找和運的租車行。
bravery1117: 然後找和運日租，車況會比較好。
xu3: 不確定時間就租路邊隨租隨還
xu3: 跨日或長途找車行比較便宜
bravery1117: 台塑中油都可，中油沒分直營民營加盟。
bravery1117: 然後只能+95
bravery1117: 你就找台塑就好，不要找全國7台灣優力-11那種就好
vovorr: 福懋可以嗎?因為台塑前身就是福懋
bravery1117: 車開進去問員工就知道囉
maniaque: 不要買炭
KRSmp: 福懋不行，iRent是車上會有中油、台塑的加油卡各一
KRSmp: 所以只能憑加油卡去中油或台塑加
KRSmp: 我有用iRent租PC環島過，不過是三天
KRSmp: 算下來一天大概400公里，不確定有沒有單日里程上限
KRSmp: 因為很多租車公司的單日里程上限就是400公里
KRSmp: 當時是為了好玩想知道PC的油耗，不過iRent算里程費
KRSmp: 環島一趟里程費快跟三天的租金打平
joseph000666: 以你的狀況感覺租車是比較好的選擇
joseph000666: *去租車行
yi1101: 台塑的卡是商務卡，不一定要找福懋或台亞這種直營的
yi1101: ，台亞、福懋、全國、西歐、統一精工都可以用
yi1101: 不用付錢，不能自助
ytosh: 覺得你租車時間就填滿填好就好了，早還也不會多收錢
ytosh: 。比較不影響後面使用者
baychi999: irent沒限里程吧 他有收里程費 你開越多他收越多
justin332805: https://i.imgur.com/LP2c6sm.jpg
justin332805: 早還車不會怎樣吧…
justin332805: 我租過好幾次都早還也沒怎樣
nigatsuki: 跨日建議直接找車行，無論是整潔或品質都比較有保
Anderson0819: 結帳時你會哭死XDDD
mp60707: 有客服
Mroy: 個人看完感覺，建議你去買台二手車，租iRent 一天就
Mroy: 算放著都不開就要一千，再加上里程費，真的很隨性開
Mroy: 的話到時候還車看到帳單你心情會繼續不好…
riddlerkuo: 這種沒行車記錄器的車敢租 我也很佩服
jdward: 早還 > 24 小時才會影響評分。 預估時間多抓一點好
jdward: 我記得全國可以用，比較保險就是加油前先拿卡出來
bigwesttt: IRent隨租隨還的車況…真的很可怕。使用時間長建議
bigwesttt: 車行租
kabukiryu: 隨性的話只能租路邊租還的irent，定點租還不適用。
kabukiryu: 另外租車行租車雖然車況較好，但取車還車都有時間
kabukiryu: 限制，例如你晚上23點要還車，租車行已經打烊，沒得
kabukiryu: 還，得多算一天租金，要不就是要狂飆車趕在租車行
kabukiryu: 打烊前還車，非常麻煩，再者租車行車況好，你一點小
kabukiryu: 擦撞或是開上國道被小碎石打到變小酒窩的話後續會
kabukiryu: 很麻煩。irent則是車子外觀都傷痕纍纍，這代表什麼
kabukiryu: 、表示可能可以怎麼樣我就不多說了
kabukiryu: 車況差有它的好處、車況好有它的壞處，端看你怎麼
kabukiryu: 看、怎麼取捨了
kabukiryu: 大家都在爛、沒人想用心好好維護，所以既然要爛就
kabukiryu: 乾脆大家一起爛下去的道理
kabukiryu: 車行的車因為大家都小心翼翼用心維護，有時候反而
kabukiryu: 麻煩
dijkstra: 趕時間還車是很累的，多抓幾小時隨時能還是有他的方
dijkstra: 便在
kutkin: 傷痕累累只是代表 和雲收了錢還沒修呀
kutkin: 但有傷的車開起來比較沒壓力
ck2oliver5: 傷痕累累才好啊，我上次A到後來也沒怎樣
ck2oliver5: 你還的時候拍照技巧性避開就好了，因為本來就有傷
icarus17: 心情不好真的還要做這麼不熟悉的事嗎
iYolanda: 租的時間較長可以買訂閱制 比較划算 然後最近每週
iYolanda: 都有感謝祭折抵券記得去領
tu6y7: 怎麼會叫人買二手的啊= ="
ptt,M.1661615466.A.80D,https://www.ptt.cc/bbs/car/M.1661615466.A.80D.html,car,[心得] irent短租Corolla Cross,colin79813 (TRAFFIC),Sat Aug 27 23:51:04 2022,,還車,kensam: 少租的訂閱又不划算 要用訂閱比是幹嘛= = keineAhnung: 這車租來幫人搬過雜物一次 搬完馬上還車完全不想多 keineAhnung: 待一秒 又晃隔音又爛還有一個白癡腳踩手剎車 assmilk: 支持提告 speed,"第一次利用irent租Corolla Cross，以下是簡單的試駕心得



啟動引擎之後，因為這台是腳踩式手煞車


只要腳踩式手煞車沒解除，D檔剛起步還是會發出警示聲



這台里程一萬多公里，我不確定這台有沒有完整的TSS 2.0


我就只當作進階版的定速系統


我開快速公路有開啟TSS，只要前方車速有慢下來，就會跟著減速


算是蠻靈敏的


至於行駛路感，我覺得好像比4.5代RAV4還要好一些(沒那麼晃)


比較像加高版的11.5代Altis


但還好這台綠燈起步加速還蠻線性的，只是到了80之後


要加速就不怎麼有力



整體來說，這台就只是個代步車，還算蠻好開的



只是irent租這台就很貴","davidd0314: 租這台貴爆
j27710146: 有12代altis了
claymath: 他就變高的神A而已 -.-
fatslave: 訂閱制一小時99叫貴 好可憐
ymsya: 99只有yaris跟pc吧
fatslave: 腦殘就閉嘴啦 丟人現眼
davidd0314: https://imgur.com/gallery/gbgHd4U
davidd0314: 一個小時三百啊哥
davidd0314: 九十九是哪來的
oppoR20: 這台真的好開
oppoR20: 比起其他irent來說
YeeeeeTW: 腦殘是誰一目了然嘻嘻
cvit: 一小時3xx好盤啊。。
mayhuangno: 台中160/hr 耶，台南怎麼那麼貴
din1271: 油電還汽油啊…80後加速沒力那HRV怎辦XD
din1271: 不過我覺得是敢不敢踩的問題
cvit: 80如果開始讓車主不敢踩，應該是車子本身穩定性不佳
cvit: 吧
din1271: CC跑山路真的不行，但跑高速公路算蠻穩的！沒力還
din1271: 有另一個可能，有可能開到節能模式，之前社團不少
din1271: 新手開著節能模式跑山說沒力
s813082: 腦殘是誰一目了然 笑死 呵呵
almalivre: 有折扣的時候去租來開去買傢俱過 真的不錯開
sunjh214: 某樓果然說到做到 自己閉嘴了 笑死
bravery1117: CC哪來99元...？
howardzzf: cc 99阿= =每個月花150訂閱 你租啥車都99 省爛http:
howardzzf: //i.imgur.com/JOGrjsz.jpg
howardzzf: http://i.imgur.com/eDTZFj5.jpg
howardzzf: http://i.imgur.com/GokZS6E.jpg
AirCondition: 四樓可以告三樓了，很明確就是在講三樓，公然侮辱
AirCondition: 已構成
camryvvti: 不是阿 David那個是在假日租 怎樣他都省不到不是嗎
a36464: 一群人為了CC這種車在吵架，弱弱相殘…..
pp938077: 某樓酸別人才可憐
NEX4036: irent有12代神A？我以為只有11.5代的而已
rick12369874: 有分平日、假日啦
tajna428: 假日如何租到99元/hr ，求聰明人教學
bestbyair: 跟風 腦殘是誰一目了然 笑死 XDD
TSMininder: 不要那麼火爆
zx2751206: 這邊搞笑戰戰車種還行，罵人就過了吧，支持告起來X
zx2751206: DDD
vans24: 吉起來，我要看到些流成河！
loat: 好兇喔 怕怕
leo255112: 租這種車來受罪幹嘛
lagi5487: 是在拍阿小哈哈
cychung: 吉起來
kirax20a: 支持原Po先送檢舉 再加碼提告賺個年終
jim8q9a63: 上次用送的免費時數開CC，蠻划算
LV3000: 分紅靠自己，吉起來
kingdomsss: yms大都這樣被公然侮辱了 不提告嗎？
sm981512: 卡雞排
claymath: 金派
windowdoor: 這台高速一樣船 神A好一點
Booker5566: 租車心得也可以爆氣是哪招==
andy121410: 情緒有點問題的話要先看醫生，不是來板上發洩
Qiyana: 99覺得貴不行嗎？ 到底在兇幾點的
smaller: 有人可以賺年終獎金了  羨慕
eugene31431: 結果變成在吵租金不是心得==
lauwei: 那個說人腦殘不用水桶嗎
chickensam: 少租的訂閱又不划算 要用訂閱比是幹嘛= =
keineAhnung: 這車租來幫人搬過雜物一次 搬完馬上還車完全不想多
keineAhnung: 待一秒 又晃隔音又爛還有一個白癡腳踩手剎車
assmilk: 支持提告
speed364: 上次租這台，自己都快暈了，這避震器設定很不行，路
speed364: 邊小台的還比較好開
zhandy35: 不忍直視啊，當這裡d卡喔
a27588679: 朝聖
asgardgogo: 腦殘閉嘴說的真好
reborn6229: 自己閉嘴了呢 真乖
jogjog: 腳踩煞車滿好用的呀 高級車很多都腳踩手煞
NotoriousLok: 用某樓的ID餵狗之後 還蠻好笑的
guestwhat: 試乘過，覺得很像航行於海上
PalmAngels: 怎麼有人這麼兇 嘻嘻
Vongola29: 為啥車版的人看到與自己價值觀不同的人都會直接開
Vongola29: 嘴，而不是嘗試先理解？
ck2oliver5: 笑死99最好租的到CC
iYolanda: 租這台可以買訂閱制 會比較划算
chaster6: 訂閱制平日每台車都99，假日就不同了
s9151169: 要租進口車就zipcar了，算起來也差不了多少
xup6tjpzj4: 這篇有夠歪 討論的東西和主文有夠不相關"
ptt,M.1660052284.A.0FB,https://www.ptt.cc/bbs/car/M.1660052284.A.0FB.html,car,[問題] 租irent 來開的是不是都三寶？,jasd1786 (假橡膠樹),Tue Aug  9 21:38:02 2022,,停車格、罰單,"nt是真的拿來練車的 cychung: 請教一下，昨天有個猴子開irent 在國道減我線 我檢 cychung: 舉的話罰單會是他要繳嗎 kutkin: 會轉罰 trauma: 我必須承認 我考到駕照的第一年都是租irent練車 bravery
---
群大多都是很偶爾會臨時需要車的人吧 call032ss: 這類人本來就很少在開車 kayyaa18: 4 我看過停路邊停車格結果一顆輪子在線外面的 hydra7: 我看到都離遠遠的 marunouchi: 勁戰仔整天笑irent ，結果連Yar","今天乖乖排隊上高速

被irent 硬插

自己走大客車專用道走錯

硬要插

我也是發揮台灣人的友好給插

不過後面下去又要上高速再插一次

不過換插到別人

蘇花改路段會下平面一段再上去

租Irent 都三寶居多吧？

顆","RELAX999: 你發現台灣交通混亂的秘密了 先補血你會被三寶噓..
primeblue17: 很多租irent的都是沒車但想在妹子的
primeblue17: 載
disjoint126: 本來就一堆菜雞阿
dean1990: 我都不敢離太近
kutkin: 是因為有那個貼紙你才注意而已
DASHOCK: 說真的  小黃更糟
RELAX999: 沒貼紙的時候請注意廠牌 不過這品牌換廠徽是常態
kutkin: 今天沒那個貼紙你又要說都是牛頭牌？
ZengMaktub: 三寶是不是你啊
kutkin: 我只能說客群很極端 龜的很龜 衝的很衝
kutkin: 其實就跟市售車差不多而已 只是多了貼紙
eri956: 遇過無數次是三寶沒錯
Ccsteeker: 同11樓，三寶的很三寶，衝的很衝，你都聽到yaris拉
Ccsteeker: 轉起步，正常平均的不多。
OrzOGC: 起步拼第一然後就定在40的一堆...真不懂牛頭
heterogeneou: 是寶啊
fatslave: 腦殘
dodo11060: 還有車手，跟毒販
aikensh5566: 是 看到irent都閃遠一點
Csir: 一堆在上面打炮噁心
acesslai: 讓一讓，有時真的是不熟路，不然你要花時間去做筆
acesslai: 錄嗎
KevinJay: 不是，但駕駛經驗少的佔比會高一點
supereva: 看到離遠點就對了
cjwu11025: 沒吧，我有車但也會開Irent，有時候沒開車出門臨時
cjwu11025: 要用挺方便的
mp3w69: 租來練開車阿，幾年前YT就直接這樣教 不EY
Mulsanne: 我開車超過十年 之前也會租CC來開
oh753951: 通常會租大多數都是出遠門當地租 然後路很不熟..
laugh8562: 是 平常就沒在開 你要他多正常
quinietos: 我都遇到滿載少年 很衝 你會被他笑三寶
justin332805: 上次租iRent才發現小鴨雖然動力小
justin332805: 但比我家老Lancer加速還快XD
justin332805: 但環東大道開到150有點浮…真的開船
justin332805: 順道一提 我租到的沒有iRent貼紙
Bimmer3698: 不是寶的機率低。「珍惜生命，遠離iRent」
RC8377: 看到小鴨都要離遠一點
a180310444a: 可能你像母狗吧
creart: irent可是培育出推文駕駛達人呢
brian3639: 蠻多的
kwinner: 珍惜生命 遠離
Lowpapa: 神車啊  沒人敢靠近的irent
guanole: 講的好像開保時捷的不會這樣插
s10117945: 只是多了那張貼紙，三寶遠多於irent
kutkin: 私家車就不會被放大檢視而已
kutkin: 像這篇就有人一直在嘴irent
creart: 就有irent仔在教人開車咩XD
kutkin: 所以你要不要去跟板主說？
kutkin: 一直看你每篇都在跟
eulbos: 起步真的快阿
elite840: 上次碰到i-rent小鴨，在高速公路鑽來鑽去
se7enteen: 的確蠻多89在租irent的耶，為什麼
se7enteen: 按錯
kutkin: 租賃車可割可棄呀  反正8+9名下無產
kutkin: 判決書搜尋和雲 滿滿的支付命令
creart: 比不上推文車神，遠離irent，珍惜生命
Seckel: 推16樓。一堆憨兒
Pellaeon: 4
booyah0212: 看到iRent 真的閃遠遠
f9161498: irent車手
wonder007: 高手雲集
se7enteen: 補推，而且一堆89都在車上抽煙，不是說會有警報嗎
se7enteen: ？
ga3322165: 對
fred0755: 車板宅宅是不是羨慕人家有妹子載
bonzer: 貼張irent貼紙讓你上路暢行無阻
kutkin: 抽煙抓不勝抓 只好搞積分制度
TaiwanNeko: 租車的都是，只是iRent有貼貼紙所以你知到他是iRent
brucielu95: 高速公路看到屁股上有irent的真的哧之以鼻
SShirakawa: 我承認我以前租irent是真的拿來練車的
cychung: 請教一下，昨天有個猴子開irent 在國道減我線 我檢
cychung: 舉的話罰單會是他要繳嗎
kutkin: 會轉罰
trauma: 我必須承認 我考到駕照的第一年都是租irent練車
bravery1117: 車子保養維修，有一陣子開irent，但是車況真的都不
bravery1117: 太好。
love12548: 遇過貼在卡車屁股後面搖擺的
creart: irent車況應該有過得去的，但很糟的可能居多
chickensam: 雙b也很多寶
iMANIA: First time?
creart: 但有人租irent還是可以教人開車，真的很厲害
creart: 路上遇到的irent用戶，多數駕駛能力都不佳
creart: 停在路邊的車也都傷痕纍纍居多
creart: 只能說路上遇到，還是離遠一點
w10211: 喔？
koberapists: 還好吧 我平常跑北部也都是去搭高鐵+iRent
calvinma0424: 是台灣人很多寶
call032ss: irent客群大多都是很偶爾會臨時需要車的人吧
call032ss: 這類人本來就很少在開車
kayyaa18: 4  我看過停路邊停車格結果一顆輪子在線外面的
hydra7: 我看到都離遠遠的
marunouchi: 勁戰仔整天笑irent ，結果連Yaris都買不起
FSWIN1278: 每次看到有人在問,用車如果頻率不高,該不該買車的時
FSWIN1278: 候,鄉民只會叫人別買,租車就好,什麼保養很貴三小的,
FSWIN1278: 真的租了就又說你是三寶…各位,真的別再被鄉民欺騙
FSWIN1278: 了,有需要,車子就是買起來,別再相信這一堆只會出嘴
FSWIN1278: 的說租車就好,那你們就會成為這篇的主角…
orzzz: 騎勁戰的一定不服氣: 阿你車友/集團友開不到外匯1/5
orzzz: 價的老豐都可以笑外匯跟入門歐系豪，然後你也跟著
TllDA: 我想客製irent的貼紙貼我車上
orzzz: 推文助攻啊，我勁戰好歹也這些irent豐田殘值的1/3
orzzz: 1/4價嘞
orzzz: 這就是迴力鏢，你過去不尊重別人，然後要別人來尊
orzzz: 重我們豐田?
solidmiss: 看過暴力鴨貼那個貼紙
bayline: 就是
appleonatree: 租過新車味還在的Prius C 滿好開的
appleonatree: 遙想當年 跟前女友分手之旅就是租iRent去陽明山泡
appleonatree: 溫泉 QQ
devin0329: 無差別歧視仔都是垃圾
Hohenzollern: iRent是四輪魚雷
FormulAn21: 前幾天也看到ㄧ台irent 國道塞車緊貼賓利…
FormulAn21: 只能默默的祝他好運
benson502: 看到不閃是傻B
FC9487: 先閃再說
duriamon: 不要這樣，沒有irent，勁戰狗肉仔要怎麼在板上討論
duriamon: 啊？沒車沒發言權耶！呵呵！
Jimgobell: 我都這樣練車 嘻嘻
bboywhite: 上次要載東西短租吸煙塔好方便
kalmia: 小黃切得更誇張 巴不得你撞他
aikolove: 超多……
kutkin: 某人既然都不租irent 又如何知道車況差的居多呢？
kutkin: 從外觀就可以知道車況嗎
kutkin: 你這麼想「教」人開車，沒有人阻止你喔。
kusou86el: 看過irent在國道呸到180
PHINEAR: 暑假+Irent 閃遠一點比較好
a8813q: 是，不只三寶還腦殘
pluto531: 4
fishfi: 4444一堆雷
cayalst: 遇到這種我都讓然後再檢舉就好 跟那種破車擠撞到了
cayalst: 虧的是自己
PtT0615s: 不是自己的車，上次國三看到一台從頭踩到底的
creart: kutkin你沒朋友喔？朋友租車旅遊
creart: 分享遊玩心得很奇怪嗎？XD
creart: 我是覺得啦，自己沒買車租irent的
creart: 還是不要在推文到處教人開車
creart: 你昨天的教學文，被噴到不行欸
creart: http://i.imgur.com/KV7CBF9.jpg
tsmcCCW: 這種以偏概全的歧視文版主還不桶一桶嗎！可悲
shyboydream: 就標題來說，不是。
aweiweek: 租irent比開房間便宜 大學生超愛
kutkin: creart 又怎麼能推測別人家裡沒有車呢
kutkin: 有租irent 就代表家裡沒有車嗎
dastinc: 8成是
kutkin: 好像只有你會跟朋友租車旅遊？
kutkin: 就算你要管別人「教」人開車 你沒有資格吧
kutkin: 你已經從昨天吵到今天了
kutkin: 你如果認為有租車的不能發言，請去跟板主說。
isaac1114: 同意,我每天上班時間最喜歡檢舉irent違規,爽翻
creart: 不好意思，我台灣沒租過車
creart: 你有你教人開車的權利
creart: 我也有笑的權利，是吧！
jason710068: 就菜雞啊 離遠點
kutkin: 你在不相干的文章 推一些不相干的推文
kutkin: 也已經跟你反應多次了
kutkin: 所以你台灣沒租過車 又可以評論irent車況不好了
kutkin: 意思就是你都坐朋友開的irent
kutkin: 還是說你根本沒租過沒坐過，就看別人心得說車況不好
kutkin: ？ 是這樣吧
kutkin: 如果實際上路的人要被你拿租車來嘴
kutkin: 那請問沒有租過irent的人憑什麼說
kutkin: irent 車況不好 駕駛技術不好...等等
kutkin: 如果你一直要用身份來嘴人
kutkin: 你又沒租過irent 你又是在評論什麼？
kutkin: 「irent車況應該有過得去的，但很糟的可能居多」
kutkin: 「不好意思，我台灣沒租過車」
creart: 不好意思，我是連irent都沒坐過
creart: 但朋友租車經驗說車況落差大、有問題？
kutkin: 所以您憑什麼評論irent車況不好？
kutkin: 你對別人的實際經驗高標審查
kutkin: 自己評論就可以不經實際體驗 發表？
kutkin: 別人開車上路即使是租車也是實際上路
kutkin: 你呢？ 評論irent只是道聽塗說
kutkin: 真的是對別人好嚴格 對自己好寬鬆喔
creart: 我開車在路上，看到irent的駕駛技術很多不好
creart: 是陳述我的開車經驗，也沒毛病吧？
creart: 但irent用戶看網友行車記錄，指正技術
creart: 我覺得是挺有意思的啦XD
kutkin: 所以車況這個 你如何知道？
kutkin: 「irent車況應該有過得去的，但很糟的可能居多」
kutkin: 我就問你這個而已
kutkin: 沒開過 沒坐過 可以做出這樣評論
kutkin: 你要怎麼不爽我是一回事 牽拖irent就過度了
creart: 這篇討論串不是我開的唷，邏輯有問題嗎？
deathmark: 跟買牛頭牌的同級別，閃遠一點就對了
pp938077: 只會開地圖砲 可憐
kutkin: 沒開過 說車況不好的是你  又不是原po
kutkin: 現在推給這都標題不是你開的？
mydarkfight: 在兩個車版跳針的傢伙
creart: 至於irent車況如何，網路google也很多資訊
kutkin: https://i.imgur.com/yQIkk54.jpg
kutkin: 家裡只有這個啦 不好意思 老車沒人權
creart: 喔，好棒
kutkin: 不是你一直在那嘴人租車沒車
kutkin: 現在是不是又要換題目了？
creart: 是你的車嗎？還是家人的車？
kutkin: 看吧，就知道，又要嘴車主是誰
kutkin: 你要不要乾脆給我載一趟
kutkin: 讓你鑑定技術到底行不行？
creart: 啊就不是你的車啊XD
kutkin: 才能在ptt發表推文呀？
kutkin: 車主掛別人名下不是很普遍嗎
creart: 不好意思，我不坐irent達人的車，謝謝
kutkin: 只是就覺得你怎樣都可以找碴
kutkin: 有駕駛就說他租車 有車就說他不是自己的
kutkin: 都你在講 自己卻可以沒經驗評論irent
kutkin: 所以沒坐過怎麼知道我行不行呢？
kutkin: 你覺得我技術不好 又不敢來看
creart: 要看什麼啦？那麼有表演慾喔？XD
kutkin: 話說回來，你一開始就不了解吧。
kutkin: 只是肉搜到car-rent有文章就想打別人
kutkin: 租車所以技術不好
kutkin: 就跟你沒開過irent 只憑網路資訊下定論一樣
kutkin: 沒有什麼表演慾，只是覺得你應該怎樣都有話說
creart: irent車況不能聽朋友說，不能參考網路資訊？
creart: 你整個邏輯超好欸，活在自己的世界吧XD
creart: http://i.imgur.com/IqwNbi2.jpg
creart: 我為什麼提車況的因素？
creart: 車是租的，煞車底盤狀況都不知道
creart: 還開的很衝，這樣還不三寶嗎？
Kcu69: 是
PalmAngels: 你會被噓
kutkin: 你聽朋友說很ok，但是你在推文沒有說你是聽朋友說
kutkin: 的，這樣就會變造謠。
kutkin: 既然你沒表明是轉述 當然是你要負全責
kutkin: 你說車況不好，廠商一查你沒租過。
kutkin: 我看你法律觀念也不好就是了
kktt254: Irent 真的一堆低能兒 看一次叭一次
j32072: 不是 都是身價上億車齡10年以上的
GORDON2037: 遇到大部分都是，所以現在看到irent 都閃遠遠。
cokellen: 4
timedilation: 是 一堆菜雞
kobe7610: 真的一堆亂開的
acesslai: 請問irent後台會標註嚴重超速嗎+40嗎，本來想試試
acesslai: 極速，130就不太敢踩，怕註銷會員資格
s155260: 一堆菜雞 連家裡的車都不敢開才會去租irent
kutkin: 會標註 現在有扣分制度
almostreal: 4
jimmy12332: 我看irent 一定讓 一定閃得遠遠的 讓他為所欲為沒
jimmy12332: 關係
a9564208: irent這麼髒載妹子？有沒搞錯，載狗我還相信
acesslai: 感謝回答，超速問題
takeshi345: 出遊高鐵+iRent是標配吧 app點一點就好很方便啊 車
takeshi345: 況我租是覺得都還好欸
jdkcupid: 就大部分都是沒車的才會短租啊，
jdkcupid: 啊偶爾開的三寶比例比較高很正常吧
creart: irent達人現在不只教開車，還教寫文了XD
creart: 車況如何網路一堆資訊，可受公評之事
kutkin: 我是不知道你寫這些廢推是要給誰看
kutkin: 是呀，網路一堆還需要您重複？
kutkin: 既然不是你的體驗 何必拾人牙慧？
noahfly: 4
kutkin: 與其在這邊酸人，你也可以分享你的駕駛技術喔
kutkin: 既然你這麼看不過去，應該對自己很有自信。
kutkin: 不要只會在那戰電車油車
creart: 我不能發表路上遇到的irent用戶駕駛能力不好？
creart: 不能發表朋友租車遇過車況不好？你住海邊？
creart: 我不像你在推文教人開車，自以為開車超強啊
kutkin: 真的要說住海邊 你又何時尊重別人推文了？
kutkin: 看吧，你馬上示範不尊重別人推文
kutkin: 別人嘴你就是住海邊 自己呢？
kutkin: 我並沒有說「自己開車超強」
creart: 討論油車電車又怎麼了？分享實際的體驗也礙到你？
kutkin: 你在那邊肉搜 把他板事務帶入紛爭
kutkin: 我都沒以暴制暴了
kutkin: 套句你說的 那我分享經驗又礙到你了？
kutkin: 你不尊重別人的推文，別人講你就是住海邊。
kutkin: 這種行為叫什麼 我想自有公評
kutkin: 我也想知道國道十幾年的大學長 如何開車呀
kutkin: 既然你這麼看不過去，真的可以多多分享
kutkin: 傳遞正確的駕駛觀念喔
creart: 自有公評啊，上一篇很多人還在等你示範呢
kutkin: 你不要每次詞窮就轉移焦點
kutkin: 我在等你傳遞正確的駕駛觀念
kutkin: 我也想向資深的駕駛學習呢
creart: 以暴制暴是恐嚇嗎？小心你的用字唷
kutkin: 你覺得是恐嚇請去告
kutkin: 我想知道玻璃是不是又缺貨了
creart: 真有品，難怪一堆人加黑名單XD
kutkin: 所以，你還是在轉移焦點。
kutkin: 加油啦，我期待大學長分享駕駛經驗。
creart: 還要跟你一樣分享駕駛觀念才可以？
creart: 會不會管太多了？真的住海邊欸
kutkin: 我說期待是我個人的希望 並沒有要求你
kutkin: 這樣也要說住海邊？
kutkin: 我的期待 你就會聽嗎？ 不會呀
kutkin: 所以你到現在還在回應呀
kutkin: B回應A的文章 C有意見 然後一直在 D E F的文章追打B
kutkin: 請問這叫不叫住海邊？
kutkin: 而且C把對B的不滿轉移到 租車業者 G
kutkin: 一直抨擊租車業者G車況不好 使用者技術不好
kutkin: 被問到就說 他沒租過，聽朋友說的。
kutkin: 你做的事情懶人包就是這樣
creart: https://i.imgur.com/xaIRmE4.jpg
kutkin: 這張圖我已經看3次了，你也可以貼在你的車上。
kutkin: 跟你說啦，你這種人我不是第一次碰到。
kutkin: 一直勾勾纏，以為別人會脆弱或是斷線口出惡言。
kutkin: 不然就是拉幫結派 找人幫腔而已
BBBroflovski: 你想想 會租車的代表平常沒再開啊
cospergod: 兩輪仔只能假日租車 體諒一下嘛
pimday: 大部分都是 然後很愛大腳踩油門
Rexmax: 下一篇 騎goshare是不是都三寶猴子？
VVVV5555: 會租這種車的都……底層吧
ROCAF: 我都騎微笑牌的
kaokain: 會租就不是當地人,路不熟交通亂,違規真的難免,包容
kaokain: 一下吧
jasd1786: Oh ya~~~~~~
BigSuckTube: 租車的路況不熟 平常也比較少開車 多包容
rainbow321: 不常開車的會租啊
vivinjoyce: 之前宜蘭上國五塞車段遇到ㄧ台全程開遠燈的irent
kiopl: 我就問台灣有哪個用車族群是不三寶的？不管是職業
kiopl: ，自用，租用，非動力，只要有個統稱都被貼上三寶
kiopl: 標籤啊，我只能說台灣就是三寶相輕，看不順眼就把
kiopl: 對方歸類三寶，搞不好對方也覺得你他媽智障空那麼
kiopl: 大位給它插入，低能三寶，人家租車的也要歧視，職
kiopl: 業的也歧視，舊車歧視，牌子不對也歧視，有沒有這
kiopl: 麼無聊
kutkin: 樓上真是中肯
kobe7610: 影片哥從bike板來車板戰喔
godchildtw: 有沒有iRent的貼紙，想買來貼車上
CptHippo56: 會租車很多是不常開車的啊
kiopl: 三寶啊罵騎車的總時間比你吃飯時間還久有比較不寶嗎
kiopl: 常不常開車又不是三寶的唯一評判標準
kiopl: 新手上路也很多比老司機細心 要歧視就明講吧 心累
btpeter: 人家沒開過車 別這樣 ….
kenation: 駕駛技術不熟、交通規則不熟、路況不熟
kenation: 汽車特性不熟；離遠一點比較好
snowxmas: 自從知道朋友是租irent 在練車後，我在路上看到都會
snowxmas: 閃遠一點
acenova: iRent超可怕...車牌R開頭也一堆寶
littlelinsyu: 今天才看的一個，開的超級慢~~~
ytosh: 我承認我開irent會比較寶一點 小車好好鑽
dabiann: 就遇到一台
ben3103b: 不是三寶就是89開車法
cheng31507: 以前跟朋友出門有打算租來開過 但看了好幾台車都滿
cheng31507: 髒的就作罷了 之前還有租車糾紛 現在也不太敢租了
ROCAF: R開頭的大七還是閃遠點
vanson37: 租irent 都三寶（x)，台灣人都三寶(o)
b642897: 不是自己的車隨便開
pouy: 我租到的irent是都還好欸 車子蠻乾淨的啊 重點還是
pouy: 大家要有公德心把垃圾帶下車
Lindbergh: 不是 是三寶都租irent
dryadnymph: 租irent 都三寶（x)，台灣人都三寶(o)
zy116pj: 去年想說方便試用看看,租過一次直接打槍,又髒又臭"
ptt,M.1655129074.A.081,https://www.ptt.cc/bbs/car/M.1655129074.A.081.html,car,[問題] Irent的據點為何會撤掉,loserfatotak (魯肥宅沒老婆(TAT)),Mon Jun 13 22:04:32 2022,,據點,[問題] Irent的據點為何會撤掉 如題（TAT) 工作住的宿舍旁邊 有個公家機關用地 目前外包給企業經營停車廠 然後irent就來設置據點 原本有兩台車 過年後撤掉一個 現在則是整個據點被撤掉 怎麽會這樣QQ 往返老家150km騎車好累 更糟糕的是，每次出門都都會被並排停車 https://i.imgur.com/pwyviPA.jpg 從150機車尾翼側拉移車重死了 總之Irent的據點被撤掉原因是什麼 失去後才覺得很重要 hmt17: 某次看到Irent租車主停在兩個Irent車格中間 霸氣 kutkin: 業主不想要 kutkin: 因為客人真的很雜 camryvvti: 豐田退出該據點 改請日產的設一個 如何? mr2gts: 沒租過 但好奇假如前一位使用者習慣很差 吃完東西 mr2gts: 的垃圾或是,"如題（TAT)

工作住的宿舍旁邊

有個公家機關用地

目前外包給企業經營停車廠

然後irent就來設置據點

原本有兩台車

過年後撤掉一個

現在則是整個據點被撤掉

怎麽會這樣QQ

往返老家150km騎車好累

更糟糕的是，每次出門都都會被並排停車

https://i.imgur.com/pwyviPA.jpg

從150機車尾翼側拉移車重死了

總之Irent的據點被撤掉原因是什麼

失去後才覺得很重要","hmt17: 某次看到Irent租車主停在兩個Irent車格中間 霸氣
kutkin: 業主不想要
kutkin: 因為客人真的很雜
camryvvti: 豐田退出該據點 改請日產的設一個 如何?
mr2gts: 沒租過 但好奇假如前一位使用者習慣很差 吃完東西
mr2gts: 的垃圾或是飲料打翻在車上 煙灰煙味之類的 下一位
mr2gts: 租到不就很倒楣？
al623al: 所以我寧願買台便宜二手車
al623al: iRent租過幾次就不想租了
tajna428: 可能租車的常常在停車場內撞，場主不爽了
knight326: 150km你可以考慮一台代步二手啊
eulbos: 當私家車用 不爽了XD
mpppppp: 哪有為什麼
mpppppp: 隔壁鄰居拉屎也要跟你報告喔
takeshi345: 我租irent有垃圾一定隨手拿下車 畢竟自己租也不希
takeshi345: 望車上很髒
snowfish104: 使用率低吧
boddingtons: iRent便宜大碗讚讚讚
jack1218: 昨天差點被一台亂開的irent撞"
ptt,M.1641488120.A.D26,https://www.ptt.cc/bbs/car/M.1641488120.A.D26.html,car,[心得] irent車輛的整潔稽查--這完全不行啊...,louie83279 (永遠不準的先知),Fri Jan  7 00:55:18 2022,,還車、拍照、據點,"不知道他們是怎麼維護的。 Irent車輛數最多，服務範圍最大，還細分成定點租還跟隨租隨還，定點租還可能還好說 ，隨租隨還車輛數大而且地點極度分散不固定，維護難度極高。以我自己的使用經驗，定 點租還的車整潔程度是壓倒性的大過隨租隨還的Prius
---
，嚴重降低使用 者體驗品質。但這麼多irent車輛中，有一種車理論上應該要獲得最好的維護品質，就是 設在短租門市的定點租還車，要是連門市旁的車輛都無法維護好整潔和車況，那還有甚麼 車是可以維護得好的? https://imgur.com/JE
---
畢後，過了相當一段時間才接到和運來電告知車上有不明車損 ，由於沒有報警出險必須全額賠償。通常會出現爭議的車損，幾乎都是在還車過後才被告 知有這回事，而因為沒有報警被請求全額賠償，租還車時拍攝的照片被以”系統問題導致 遺失”為由無法比對，或是租車人偷懶沒拍，就此陷入進退不得的尷尬場面。 這樣的求償方式難
---
kabukiryu: 沒在清，整車可能都病毒，怕爆。其實我有看過irent kabukiryu: 的工作人員在清車啦，在據點車很多的地方 unosis: 看到irent真的要離遠一點 尤其停車絕對離遠 幹 GymRat: 很多三寶開irent
---
友，除了上傳那app的環車檢， a923675: 自己也要錄影喔！如果能指出板件部位名稱說出最好 a923675: 還有拍照的角度要注意~ HeeYoun: IRent根本沒在清潔，也沒在修車的 FIFI8488: 這跟使用者的公德心比較有關係","提醒:本文可能有點廢，而且是具有強烈主觀看法的文章，如感不適請多包涵

https://imgur.com/CjbZ0hz.jpg

有在使用共享租車的各位朋友，應該都可以理解這類型的自助租車，車況跟整潔度肯定不
如門市提供的短租車輛，能維持得多好得看巡迴整備人員的工作效率。目前市場上主流的
三家共享車系統-irent Smart2GO Zipcar，各自維護車輛的SOP都不太一樣，Smart2Go的
車輛只要出租過一次，就要等待清潔人員整備過後才能再次出租，這樣的翻桌率最差，但
車輛的整潔度應該可以維持得不錯，Zipcar則是每台車都有固定的清潔時間，每周一次，
至於irent……我還真的不知道他們是怎麼維護的。

Irent車輛數最多，服務範圍最大，還細分成定點租還跟隨租隨還，定點租還可能還好說
，隨租隨還車輛數大而且地點極度分散不固定，維護難度極高。以我自己的使用經驗，定
點租還的車整潔程度是壓倒性的大過隨租隨還的Prius C，而且隨租車的整潔度與車況正
呈現下降趨勢，車內有垃圾，煙味，詭異物品和不良車況的機率越來越高，嚴重降低使用
者體驗品質。但這麼多irent車輛中，有一種車理論上應該要獲得最好的維護品質，就是
設在短租門市的定點租還車，要是連門市旁的車輛都無法維護好整潔和車況，那還有甚麼
車是可以維護得好的?

https://imgur.com/JEIwfUm.jpg

不過事實上，門市旁的irent還真的沒辦法完全維持好整潔度，去年曾經租過一次門市附
設irent站點的Corolla Cross，那個車內整潔度實在令人搖頭，以下請看圖。

https://imgur.com/fZYDnox.jpg
(車內燈旁被黏貼使用過的OK蹦)

https://imgur.com/uQJLDSL.jpg
(後座地墊不潔)

https://imgur.com/BbV86Pi.jpg
(座位下有垃圾)

https://imgur.com/mATQWJ9.jpg
(座位縫隙中有廢棄口罩)

https://imgur.com/bE7R2ej.jpg
(垃圾，還有食物殘渣)

https://imgur.com/qK49m0C.jpg
(後車箱底板斷裂)

https://imgur.com/b3GI6Mb.jpg

摁，車子髒就算了，內部整潔狀況真的很不理想，尤其有廢棄口罩這點更是令我難以接受
，irent的清潔工作看起來做得相當不到位，而且這還是門市附設和管理的車輛，外部站
點的清潔工作做得怎麼樣我就不必多說了。即使我後來有和客服客訴過這件事，但誰知道
有沒有改進呢?

https://imgur.com/nORRwgb.jpg

於是最近我又找了某門市附設的irent車輛進行稽查，車款一樣是Corolla Cross，以下是
考察證據:

https://imgur.com/gyg7U06.jpg
https://imgur.com/JQL10B2.jpg

車輛外觀維持得還可以，這就有賴各位使用者的細心照顧，才能讓這些車輛外觀盡量保持
得更完整，不過根據經驗，這蠻困難的。

https://imgur.com/oA1ugdB.jpg
https://imgur.com/M57u4du.jpg

車內空間雖不像上次那麼糟糕，但仔細檢查還是有一些不夠好的細節。

https://imgur.com/FHxFEz8.jpg

中控台上方不知道被甚麼東西噴到，有劣化跡象，也沒辦法透過清潔排除。

https://imgur.com/iQlD4rH.jpg

椅縫中間還是有垃圾，上次是口罩這次是垃圾，這個地方很容易被漏掉。

https://imgur.com/laPAuXS.jpg

排檔座跟杯架有些許髒污沒有清除。

https://imgur.com/1FQ6hgw.jpg

後地墊髒污，這還是一樣沒有被改善。

https://imgur.com/mYFjaXO.jpg

後車箱配備完好，沒有損壞。

https://imgur.com/R9RaHWc.jpg

座位下方有少許垃圾，還有一塊錢銅板。

https://imgur.com/5IJ2XFx.jpg
https://imgur.com/N55iOJg.jpg
https://imgur.com/1XSVz0a.jpg

這台車的車胎相當不尋常，四條胎就用了三種不同廠牌不同型號的胎款，前輪一邊是
FALKEN一邊是橫濱，後輪是標配的瑪吉斯PREMITRA 5。這可以推估在某個時間點的某個使
用者用車途中，車輛可能遭遇過爆胎事故，前輪被迫用上兩種完全不同的胎款。

所以，這樣的清潔程度是及格的嗎?我認為以共享車來說大概有70分，但老實說還可以再
更好，畢竟一開始就不能期待共享車跟一般短租車有一樣的清潔頻率的品質，而且這台車
已經是irent中最有機會也最容易清潔的(放在門市旁邊)，門市旁的車都如此，隨租車的
清潔度如何不用我多說各位都懂。

最後，根據最近使用共享車的經驗，有幾點想提出來跟各位分享與討論:

1.不明車損究責問題

先說，這並非發生真的事故，而是關於車上一些不明來源的車損。先看以下這篇文章:

https://www.mobile01.com/topicdetail.php?f=397&t=6514880

大概就是，車輛已經使用完畢後，過了相當一段時間才接到和運來電告知車上有不明車損
，由於沒有報警出險必須全額賠償。通常會出現爭議的車損，幾乎都是在還車過後才被告
知有這回事，而因為沒有報警被請求全額賠償，租還車時拍攝的照片被以”系統問題導致
遺失”為由無法比對，或是租車人偷懶沒拍，就此陷入進退不得的尷尬場面。

這樣的求償方式難免被人當作翹竹槓，畢竟事後再對不明車損求償就不能用保險，也沒有
安心免責可以用。而且有的時候求償的時間點距離租車間隔太久，租車人自己也不見得記
得這回事，照片也不一定能證明損傷的責任歸屬，最後到底要花錢消災還是擺爛不管，很
難有個完美的答案。

2.胎紋要特別注意

https://imgur.com/1QsMZsz.jpg

由於irent車輛維護頻率非常不固定，很多車輛問題不會被有效地察覺，特別是胎紋。我
就曾經看過一台固定點的irent，胎紋一顆被磨成光頭胎，一顆被磨到鋼絲都爆出來了也
沒換，另外兩顆都磨到安全線以下，如果沒有及時被發現，難保某個租客在用車過程中徹
底爆胎，造成不可挽回的事故。而其他的清潔問題，包括垃圾，菸味就不再多說，基本上
隨租的Prius C都最好先假設車內有煙味，這樣才不會太生氣。

3.Corolla Cross不適合開車經驗少的租客使用

https://imgur.com/fC0u4UM.jpg

這也是親身觀察的案例，Corolla Cross車頭有個角度讓車頭下方的距離感很難抓，加上
往後看的視覺死角大，兩顆倒車雷達偵測範圍小，整題來說我不認為是一台對駕駛經驗普
遍不多的irent使用者友善的車種。特別是後照鏡反射範圍，基本上可以當作聊勝於無的
程度，irent的Corolla Cross也不可能有倒車顯影或360環景，駕駛這台車時必須十分小
心。我已經有一個朋友駕駛irent 的Corolla Cross時發生事故，根據本人表示是對這台
車的車頭車尾距離感難以拿捏造成的，不知道各位對Corolla Cross這台車有沒有類似的
看法?

總而言之，相較於其他共享車，irent的服務品質各方面來說都是越來越差的，特別是整
潔和車況維持兩點。當然車損求償和車輛收費不斷漲價也是個問題，但最基本的使用體驗
都沒辦法拉高，最終也只是讓更多人選擇放棄共享車，乾脆自己買一台車。有關irent的
使用心得還很多可以談的，有機會在來講些其他方面的問題，先這樣。","alfi2016: 不會抓車距是個人問題干車子屁事。
alfi2016: 安心險保下去就好了
dunkylu: 共享車還是用小型車比較適合
hawkartie: 一樓邏輯死去 ？
pi0901: 會不會輪胎被客人偷換掉？
j27710146: 照顧irent沒你想像的容易 很吃台灣人素質
bightb56913: 推推 真的難看到整個乾淨的 太難維護了
bightb56913: 我彰化租過好幾次有小食物殘渣 只有一些小型垃圾
bightb56913: 只有剛剛租的P.C. 里程6700左右的新車 還沒被破壞
bightb56913: 過 超乾淨-0-
benedict76: 撞到怪車子？不過要有倒車顯影比較好用，沒把握的就
benedict76: 下車看吧！
SiriusJinn: 不會抓車距怪車子？XD
ludoren: 之前看別的論壇有人過了8個月才說有車損要談賠償
my770522: 推心得分享
kutkin: 和運和雲現在一個衙門兩塊牌子呀
kutkin: 所以我覺得 門市只有幫irent討錢的功用
yeng1217: 清潔維護就台灣人素質…車不好停你可以改租PC…很好
yeng1217: 開的XD
gx9900824: 一堆髒鬼沒水準 可憐的車子 QQ
teleoldmom: 跟日本天差地遠啊
skthree: 即使這樣，IRENT還是最多人用，因為便宜啊
iorittn: 所以我覺得要有自己的車，尤其是有家庭的
cvsd04957: 路邊租還的更髒
amethystboy: 潔癖狂
Brooklyn99: 一對irent高速公路內線80超北爛
mp60707: 你這算乾淨的了
z85917131: 阿就炮車
z85917131: 隔熱紙夠黑能用就好
hankower: 人民素質就這樣
rc9922270: 會髒亂就是大爺心態阿 付錢了想怎樣都行
rc9922270: ""反正不是我的車""""反正不是我清"" 諸如此類
yojhi: 好噁…
yojhi: 看到irent都要離遠遠點 一堆假日車手三寶
nagisanoff: 我以為車內髒亂也是民進黨害的
soqqcat: 臺灣人的公民道德素質真的不太好，不是自己的東西就
soqqcat: 隨便成這樣。
solo82773: irent訂價比較像吃粗飽的車
kabukiryu: 沒在清，整車可能都病毒，怕爆。其實我有看過irent
kabukiryu: 的工作人員在清車啦，在據點車很多的地方
unosis: 看到irent真的要離遠一點 尤其停車絕對離遠 幹
GymRat: 很多三寶開irent
ccxccr: 亂丟煙蒂嫌垃圾桶不夠多道理。
Aixtron: 好悲慘的車！！！公車都很骯髒了，更不用說這種了，
Aixtron: 倒是後車箱破損要賠嗎？
IAMQT: 還是台灣人的素質問題…
hmt17: 比公車還髒欸
biggood20708: 鄉民表示買不如租划算，以租垃圾車來說倒是很划算啦
Aixtron: 不過很多年輕人在開，我們以前只有風光可以騎
Aixtron: 要年輕人買一台有點拼，但幾百就可以帶女友或密友用
Aixtron: 車去玩了！！！
tkhunter: 租車租到這種的，出遊心情都不好了
OtterMan: 三年前還在台南唸書的時候，irent剛在台南發跡，那
OtterMan: 時候車子幾乎每台都很乾淨。曾經還租過ODO 167KM的
OtterMan: PRIUS C一小時才99潮爽DER
ABA0525: 這家就靠賠錢ˊ賺錢阿
kabukiryu: CC是很難開沒錯，但是性能差操控不佳，但不至於距
kabukiryu: 離感難抓，我第一次租irent cc就開去山上呸掐試車
Primk: 看到 OK蹦+口罩 我完全不行~ 還覺得有噁心感
liujackkl: 便宜就是這樣
LinuxKernel: 嘔嘔嘔
shiba9527: irent 稽查特派4 ni
bbbing: iRent這種形式就是注重隱私多過這些啊
madaoraifu: 交車檢查SOP沒人在遵守的QQ
a901922001: 租GoShare也是很糟https://i.imgur.com/9IT9XeH.jpg
aa00788: 窮人不要要求這麼多好嗎
k7881683: 國道irent還真的都三寶 亂切亂飆
qaz2334438: 共享交通工具整潔太吃運氣
DUNA: 有一次租到一台Prius，置杯架裡面有莫名白色黏稠液
DUNA: 體，還發出怪味，嘔嘔嘔嘔嘔
percentoff: 推irent稽查員
chandler0227: 共享交通工具以台灣使用者素質來說就是個笑話啊
kelia3003: 跟國民素質比較有關係，反正不是自己的車，很多人
kelia3003: 都這麼想
Kerdison: 做過旅宿業房務就知道台灣人的素質普遍低
nbarepeat: 還好沒有保險套
SilverFocus: 你怎麼這麼天真覺得 irent 會乾淨呢？台人公德...
Aixtron: 以前有家日本民宿，網頁訂沒回音，請信用卡秘書去確
Aixtron: 認，感覺五五六六的，現場明明別國都只寫國名，就我
Aixtron: 要寫全地址，後來退房先出去玩，再回去拿車時，老闆
Aixtron: 衝出來請我有空一定要再來，唉...
nacy204327: 有自己的車車真好
Pellaeon: 自己買比較快啦
Yench: 結論 還是自己養一台車比較自由
lachosee2003: 我還租過裡面殘留白色粉末及濃郁的K味。
Yench: 之前就看過關門直接甩門 停車硬擠的
leo255112: 開自己的比較舒服，錢真的是小事情
t340081231: 我最近用了3次irent路邊租還 車內都蠻乾淨的欸 你運
t340081231: 氣有點差..
chiacuro: 用心
sma24934721: cc有pcs，至少是irent ‘’比較‘’安全的車
kissung: 噁
beeG: iren,小黃，紅牌計程車我都不想開他們附近
corlos: 台灣人真的很惡劣,唱ktv還是睡飯店,不破壞一下不爽
corlos: 不是自己的都無所謂的心態很可怕
tayatiffany: 可以跟客服說 他會把車子拉下線 請人員去清潔 我之
tayatiffany: 前租到一台煙味爆重的車子 客服教學的處理方式
pickstar: 口罩！上一位使用者如果有染疫，不久有風險中標了
pickstar: ，怕
nbarepeat: 真希望有留胸罩或女生內褲
michael0725: 水準有夠差
pp938077: 推
vgl: 要求低端人口注重公民道德484搞錯什麼
lizardc1: 要跟門市租 路邊租還容易被搞
lizardc1: iRent就是台灣短租市場的縮影 不是只有和雲爛
avexgroup: 自己買一台不就好
kutkin: 其他更爛，沒得選，跟物流一樣。
jack852: 台灣人的公民水準就是這樣 賣場推車也是垃圾一堆
SetsunaOgiso: +1   本來想說出去玩租車就好了
SetsunaOgiso: 後來還是決定自己買車了
kutkin: 而且制度就是逆選擇 irent的積分
kutkin: 沒有什麼獎勵乖寶寶
kutkin: 跟壞客人收調度費1000 但對好客人沒什麼補償
kutkin: 你幫他先繳 大概100塊 貼你1小時
kutkin: 我是說你繳100 他補貼你一小時
hoverfall: 說實在一開始真的方便又乾淨 但樹多必有枯枝
hoverfall: 之後不是煙味重 就是垃圾沒丟
Mimicker1123: 之前租irent的方向盤根本沒校準，方向盤要打斜一點
Mimicker1123: 才能走直線，irent根本沒在乎過承租者的安全
ctmhsl: 台灣人素質 哈哈
bigperm: 好噁爛鵝～～決定再買兩台壓壓驚
Aixtron: 嗯，想想ubike也差不多......
fuki: 公德心問題
js52666: 行動垃圾車啊
atp3306: 看看臉書的irent都什麼人在租
drung: 推實地考察
f11299723: 開過一台車上有尿騷味的 停好車發座位底下有尿布
b70103: 推
powerjr: 防疫人人有擇
hjkldmh2845: 菸味重真的不行
notbed: 很久以前租過一次 後來就買車了
chungj: 上次還看到irent停在台大宿舍的殘障停車位 這水準
wsxe2007: 你可以跟客服說
NEX4036: 很多人自己的車的衛生都不怎麼樣了
NEX4036: 用租的當然更不想顧
qwwww: irent租不到車跑去租smart2go，車況真的好很多，雨
qwwww: 刷桶也都會有水
GyroZep: 支那閩人的素質可見一斑
aofm: 你不會買車嗎？
pjung: 參加過日本中學的交流，不得不佩服日本從小的公民
pjung: 素養教育，各位爸媽加油。
aofm: 就是噓你，不行膩？
mussina27: 價格的差異難道不是從管理維護的成本節省下來的嗎？
mussina27: 一分錢要怎麼買到六分貨？
shiang1024: 這是我遇過最扯的
shiang1024: https://i.imgur.com/ipaZtsR.jpg
Aixtron: 看了都怕了，萬一臨檢出違禁品，怎麽辦？
HeroFun: 儀表台上根本是洨吧 好噁
x52013: 台灣人民素質普遍低落，這沒救的
a923675: 想知道大大您是不是跨年時租車？尖峰時段租車？
a923675: 如果是，就這是正常狀況，但可以立即打客服求助請
a923675: 他們改善，另外車損自己要另外紀錄不是用app的就好
a923675: ，車損多是正常的
a923675: 因為清潔部分他們只有幾個人自己要去清潔很多輛車
a923675: 子
a923675:  你放心 只要有客訴和X集團都會處理的
a923675: 另外，保養時間都有固定這點不用擔心
a923675: 車輛整潔真的是素養沒有錯
a923675: 版大講到胎紋那個真的很細心，但是有問題就趕快去
a923675: 打客服反應
a923675: 切記，合約書一定要看清楚
a923675: https://i.imgur.com/wkU8LIy.jpg
a923675: 這次租完車我是自己把垃圾清一清帶走，之前看過他
a923675: 們自己一個人在大熱天中午清車子 專員真是辛苦啊！
a923675: 還是您是和泰市調XD
a923675: 對了，順便提醒一下版友，除了上傳那app的環車檢，
a923675: 自己也要錄影喔！如果能指出板件部位名稱說出最好
a923675: 還有拍照的角度要注意~
HeeYoun: IRent根本沒在清潔，也沒在修車的
FIFI8488: 這跟使用者的公德心比較有關係 應該建立評分機制 剷
FIFI8488: 除不良使用者
FIFI8488: 新增信用評分機制就能完整解決此問題
almostreal: 說出門租車就好的 應該都要來看看這篇
franknba12: 租過一兩次，真的清潔跟車況不敢恭維，要租來載重要
franknba12: 的家人或朋友的人請三思……
k1400:
Ptt54542212: 有煙味超正常… 一堆不守規定的白癡
k02541341: 你也不想想你各位臺灣人什麼素質，要便宜又要服務又
k02541341: 要乾淨？刁民吧"
ptt,M.1638692804.A.E18,https://www.ptt.cc/bbs/car/M.1638692804.A.E18.html,car,Re: [心得] irent路邊租還租車心得,asakura115 (小麻兒),Sun Dec  5 16:26:40 2021,,還車、定位、拍照,"nt路邊租還租車心得 iRent其實優勢在於 1.常常有方案送免費時數 >> 相對就比較便宜 2.路邊拿車就走 路邊直接還車 >> 相對比較方便 像我有同事他家住在新北跟桃園的交界處 之前有個方案 桃竹租車雙北還車 一個趟次送1.5小時 他就長期去賺時數 開個5分鐘 花油錢3塊 1小時的免費時數變成1.5小時 2小時變3小時 下次3
---
公告還寫什麼'抽菸製造髒亂罰900' 講的兇死人 罰的笑死人 QQ 後來11月起免費送時數都方案改成要晚上11點還車才送 我同事也直接果斷棄用了... 我是在他之前就轉去另外一家GoSmart車共享了.... 這家優缺點 就是跟iRent反過來 1.送的優惠抵時數費常常抵不夠1小時>>相對貴 2.只能定點取車定點還車>>相對麻煩 但是車室空間就乾淨舒服多了 他們自己是主打每個趟次還車後都有專人清理啦 我是覺得這可能是他們優惠不太給 價格上相對貴的關係 以前是便宜治百病 不過現在疫情時代 乾淨空間可能也
---
amanlin: 不承認你也拿他沒辦法，因為不能證明是上一個 shamanlin: 不承認的都說是開的時候就這樣，而系統拍照只拍外觀 shamanlin: 也不是拍車內，所以國民素質這時候就跑出來了 shamanlin: irent剛開始大量佈
---
: 定點租過有煙味的車，真的蠻崩潰的 mp60707: 煙味+1 hsudens: 高鐵的蠻乾淨！喔對開app前記得先開定位較不易閃退 hsudens: 共享租車優勢是周五也算平日啦~ leoegg: 開車抽煙就是垃圾 CIIIO: 好鳥喔 弄","iRent其實優勢在於
1.常常有方案送免費時數 >> 相對就比較便宜
2.路邊拿車就走 路邊直接還車 >> 相對比較方便

像我有同事他家住在新北跟桃園的交界處
之前有個方案 桃竹租車雙北還車 一個趟次送1.5小時
他就長期去賺時數 開個5分鐘 花油錢3塊
1小時的免費時數變成1.5小時 2小時變3小時 下次3小時變4.5小時
他大概這樣開了數月 累積很可觀的免費時數... 都常常出門短租都沒付時數費

但是我跟他一致體驗上的共識就是:
車子內的狀況很糟 有30%-50%的機會會是 1.抽菸臭爆 2.飲料打翻又髒又黏
有的真的誇張到 連菸蒂都丟在車上 坐墊都煙灰 飲料打翻也不擦 杯子或瓶子直接丟車上
這點我真的要抱怨一下
我開過一次 車上都是煙灰 前後座都是 感覺好像開完K菸趴一樣
結果我後來問客服說 我之前回報的案例 有進行處罰嗎?
客服說 '沒有 因為前一趟次的租用人不承認'

......WTF 真的守規矩的人都去死一死算了 呵呵呵
官方公告還寫什麼'抽菸製造髒亂罰900' 講的兇死人 罰的笑死人 QQ




後來11月起免費送時數都方案改成要晚上11點還車才送
我同事也直接果斷棄用了...

我是在他之前就轉去另外一家GoSmart車共享了....
這家優缺點 就是跟iRent反過來
1.送的優惠抵時數費常常抵不夠1小時>>相對貴
2.只能定點取車定點還車>>相對麻煩
但是車室空間就乾淨舒服多了 他們自己是主打每個趟次還車後都有專人清理啦
我是覺得這可能是他們優惠不太給 價格上相對貴的關係
以前是便宜治百病 不過現在疫情時代 乾淨空間可能也是另類賣點了
                                                              吧




還有另一家ZipCar 主打是比較高級的車款
不過點實在太少了 只有台北市區比較方便而已
以偶爾有需要租來用一下的共享車概念來說 實在不是很方便 就不多說惹","asakura115: 補充一下 我回報抽菸趴是有附上菸蒂跟煙灰照片的
asakura115: 這樣都還可以不承認就沒事 QQ 扯
eipduolc: 應該要想辦法加強管理吧
eipduolc: 使用者組個社群抵制吧，看是不是約到煙蒂車就退用
eipduolc: 然後看官方怎麼加強管制
kutkin: 路邊租還普遍爛
kutkin: 你改用定點就好多了
kutkin: 但你說的問題反過來對有些人就是優點 哈
kutkin: 反正亂搞也不會被罰
kutkin: 就像警察不抓違停 也有人覺得讚
ttudme: 我運氣滿不錯的，租用六七次車狀況都很好，新北土城
j27710146: 每個抽菸的垃圾都嘛不承認….
tkhunter: 抽煙的就都垃圾，你要他們承認？
toto123: 非必要沒人想租車
ludoren: 要罰錢哪會有人承認
u9824078: 目前在桃園高鐵租過一次，車內還蠻乾淨的。
dslite: 所以要自備馬桶墊嗎
yeng1217: 定點的車況好像都滿正常的
kabukiryu: GoSmart我租過big tiida跟納智捷s3，車況也是很糟。
kabukiryu: livina可能長太醜沒人什麼人想開，比較乾淨些
hh800315: 前幾天剛在台南租 新車味都還有 台中也租過 就普
hh800315: 通沒到髒 台南比較出乎預料
appleonatree: 之前租過路邊的Prius C 跟新車一樣
allforyour2: 定點的我租都滿乾淨的。也沒啥味道。
jrkb1986: 沒想到會有人這麼閒去賺這種優惠
kutkin: 龜山林口一直刷問題是你要怎麼過去
kutkin: 而且也不划算....花1小時再賺1.5 除非你不買保險
oppoR20: 我也是每次租的體驗都不錯
oppoR20: 我說車子 app的體驗跟垃圾一樣
berryc: 所以你租到髒車你有把他清乾淨嗎? 沒有的話
berryc: 下一個客人是不是可以說是你製造的?
Mellissa: 租的8+9也多啊 尤其離開北市和新北第一環
Mellissa: 有抽菸的根本繼續接著抽 沒人清理要算誰的
shamanlin: 不承認你也拿他沒辦法，因為不能證明是上一個
shamanlin: 不承認的都說是開的時候就這樣，而系統拍照只拍外觀
shamanlin: 也不是拍車內，所以國民素質這時候就跑出來了
shamanlin: irent剛開始大量佈車的時候車子新也乾淨，現在....
calvin2631: 台北市內常租路邊Prius 幾乎沒遇過很髒的 新北比較
calvin2631: 少 永和租過幾次也還ok
calvin2631: 仔外一圈就不知道了
ariel0211: 定點租過有煙味的車，真的蠻崩潰的
mp60707: 煙味+1
hsudens: 高鐵的蠻乾淨！喔對開app前記得先開定位較不易閃退
hsudens: 共享租車優勢是周五也算平日啦~
leoegg: 開車抽煙就是垃圾
CIIIO: 好鳥喔 弄到最後原本好意都沒了
niuniucat: irent的車在路上亂開當三寶的機率接近9成
Merkle: 菸仔垃圾多又不是第一天知道
kengi1112: 租過定點跟路邊租還，整車灰塵煙味不說,還有遇過滿
kengi1112: 滿一杯檳榔汁...Irent車內清潔真的差
lanevo9: 檳榔汁也太噁....
k5846yu: 遇過檳榔汁+1 還有整車寵物毛的
Jmoe: 我遇過的irent車況都不錯欸…難道是我運氣特別好嗎
wilbur15nov: 還有喝剩一口啤酒的，也是很讓人問號
Ping0502: 我租過的irent車子都很乾淨也沒異味欸 是因為最近
Ping0502: 有積分制的關係嗎
irene092: irent最近很多新車啊 車況也都很好
rebot: 新戶輸入ir514738拿免費時數"
ptt,M.1638589276.A.92B,https://www.ptt.cc/bbs/car/M.1638589276.A.92B.html,car,[心得] irent路邊租還租車心得,a0972723495 (Yeah),Sat Dec  4 11:41:14 2021,,還車、停車格,"外觀刮蹭碰撞也不少，我租的那一台尾門都凹陷了 由桃園火車站開往三重要回家，一路都沒有問題 直到回到三重，在路邊搜尋停車格，繞了超級久也超級遠 甚至國道下平面車位都搜尋過了，苦無車位之下只好找調度停車場停車 (繞了集賢路/新北高中附近/家樂
---
慮XD sma24934721: 記得irent 會跟一些停車場簽約，可以停裡面 kutkin: 可以臨停的是比較多 但還車就很少 razan: 附近的Times 停車場?? GalaxyX: 路邊租還本來就要承擔這個風險 s10117945:","開頭先畫重點，記得凌晨時段別輕易嘗試路邊租還


如標題，昨天因為時間晚了火車已無班次突然有用車需求

故使用irent路邊租還搜車，剛好有找到一台

目前費率比以前高了一些，110/hr & 里程3.1元/km，過路費另計

不過現在許多車車況都頗差，裡面飄煙味或是臭味，甚至有垃圾遺留的問題

外觀刮蹭碰撞也不少，我租的那一台尾門都凹陷了

由桃園火車站開往三重要回家，一路都沒有問題

直到回到三重，在路邊搜尋停車格，繞了超級久也超級遠

甚至國道下平面車位都搜尋過了，苦無車位之下只好找調度停車場停車
(繞了集賢路/新北高中附近/家樂福附近/重陽路/三和路/國道路，皆無車位，有夠衰)

不過三重的調度場只有一個，而且離我家有點遠，當時附近也無GOSHARE或其他車輛不方
便

所以驅車前往塔城公園地下停車場，到了之後車牌辨識停好車就騎GOSHARE回家了

害我花了1個半小時且里程為45KM，共計334元

但是錢不是重點，重點是當時超想睡覺的

如果你是趕時間，有行程不能誤點，或是你搭車接駁轉車需要使用路邊租還

極度不建議你使用路邊租還，畢竟沒有專屬車位只能搜尋路邊或是路外調度場

調度場我看了也只有台北市區有較多的配合場域

如果有時間需求的人記得搭計程車就好...


後記：沒有格子記得不能停紅黃線喔！
被拖吊還有保管費irent會轉嫁到你身上且可能之後就不能租車了
且也不能停在非調度或臨停的路外停車場，屆時下位租客租車繳費一樣客訴後費用也是轉
嫁

下次會考慮自己開車或是排程在有公共交通運輸的時間，以免回家的路途遙遙無期啊！

快2hrs我都可以開去台中一趟了...

https://i.imgur.com/mu8ggpq.jpg
https://i.imgur.com/T2ffkDV.jpg
https://i.imgur.com/Ap69gQh.jpg","kutkin: https://i.imgur.com/eAD8u83.jpg
kutkin: 拖了4個月還是沒修
disgusting: 我看你搭uber也差不多這個價錢吧
kutkin: 路邊租還就是你很熟哪邊可以停再借
acesslai: 印象不是可以停收費的停車場？
acesslai: 400要從桃園搭車回來?至少也要600+吧
kutkin: 深夜都喊1000
xz870919: 這些事情不是你租車前就應該知道的嗎==
laugh8562: 調車場是啥 好複雜喔 還是別碰好了==
DM1984: 我應該還是會選搭UBER = =
xz870919: 不過車況除了新車外是真的不優，補推
IScmDa: 要看地點，住三峽租還都方便
kutkin: https://i.imgur.com/5dWxKSt.jpg
kutkin: 新北找到瘋掉吧，晚上大家都回家了
EKman: 開到三重的邊緣改搭uber吧
ludoren: 之前搭深夜客運回來,台北市租開到三峽隨便都有得停
rt0533: 開到調度停車場還再坐計程車呀
dashi: 我之前從中和借，然後三峽還，主要是租來搬東西回家
dashi: ，真的是超級方便的～
cchsever: 不管你是不是租車，沒自己車位你半夜要停車，本來就
cchsever: 難找….
kutkin: 自己的車不用付時數費，差別在這吧。
TeslaBot: 怎麼顯示軌跡路線啊 ？
hsu09952130: 我家裡附近就有調度停車場，是還蠻方便的
acesslai: 剛看了App，三重真的只有一個調度車場，超不方便的
nbarepeat: 有人在裡面車震過嗎
kostova: 到底為什麼有人要在車子裡面吸菸~""~
js52666: 爽啊
lions402: 我家附近荒涼晚上超多人停 很多都拿來通勤
trauma: 我都是開回淡水 新市鎮隨時都有空格可以停
googleeeeeee: 每次看到車身一堆刮痕我根本不敢租
rindesu: 可惜你是男的，如果妳是小妹，汪梯板就有人願意載你
rindesu: 這一趟了
wayneshih: 三峽往返竹北還行 中永和或台北市就很不實用
aiming: 雙北路邊停車位真的難找
nigatsuki: 最後一次租車半年前覺得還好，現在這麼慘喔
toto123: 租車現在疫情 大概很多人 都不太敢了
toto123: 不得已才租 有自己的私家車 真的無可取代
pingtung5566: 我有一次也是在永和繞了一小時沒車位，最後停到景
pingtung5566: 美再uber回家
atp3306: 雙北要租隨租隨還真的難找車位
atp3306: 中部比較好找
baychi999: 找不到車位真的很焦慮XD
sma24934721: 記得irent 會跟一些停車場簽約，可以停裡面
kutkin: 可以臨停的是比較多 但還車就很少
razan: 附近的Times 停車場??
GalaxyX: 路邊租還本來就要承擔這個風險
s10117945: 台北車位晚上空的要命，調度停車場多的是。
wsxe2007: 真的超麻煩 之前租裡面也有垃圾
Neil000: 台北可能使用率太高了吧 台中租三次都還好
anywayican: 我運氣還不錯，租了幾次車況都蠻乾淨的，只是真的
anywayican: 不好找車位
cka: 怎麼不叫uber
e023340: 汐止也是這樣,花一小時到汐止，再花半小時找車位
wolfybae: irent最近車況都還不錯吧
pouy: 之前找不到就直接打客服問哪邊車位
rebot: 新戶輸入ir514738拿免費時數"
ptt,M.1627124890.A.6DE,https://www.ptt.cc/bbs/car/M.1627124890.A.6DE.html,car,Re: [心得] irent Corolla Cross 租駕心得,jiern (jiern),Sat Jul 24 19:08:08 2021,,還車、據點、停車費,"(以前租過irent被操爛的sienta，跟我們公司車sienta開起來感受差滿 多 : 的)。 : 結果很多irent據點根本就沒有CC可租，搞什麼屁啊，要去都市一點的地方才有得租。 : 排定時間預約到手後，當天一早開著CRV到租用據點換CC開，目標車輛就在左前方。 : https://i.imgur.com/NCPiIEo.jpg : 沒想到此據點的irent陣仗那麼大，真是嚇死寶寶令人大開眼界，都市就是不一樣。此 據 : 點連smart2go都有得租。 : htt
---
體所擋到。 : 照後鏡後面那塊黑色物實在太大坨了。 : 到底是什麼東西？需要搞到那麼大坨。 : 好了，抱怨完了，最後就是還車一併將油加滿囉，方便下一位使用者，車內也已維持乾 淨 : 狀態。 : https://i.imgur.com/dRPFfHi.jpg : 租車花了2559元。 : https://i.imgur.com/YvxTioQ.jpg : CRV停車費380元，想想真是耍笨。坐公車去取車，來回頂多30元，結果開車去取車，38 0- : 30，多花了350元停車費。 : 但是irent里程費收了738元，我加油給它加了832元。如果當成是自己付的油錢來看的 話 : ，加了832元的","有的點硬要嫌
CC跟CRV完全不同價格帶
有什麼好比較

你說 “CRV開起來、坐起來有種高級車的感覺”

CRV先不管內裝有沒有很好
光隔音差這一項
你是拿那台高級車做比較
賓士？BMW？還是Lexus?

講出來讓我們聽聽看
CRV坐起來感覺像那台高級車


※ 引述《kabukiryu (悠游夏日基隆海的男人)》之銘言：
: 由於Corolla Cross行銷搞得很大，不禁令人好奇此車到底有多神。
: 先前得知irent終於有CC可租，二話不說立刻預約租用，想趁車子還算新還沒被操爛時
趕
: 快租來開看看。(以前租過irent被操爛的sienta，跟我們公司車sienta開起來感受差滿
多
: 的)。
: 結果很多irent據點根本就沒有CC可租，搞什麼屁啊，要去都市一點的地方才有得租。
: 排定時間預約到手後，當天一早開著CRV到租用據點換CC開，目標車輛就在左前方。
: https://i.imgur.com/NCPiIEo.jpg
: 沒想到此據點的irent陣仗那麼大，真是嚇死寶寶令人大開眼界，都市就是不一樣。此
據
: 點連smart2go都有得租。
: https://i.imgur.com/iEqPkGT.jpg
: 接下來就開始對CC東摸西摸，了解一下此車，順便檢查最重要的方向燈會不會亮。iren
t
: 在後車廂放了三角警示牌，非常好。
: https://i.imgur.com/OWTAQQK.jpg
: 在車內往後方看去，哇操，後擋視野也太小了吧。引擎室還髒兮兮的，嘔嘔嘔嘔嘔。
: https://i.imgur.com/JLZl2gU.jpg
: 手煞車是腳踩的，上次開到腳踩的已經不知是幾年前的事了。排檔桿沒有S檔，但有M+-
，
: 看到都興奮起來了，還沒開出去腎上腺素就偷偷自己小爆發了，似乎可以很有樂趣的樣
子
: 。不過這照片沒什麼稀罕了，大家都在各大宣傳文章看過了，早就知道了。
: https://i.imgur.com/ydsV9qO.jpg
: 出發前里程16717km，油箱幾乎全滿，但時間顯示是錯的，我也懶得調了。
: https://i.imgur.com/CdzJdFh.jpg
: 第一站，上國道到新竹。到目的地停好車後，油表就掉一格了。當大家都在用最省油的
方
: 式在開時，偏偏我就用最耗油的方式來開。(irent里程費用漲價，1公里要付3.1元，只
能
: 從油錢小賺回來)
: https://i.imgur.com/5pDIZgs.jpg
: 此車加速沒力，如果要加速的話，D檔油門到底，速度的爬升會比M2、M3、M4檔油門踩
到
: 底還來的快，真是滿頭問號。
: 我上匝道時，D檔油門到底，很快就從時速5、60衝到90幾了，但用M3、M4檔就衝很慢(
我
: 還維持在較高的轉速在操作的說)。
: 時速110掛在M4擋時，覺得太輕飄，感覺好像隨時一陣風過來或是壓到窟窿就會被撇去
撞
: 牆一樣，有點不太穩的感覺。
: 第二站，跑去烏來爬山跑看看。油表掉很快。由於適逢颱風來襲在即，一下沒雨一下又
瞬
: 間暴雨，怕遇到山崩落石土石流，於是就沒更深入深山了，趕快回程下山。
: https://i.imgur.com/8iKf45Q.jpg
: 雖然CC的M+-檔在國道上沒太大的鳥用，但開山路爬坡下山還可以，至少下坡時，可以
掛
: 在M2或M3使用，不會太陡的路段下坡時，轉速都在3千轉內，陡一點的下坡就頂多3、4
千
: 轉，引擎聲聽起來沒那麼可怕。(一人汽車所以坐起來不舒服或很吵都沒差)
: 另外，當停好車要開車門時，CC的車門設計不佳，沒有地方可以抓住車門。如果跟隔壁
車
: 停太近，一個不小心車門就會開太大撞到隔壁車或機車。
: https://i.imgur.com/DXJCyeA.jpg
: 以上面那張照片為例，CRV車門有一個凹槽可抓，可避免車門不小心推太大力，而CC卻
沒
: 有。(追加，CRV車門飾板質感比CC好，嘻嘻)
: CC那樣的設計真的很爛，手只能抓住車窗車門框，若要抓住前門關門手把，又不好施力
。
: 沒地方抓又找不到好的施力點，以後開車最好不要停在CC旁，騎機車也要小心路邊的CC
開
: 車門，覺得危險。
: 若說某拉是國道上的不定時炸彈，那某C是否可能會成為未來的開門不定時炸彈？
: 另一問題點，坐椅調太高的話，某些角度的視野會被前擋的照後鏡及那塊大塊黑色物擋
住
: 。
: https://i.imgur.com/diBqN2v.jpg
: 以上面那張照片為例，我在左轉待轉時，完全看不到右上方的紅綠燈號誌燈。照片上因
為
: 我手機拿比較低，拍攝角度看起來像是被行車記錄器擋到，但實際上我的視野是被紅圈
處
: 的物體所擋到。
: 照後鏡後面那塊黑色物實在太大坨了。
: 到底是什麼東西？需要搞到那麼大坨。
: 好了，抱怨完了，最後就是還車一併將油加滿囉，方便下一位使用者，車內也已維持乾
淨
: 狀態。
: https://i.imgur.com/dRPFfHi.jpg
: 租車花了2559元。
: https://i.imgur.com/YvxTioQ.jpg
: CRV停車費380元，想想真是耍笨。坐公車去取車，來回頂多30元，結果開車去取車，38
0-
: 30，多花了350元停車費。
: 但是irent里程費收了738元，我加油給它加了832元。如果當成是自己付的油錢來看的
話
: ，加了832元的油，但我只需要付738元，是不是從irent那邊賺了94元(832-738)回來啊
？
: 就這樣為了體驗CC，就花了將近3000元，真的是有夠亂花。
: 新竹不愧是科技新貴城，連大潤發美食街都有高貴的便當可買，若加上中午的4百多元
便
: 當，花費就破3千了，真是可怕。
: https://i.imgur.com/o5HD1qu.jpg
: 小補充：
: 1.我一開始還找不到點煙器，以為USB孔只有一個。(我有行車紀錄器及兩隻手機要充電
，
: 共需要三個USB孔)
: 還誤會中央扶手無置物盒。想說此車怎麼那麼OOXX。
: 後來回家上網查才知道有點煙器、及其它USB孔以及中央扶手有置物盒。
: 2.我覺得此車開起來的行車質感不佳，沒有厚重沉穩的紮實感，滿滿的廉價車駕駛感，
我
: 當下一開出去的感覺還以為自己在開VIOS。
: 我印象中prius c跟sienta開起來都沒有明顯的廉價車的駕駛感。
: 廉價車的駕駛感是什麼，我也說不上來，只知道廉價車開起來或坐起來都有一種莫名奇
妙
: 的共同感受及共通點。是飄飄感還是什麼很難形容，但一開或一坐就能感受出來。
: 3.CRV開起來的行駛感受沉穩紮實多了，我常油門一踩沒有覺得很快，但很多車已經被
拋
: 在後面，一看時速表才知已經時速130幾。CC就感受不到，油門踩下去以為衝很快，實
際
: 上表速才90幾而以。
: 雖然是屬於不同級距的車款，但差異也太大了。性能差太多、沉穩紮實的駕駛感差太多
、
: 坐起來的舒適性也有差，CRV坐起來比CC舒適，也比較有Q彈感。
: CRV開起來、坐起來有種高級車的感覺，CC就沒有那種感覺了，算然CC的外型看起來有
點
: 高級感啦，但開起來卻沒有高級車感，滿可惜的。","j27710146: 我也是不懂CRV開起來高級車的感覺是什麼，之前開tig
j27710146: uan的時候有開到親戚的CRV，那個組裝紮實度沒辦法
tonica: Crv一樣晃啦 哪台休旅不晃
finasoul: 百萬高級車當然贏
KarlMarx: 本田魂心靈加成你不懂啦。
waterdesign: 拿比RAV4還貴的CR-V來嫌Corolla Cross可真是高明
issuxark: CRV吹成高級車 快笑死
kirax20a: CRV假設內裝真的做到上打200萬 或是像馬自達等級的
kirax20a: 高級感好了 開上路後那個隔音就破功了啦
kirax20a: 要比也是拿同級車比 還是CC選好選滿 成交價上攻100
kirax20a: 萬就以為可以挑戰這價位帶的車了？
kabukiryu: 我主要是想試看看CC到什麼程度。至於為什麼沒拿同
kabukiryu: 級車比，是因為目前手邊只有CRV，當然就直接拿來比
kabukiryu: 較了。如果我現在開的是別台車，我一樣直接比較，
kabukiryu: 不同車開起來的感受。
kabukiryu: 我又不是專業車評，無須特別拿同級車比較差異。我只
tamixavier: 高級客貨車嗎？
kabukiryu: 拿開過的車做比較，到底不一樣的車是差在哪，就一
kabukiryu: 般使用者開過什麼車，拿來比較而已。
kabukiryu: 就好比你各位會說mazda3或focus比vios高級一樣
Bimmer3698: 可能坐過的最高等級是他牌入門？例如我的A咖盤子買
Bimmer3698: 菜車，或是前一台3er裝B車。
sjerrysss: 原原po只是分享而已 CRV是不是高級車有這麼重要嗎？
mutwilly: crv貨車般的隔音還敢笑別人？
kirax20a: 先自首 我用百萬CC上打CRV這點偷酸我的錯 但說真的
kirax20a: 內裝再美再有設計感 車子還是要開上路 很多細節反而
kirax20a: 一上路就破功了(隔音 風切 視野等等)
sjerrysss: 人家只是分享2台車給他的感覺 有必要這樣酸?
daniellin435: 特地花錢罵一罵T牌顯得自己很懂車夠用心了
CCDaKaRa: crv試乘真的隔音爛到爆炸
zx2751206: 錯怪人家了，人家可能是說對比CC高級，但跟雙B比還
zx2751206: 是糞啦
sjerrysss: 他說高級是跟CC比起來 又不是跟豪華車比
Lemonkiwi: 他就只有CRV啊，也只是想表達坐起來比CC高級
hellobubble: 人家就說了 不會形容的高級感 你不要這麼認真
xd4664: 對比CC感覺像豪華車這沒說錯啊
qgb12: Crv試乘吵到不行，業務還說啊你可以自己去改隔音
IamEuropean: 都鋁罐爛車 相煎何太急
qgb12: ，我問號？？？
FSWIN1278: 以CC來對比,CRV真的會有高級車的感覺不是嗎?人家只
FSWIN1278: 是用詞沒有修飾而已,文筆程度也不是每個人都一樣
FSWIN1278: 交往了一個女友,她說跟前任男友 比較有被填滿的感覺
FSWIN1278: ,難道你要跟她說你知不知道什麼叫做被填滿?你知道he
FSWIN1278: y人的尺寸嗎?你沒試過hey人怎麼可以說比較有被填滿?
kirax20a: 樓上比喻還真是一針見血的簡單好懂XD
kabukiryu: 我怎麼感覺你好像先崩潰了？我開過親戚的AUDI A4算
kabukiryu: 嗎？夠資格了吧。A4開起來並不覺得靈活輕快，有一
kabukiryu: 種厚重感，CRV開起來就是有那種類似的厚重感，而不
kabukiryu: 是廉價車開起來的那種感覺。如果你現在開很高級的
kabukiryu: 車，也許你可以去租VIOS來開看看，開起來的感覺高下
kabukiryu: 立判。
kabukiryu: 我無意與你爭論。因為我戰的對象只有重機騎士，不想
kabukiryu: 四輪族自己內鬨互戰沒意義的點
ken81270: 玻璃心碎了嗎，粉認真喔，呵呵
paulyang5054: 氣氣氣
tbofgpab: 我開過M60A3跟CM11，比起來CRV比紙的還不如。
IamEuropean: 開CC都這麼玻璃心XD?
daniellin435: 一定要開漏水車才能嘴邏輯死去？
nakaru: 那開crv的都這麼自我感覺良好？
LexusNo1: 貨車吹成高級車，真的笑翻xddd
kabukiryu: 再嘴一下好了。為什麼，你們會那麼在意CRV高不高級
kabukiryu: 的癥結點？是什麼原因讓你們那麼在意、如此不滿，可
kabukiryu: 以好好說明解釋一下嗎？就像一開始有人硬要拿車門
kabukiryu: 問題來K我一樣，害我還要去做圖說明旋轉軸什麼的，
kabukiryu: 我覺得我算很有誠意了。現在請你們說明，為什麼會
kabukiryu: 那麼在意CRV高不高級的點，希望不是CRV就爛車糞車
kabukiryu: 那種不講還以為是騎勁戰的學店生敷衍的答案。
LexusNo1: 玻璃心崩潰xddd
nakaru: 反了，自己不定義crv高級車，cc廉價車，卻要鄉民提
nakaru: 定義
nakaru: 你這才是學店生的思維
nakaru: 這篇就是叫你自己說清楚怎樣高級怎樣廉價
nakaru: 為什麼crv就高級，cc就廉價
bert016: 所以你是在氣什麼~7pupu
issuxark: 自己先提高級車，被砲很正常
adam4252001: 這幾個字也回覆一篇
nakaru: 不止幾個字吧，高級廉價滿滿一大段耶
nakaru: 這種踩著A抬高B，容易產生爭議
nakaru: 被戰，只能說求仁得仁
zx2751206: 自己先提高級的，現在還反問，阿北別鬧惹=.=
ayue: 原po就是要抬高自己的crv來貶低cc
kabukiryu: 我如果再回覆的過份一點，會不會戰起來啊，剛打了一
kabukiryu: 篇，算了，還是不要暢所欲言了。說明一下我的立場好
kabukiryu: 了，我不是賣車的業務，也不是汽車行業從業人員，也
kabukiryu: 不是本田狂粉，抬高CRV踩CC對我沒意義也沒好處，CRV
kabukiryu: 5代是我第一次開本田的車，意外覺得不錯。而且我三
kabukiryu: 不五時就在亂喊推手排86加大包，是有在醞釀未來購入
kabukiryu: GR86或長期租賃GR86的，甚至在板上還會偶爾推薦sien
kabukiryu: ta，也沒有踩豐田的必要。就算板上常提CRV有多爛我
kabukiryu: 也沒因此崩潰啊，怎麼才提個CC的缺點車板人士就跳針
kabukiryu: 大蹦潰了，頗令人意外。那我下次如果提到kuga的缺點
kabukiryu: ，是不是就要進水桶了？不過至少由我起頭，已經知道
kabukiryu: 車板眾人士的底線，不能說CRV高級、不能說CC的不好
gooff: 本版只有討論200萬以上的車才不會被噓  很正常啦
Charles0421: 都是別人的問題 自己沒問題
Charles0421: 這種人就是那些開在路上大家都逆向 只有你正確的人
Charles0421: 文章寫的差被批評不是你的錯 評車評的爛被批評也不
Charles0421: 是你的錯 判斷力差也不是你的錯 笑死
rickjoyce: 鄉民只是好奇你的高級車感受是跟哪台比而已XD
rickjoyce: 至於你提crv比cc高級是你自身感受 大家也沒批評不是
rickjoyce: 嗎
kabukiryu: 樓上你在說什麼？這個就是大家批評的點啊
kabukiryu: 是是是，你各位說的都對。結論就是事實上CC確實比CR
kabukiryu: V差，CRV確實比CC高級，各位不用再浪費時間爭論了，
kabukiryu: 再怎麼狡辯爭論也改變不了這個既定事實。又不是我
kabukiryu: 改變說法就能改變這個事實，也不是你們爭贏就能改
kabukiryu: 變的了。踩什麼踩來踩去的也無法改變已經是事實的
kabukiryu: 事實。要砲轟的請繼續，但既定的事實一樣不變。我
kabukiryu: 視情況再決定回不回，不然我一回下去又沒完沒了。
alan90349: 原原po直接在你推文底下崩潰
MONKEYBEN: 真的是硬要嫌的感覺 好歹也是要跟HRV比
zx2751206: 如果說CRV有高級感是笑爛，但如果是指跟CC比相對高
zx2751206: 級，那可以接受，阿就貴20幾萬以上當然高級=.=
SEEDA: 可悲 買個國產貨車以為是什麼高級車
fother: 原po 重點在問到底哪裡像高級車吧 , 原原po 可以不
fother: 用一直在那說事實就是比cc好。舉例更多像高級車的感
fother: 覺來討論
QQ5566: 簡單說就是本田魂啦 看不起豐田
QQ5566: cc真的不怎樣 但你真的就是來踩牛頭
evilguava: 可憐，直接崩潰XD
evilguava: 自己劃錯重點又講一堆
linda0215: 真的
kabukiryu: 好吧，再回一下好了。希望你各位不是因為看到學店
kabukiryu: 型文章或開本田的咖就以為這程度是什麼咖很好打。
kabukiryu: 不過這部分我會改進，下次不要發學店型文章，用字
kabukiryu: 遣詞會修飾。我提過只是陳述事實，所以你各位不爽
kabukiryu: 我也沒用啊，對既定的事實有所不滿，是你們自己的
kabukiryu: 問題，我只是照實陳述實際狀況。建議你們有意見直
kabukiryu: 接去找豐田，去跟豐田抱怨為什麼CC做得比CRV差，讓
kabukiryu: 使用者可以拿出來說嘴。你們可以建議豐田將CC做得
kabukiryu: 比CRV高級。另外，只針對覺得CRV高級這點來打我的
kabukiryu: 話，反而自曝了程度，我先前只是不想講得太白而已，
kabukiryu: 拜託我都降低自己智商格調發學店文了，你們要打也要
kabukiryu: 打到痛點吧。坦白講，什麼不打，就因為我覺得CRV高
kabukiryu: 級，然後要打這個。我覺得CRV有高級感又怎麼樣了？
kabukiryu: 我覺得CRV有高級感又怎麼樣了？我覺得CRV有高級感又
kabukiryu: 怎麼樣了？(很重要所以講三次)為什麼你們會糾結在這
kabukiryu: 種無關緊要根本不是問題的問題上？好好想想吧，別人
kabukiryu: 覺得高級，然後你就要去打別人憑甚麼覺得高級，你
kabukiryu: 們難道沒發現這很可笑嗎。根本就打錯點，打在一個
kabukiryu: 完全不重要的點上。希望你們不是因為八卦板上多了，
kabukiryu: 思考邏輯變成：「a說比屎還難吃，b說a你是吃過屎喔
kabukiryu: ，不然怎麼知道比屎還難吃。」有沒有覺得打在高級
kabukiryu: 的點上跟這邏輯很像。
kabukiryu: 在CRV高級感這點鑽牛角尖，只是在浪費你我時間
yumi1003: 我怎麼覺得有人發文開始被砲後 ，又要解釋ㄧ堆來反
yumi1003: 駁，是自己在浪費自己時間 何必呢
kabukiryu: @yumi1003，這就是我可愛有趣又厲害的地方啊。cospl
kabukiryu: ay成功，讓你們摸不透，先入為主誤判我是什麼樣的人
kabukiryu: 。我發文可以是無腦學店文、可以像是玻璃心崩潰文、
kabukiryu: 可以像是著急急忙解釋的文、也可以是認真對戰文，
kabukiryu: 讓你很難反駁，甚至會氣到牙癢癢的。我就問你們，要
kabukiryu: 打CRV的高級感意義何在？我最後都拿出誠意認真發文
kabukiryu: 了，也請你們拿出誠意，解釋打CRV的高級感意義何在
kabukiryu: ？目的是什麼？為什麼硬要針對這點？跟重機族交手
kabukiryu: 棘手多了，因為重機族會打在重點上，還會提出數據，
kabukiryu: 拜託請你們加油好嗎
kabukiryu: 我最後都浪費時間在高級文上了，也請你們浪費一下
kabukiryu: 時間解釋好嗎
kabukiryu: 等很久了內，不想回？不敢回？無法回？還沒想到怎
kabukiryu: 麼回？太失望了。希望能有讓我滿意的答覆。前面陪你
kabukiryu: 們玩太久，在此議題上浪費不少時間，希望此議題（
kabukiryu: 高級）能盡快解決，直接一刀定勝負。如此也可以讓
kabukiryu: 車板人士明白，不能說CRV高級的真正原因為何。
rickjoyce: 其實你要怎麼覺得都是你的事 我覺得cc比crv高級也是
rickjoyce: 我自己的感受 所以問題應該要回歸你覺得crv像那台
rickjoyce: 高級車的感受
rickjoyce: 至於門把設計我覺得原因是當門開最大 cc不用身體出
rickjoyce: 去就能關
ankala: CRV隔音不太行 要做隔音工程 光這點就不太能高級了
ankala: 高級車最基本的隔音沒做好還在高級什麼
s9151169: hrv明年大改款進來又要說太貴，怎樣都可以嫌呵呵
daniellin435: Cosplay成功，讓你們摸不透，先入為主誤判我是什麼
daniellin435: 樣的人
daniellin435: 這句話不就在間接承認自己是在引戰嗎
daniellin435: 學店邏輯還想要人家浪費時間笑死
daniellin435: 不過還是感謝有人願意花錢分享漏水cc的爛
SU12244: CRV是高級車？ 哈哈哈哈哈哈哈哈哈哈
fother: 他都說自己是可愛有趣又厲害的人了，會說自己的Crv
fother:  高級也不意外啊 。大家就當自戀文看看笑笑就好了
kabukiryu: @daniellin435，覺得引戰是你自己的問題，看不爽就
kabukiryu: 亂貼別人標籤說別人引戰，那是你的問題還我的問題？
kabukiryu: 這篇我前面就講過：“我無意與你爭論。”早就宣告
kabukiryu: 我沒要引戰了。我沒太早戳破高級這無意義的質疑點，
kabukiryu: 是因為這樣就等於我只是在逃避質疑者的問題，所以
kabukiryu: 我先正面回覆了質疑者的問題，順便在留言裡面埋一
kabukiryu: 些梗及伏筆。不知道的人還以為我是在急於忙著解釋。
kabukiryu: 現在我就能利用前面說過的話，來回應你們的質疑。
kabukiryu: 學店文反而招來學店質疑文，幫忙抓出學店文者們，
kabukiryu: 我這樣是不是算功德一件？
krit1009: 一堆T牌盤子 笑死
wolfybae: 對啊，irent車種很多，現在多CC可以開真的不錯
lakb24: 垃圾本田車，根本就不會買它們的車
john211060: 新戶輸入ir891569拿免費時數
rebot: 新戶輸入ir514738拿免費時數"
ptt,M.1627118252.A.8CB,https://www.ptt.cc/bbs/car/M.1627118252.A.8CB.html,car,[心得] irent Corolla Cross 租駕心得,kabukiryu (悠游夏日基隆海的男人),Sat Jul 24 17:17:30 2021,,還車、拍照、據點、停車費,"開看看。(以前租過irent被操爛的sienta，跟我們公司車sienta開起來感受差滿多 的)。 結果很多irent據點根本就沒有CC可租，搞什麼屁啊，要去都市一點的地方才有得租。 排定時間預約到手後，當天一早開著CRV到租用據點換CC開，目標車輛就在左前方。 https://i.imgur.com/NCPiIEo.jpg 沒想到此據點的irent陣仗那麼大，真是嚇死寶寶令人大開眼界，都市就是不一樣。此據 點連smart2go都有得租。 https://
---
的物體所擋到。 照後鏡後面那塊黑色物實在太大坨了。 到底是什麼東西？需要搞到那麼大坨。 好了，抱怨完了，最後就是還車一併將油加滿囉，方便下一位使用者，車內也已維持乾淨 狀態。 https://i.imgur.com/dRPFfHi.jpg 租車花了2559元。 https://i.imgur.com/YvxTioQ.jpg CRV停車費380元，想想真是耍笨。坐公車去取車，來回頂多30元，結果開車去取車，380- 30，多花了350元停車費。 但是irent里程費收了738元，我加油給它加了832元。如果當成是自己付的油錢來看的話 ，加了832元的油，但我
---
以只能開小小縫，縮小腹從 kabukiryu: 門縫出。但我當下開門時才發現此設計的缺陷，所以才 kabukiryu: 拍照記錄。根本沒有好的施力點可抓住門，如果一個 kabukiryu: 失手就直接撞隔壁車門了。我當下好奇就在車內研究了 hc","由於Corolla Cross行銷搞得很大，不禁令人好奇此車到底有多神。

先前得知irent終於有CC可租，二話不說立刻預約租用，想趁車子還算新還沒被操爛時趕
快租來開看看。(以前租過irent被操爛的sienta，跟我們公司車sienta開起來感受差滿多
的)。

結果很多irent據點根本就沒有CC可租，搞什麼屁啊，要去都市一點的地方才有得租。


排定時間預約到手後，當天一早開著CRV到租用據點換CC開，目標車輛就在左前方。
https://i.imgur.com/NCPiIEo.jpg


沒想到此據點的irent陣仗那麼大，真是嚇死寶寶令人大開眼界，都市就是不一樣。此據
點連smart2go都有得租。
https://i.imgur.com/iEqPkGT.jpg


接下來就開始對CC東摸西摸，了解一下此車，順便檢查最重要的方向燈會不會亮。irent
在後車廂放了三角警示牌，非常好。
https://i.imgur.com/OWTAQQK.jpg


在車內往後方看去，哇操，後擋視野也太小了吧。引擎室還髒兮兮的，嘔嘔嘔嘔嘔。
https://i.imgur.com/JLZl2gU.jpg


手煞車是腳踩的，上次開到腳踩的已經不知是幾年前的事了。排檔桿沒有S檔，但有M+-，
看到都興奮起來了，還沒開出去腎上腺素就偷偷自己小爆發了，似乎可以很有樂趣的樣子
。不過這照片沒什麼稀罕了，大家都在各大宣傳文章看過了，早就知道了。
https://i.imgur.com/ydsV9qO.jpg


出發前里程16717km，油箱幾乎全滿，但時間顯示是錯的，我也懶得調了。
https://i.imgur.com/CdzJdFh.jpg


第一站，上國道到新竹。到目的地停好車後，油表就掉一格了。當大家都在用最省油的方
式在開時，偏偏我就用最耗油的方式來開。(irent里程費用漲價，1公里要付3.1元，只能
從油錢小賺回來)
https://i.imgur.com/5pDIZgs.jpg


此車加速沒力，如果要加速的話，D檔油門到底，速度的爬升會比M2、M3、M4檔油門踩到
底還來的快，真是滿頭問號。

我上匝道時，D檔油門到底，很快就從時速5、60衝到90幾了，但用M3、M4檔就衝很慢(我
還維持在較高的轉速在操作的說)。

時速110掛在M4擋時，覺得太輕飄，感覺好像隨時一陣風過來或是壓到窟窿就會被撇去撞
牆一樣，有點不太穩的感覺。


第二站，跑去烏來爬山跑看看。油表掉很快。由於適逢颱風來襲在即，一下沒雨一下又瞬
間暴雨，怕遇到山崩落石土石流，於是就沒更深入深山了，趕快回程下山。
https://i.imgur.com/8iKf45Q.jpg


雖然CC的M+-檔在國道上沒太大的鳥用，但開山路爬坡下山還可以，至少下坡時，可以掛
在M2或M3使用，不會太陡的路段下坡時，轉速都在3千轉內，陡一點的下坡就頂多3、4千
轉，引擎聲聽起來沒那麼可怕。(一人汽車所以坐起來不舒服或很吵都沒差)


另外，當停好車要開車門時，CC的車門設計不佳，沒有地方可以抓住車門。如果跟隔壁車
停太近，一個不小心車門就會開太大撞到隔壁車或機車。
https://i.imgur.com/DXJCyeA.jpg


以上面那張照片為例，CRV車門有一個凹槽可抓，可避免車門不小心推太大力，而CC卻沒
有。(追加，CRV車門飾板質感比CC好，嘻嘻)

CC那樣的設計真的很爛，手只能抓住車窗車門框，若要抓住前門關門手把，又不好施力。
沒地方抓又找不到好的施力點，以後開車最好不要停在CC旁，騎機車也要小心路邊的CC開
車門，覺得危險。

若說某拉是國道上的不定時炸彈，那某C是否可能會成為未來的開門不定時炸彈？


另一問題點，坐椅調太高的話，某些角度的視野會被前擋的照後鏡及那塊大塊黑色物擋住
。
https://i.imgur.com/diBqN2v.jpg


以上面那張照片為例，我在左轉待轉時，完全看不到右上方的紅綠燈號誌燈。照片上因為
我手機拿比較低，拍攝角度看起來像是被行車記錄器擋到，但實際上我的視野是被紅圈處
的物體所擋到。

照後鏡後面那塊黑色物實在太大坨了。
到底是什麼東西？需要搞到那麼大坨。


好了，抱怨完了，最後就是還車一併將油加滿囉，方便下一位使用者，車內也已維持乾淨
狀態。
https://i.imgur.com/dRPFfHi.jpg


租車花了2559元。
https://i.imgur.com/YvxTioQ.jpg


CRV停車費380元，想想真是耍笨。坐公車去取車，來回頂多30元，結果開車去取車，380-
30，多花了350元停車費。

但是irent里程費收了738元，我加油給它加了832元。如果當成是自己付的油錢來看的話
，加了832元的油，但我只需要付738元，是不是從irent那邊賺了94元(832-738)回來啊？

就這樣為了體驗CC，就花了將近3000元，真的是有夠亂花。

新竹不愧是科技新貴城，連大潤發美食街都有高貴的便當可買，若加上中午的4百多元便
當，花費就破3千了，真是可怕。
https://i.imgur.com/o5HD1qu.jpg


小補充：
1.我一開始還找不到點煙器，以為USB孔只有一個。(我有行車紀錄器及兩隻手機要充電，
共需要三個USB孔)

還誤會中央扶手無置物盒。想說此車怎麼那麼OOXX。

後來回家上網查才知道有點煙器、及其它USB孔以及中央扶手有置物盒。

2.我覺得此車開起來的行車質感不佳，沒有厚重沉穩的紮實感，滿滿的廉價車駕駛感，我
當下一開出去的感覺還以為自己在開VIOS。

我印象中prius c跟sienta開起來都沒有明顯的廉價車的駕駛感。

廉價車的駕駛感是什麼，我也說不上來，只知道廉價車開起來或坐起來都有一種莫名奇妙
的共同感受及共通點。是飄飄感還是什麼很難形容，但一開或一坐就能感受出來。

3.CRV開起來的行駛感受沉穩紮實多了，我常油門一踩沒有覺得很快，但很多車已經被拋
在後面，一看時速表才知已經時速130幾。CC就感受不到，油門踩下去以為衝很快，實際
上表速才90幾而以。

雖然是屬於不同級距的車款，但差異也太大了。性能差太多、沉穩紮實的駕駛感差太多、
坐起來的舒適性也有差，CRV坐起來比CC舒適，也比較有Q彈感。

CRV開起來、坐起來有種高級車的感覺，CC就沒有那種感覺了，算然CC的外型看起來有點
高級感啦，但開起來卻沒有高級車感，滿可惜的。","haunt11: T牌的進口車除了C-HR、Camry、Prius車系，門把幾乎
haunt11: 都沒凹槽 包含RAV4 Auris Altis 也是XD
ccc101419: CRV就是對應更上一級的RAV4啊，CC本來就只是Altis
ccc101419: 加高，這樣比較好像不太公平
haunt11: 不過我還是覺得CC的價值在魚它是平價油電CUV？應該
ryu057: 推推
hank12332: RAV4踩起來也差不多啦，NA特性不就這樣嗎
z123z91: 推心得 CC真的噱頭
lagadidi: 最後一段…會被噓
sorl001: 親身測試就是給推
wtlin0829: 有心得分享雖然還是給推
wtlin0829: 但是拿CRV來跟CC做一個「直接」比較
wtlin0829: 這樣是合理的…嗎？
wtlin0829: 還是我有漏看什麼說明或註解？
Vincent1219: crv高級感...？
MKIU: 這台已經比摩托車舒服很多了
wtlin0829: 哦我看到了
wtlin0829: 「雖然是不同級距的車」
AIRWAY1021: 高級感應該只是形容詞，說有質感一點就好很多
louie83279: 就……開起來鬆鬆的，跟其他共用GAC底盤的兄弟車差
louie83279: 別頗大，沒甚麼質感
Zodiac10: CC油電在稅金、油耗、空間都是慘電同級對手。
z85917131: 就新世代設計…..那個關門把手真的很不人體工學
kahabu: 黑黑那坨好像是車道偏移和距離碰撞之類的
Ptt54542212: 那引擎室是什麼回事
almostreal: toyota很多車子設計駕駛都會被後視鏡擋到視線…
HeroFun: irent車況真的都很恐怖，上次開上郡大林道底看到一
HeroFun: 台irent的yaris 乾 郡大欸？！
goodga: CC車門鎖下面 不就有一根可以抓的？問號
berryc: 沒租過, 所以你把油加滿,里程費用會退給你嗎
LinuxKernel: CRV高級車感覺???XDD
rickjoyce: cc後窗視野真的悲劇 不過CRV跟高級感有關係？
ErnestKou: 斜斜的門把不就是給你抓的嗎？
kabukiryu: 爛車中的高級感啊，歡迎噓爆
kabukiryu: 斜斜門把施力點不好抓，可能是力臂槓桿原理之類的
kabukiryu: 原因
windowdoor: 汽油70多 油電80多是合理價格 再高就去選正SUV吧
dtfg: CRV高級感？？難怪你租車XD
kabukiryu: @berryc，里程費不會退，irent不收油錢只收里程費，
kabukiryu: 1公里收3.1元，跑100公里就要付310元。加油用車內
kabukiryu: 附的加油卡加油，加油當下自己不用另外付錢。加油卡
kabukiryu: 只有中油跟台塑
skthree: CC本質上就是Altis長高版，不要期待太多
sm981512: 跟你車差20多萬欸
cervix: 應該拿勁戰來比
sun88990: https://i.imgur.com/5fcYB92.jpg
sun88990: 這塊就是給你下車抓的
kabukiryu: 樓上，我有試著抓過了，就是抓過才知難抓
sun88990: 硬是要嫌XDD
kabukiryu: 不是硬要嫌，等你有開過這兩種車門設計的車就知道
kabukiryu: 我在說什麼
issuxark: CRV高級感?
jason743145: 跟勁戰比不會淋雨不錯了啦！
liyuweiying: RAV4的車門也是一樣設計 要左手抓門把右手推開車門
liyuweiying: 優點是可以強迫駕駛開門時轉身注意後方來車
kabukiryu: 如果你是開歐洲進口高級車的，當然不會覺得這代CRV
kabukiryu: 有什麼高級感，如果你開的車也是日系平價車種的話，
kabukiryu: 也許可以去租5代CRV來開看看，或許你也會覺得有高
kabukiryu: 級感
finasoul: 其實是你硬要他跟CRv 一樣有個凹槽抓，不是他沒地
finasoul: 方給你抓而已
kevin955032: CRV有高級感…知足常樂表率
Adam6613: 你台大二活旁怎麼這麼多尊貴的四輪iRent惹
qwe172839: 日系平價進口車去開CRV5覺得普通 自己的車還比較好
HBO10383: 日系車開起來不可能有什麼高級感受
KarlMarx: 手把裝飾用？
aaqq60295: CC那手把位置超不合力學的吧...
windowdoor: 往好處想 強迫你開門轉身看後面
evilguava: 你拿CRV來當比較基準，CC是一定不好啊…
WORLDKING56: 這台就便宜altis加高版，買到一百萬我真的沒辦法，
WORLDKING56: 撇除漏水，結果真的太盤了
sun88990: 你開門都不轉身看後面的嗎？這樣開的話哪裡會不順
sun88990: 手
hank12332: 不過CUV油電也沒幾台能選就是了，更別說那價格你要
hank12332: 選SUV油電也沒有一台可以選吧？
Nexus5X: 那坨就是車道維持的鏡頭護罩
Nexus5X: 然後PC跟吸煙塔是同底盤 所以開起來類似吧
pavaro: 跟lexus ux駕駛視野很像 有夠爛 根本在折磨駕駛
bluetory99: crv跟cc最便宜版差20萬...你要比也是跟rain4比
bluetory99: 就好像拿fit比altis一樣LP比雞腿
kentopsp: CRV高級車的感覺 XDDDD
kutkin: 這個irent數量跟台中高鐵有比
honda1231: 自己日系平價馬3 坐上CRV也沒有高級感啊
chingyun8245: CC也就正常水準，看看hrv kicks cx30,CUV本來就有點
chingyun8245: 貴，除了韓系
td200672: 一堆能吐槽的點
YJM1106: 中駟對下駟 你好意思？
IamEuropean: 鋁罐漏水三寶車
ssaamm810130: CRV隔音那麼爛
giunrz: 有實驗精神 推 哈哈
davidbeckham: CRV的隔音真的不是普通高級
ridedra: 推實驗精神 公館Irent歷史很久了 慢慢擴建才這麼大
lauwei: 最後一段引戰吧
kabukiryu: @sun88990，我那張照片就是因為與隔壁車很近，我要
kabukiryu: 開門時怕刮到對方車門，所以只能開小小縫，縮小腹從
kabukiryu: 門縫出。但我當下開門時才發現此設計的缺陷，所以才
kabukiryu: 拍照記錄。根本沒有好的施力點可抓住門，如果一個
kabukiryu: 失手就直接撞隔壁車門了。我當下好奇就在車內研究了
hclstarkid: 室內各種小設計沒有其他車來的貼心 用料廉價感十足
kabukiryu: 5到10分鐘，這樣的車門要怎麼開小縫抓住門，包括抓
kabukiryu: 住斜門把開小縫等，我都試過了。而且從斜門把處關
kabukiryu: 門的施力點也很妙，門不好關。簡單來講就是CC的車
kabukiryu: 門設計，從車內不好關也不好出。
kabukiryu: https://i.imgur.com/n4PgowD.png
kabukiryu: 以上圖來說，越靠近轉軸越難施力，筆電、家裡的門，
kabukiryu: 都不會設計在靠近轉軸處施力開合，很不巧的，CC的
kabukiryu: 車門設計就是在靠近轉軸處，A點會比B點好施力，但CC
kabukiryu: 車門B點處並無施力點(沒地方可抓)
c753968412: 看著門把手說沒有地方可以抓 嘻嘻
kabukiryu: @lauwei，我沒有要引戰，是說出個人真實感受而已，
kabukiryu: 倒是推文內不少人越越欲戰啊
kabukiryu: 更正：但CC車門A點處並無施力點(沒地方可抓)
waterdesign: 拿比RAV4還貴的CR-V來嫌Corolla Cross可真是高明
hclstarkid: 粗糙 乏味 後座視野差
ms0088688: 願意寫心得 推
kabukiryu: 更正2：CC的車門設計，從車內不好關也不好*開。
kirax20a: 後照鏡那塊裡面就是ADAS的鏡頭模組
hank12332: CC那車門握把，駕駛座的要用右手開比較順手
tps6115: 高級讚啦，我內裝有夠陽春。
leo255112: 搞不懂神在哪，怎麼這麼多人買
Xsara: corolla的門把和一般的不一樣沒錯但我用起來超習慣
imdean: 雖然CC很普又漏水，但硬要嫌很好笑，我覺得你去發在
imdean: 社團比較適合啦
casio0406: 我懂你的感覺，CRV其實不差
casio0406: 只是開完cc會讓CRV升級為高級車
cj96wk4: 門把看起來是比較需要施多一點力沒錯
CCDaKaRa: crv隔音爛到爆炸 高級車？
daniellin435: 這文筆加用詞不講以為是騎勁戰的學店生
cayalst: 沒有可以抓的凹槽真的很神奇
zx2751206: CRV高級感真的笑爛，而且這台跟HRV比，已經略贏，h
zx2751206: rv那組裝根本吐血
pttbird: CRV有高級感???是不是想太多了
amogha100: 台大車這麼多喔
Lemonkiwi: CRV除了隔音差，其實還不錯
kax0205: cvt M檔本來就假的 別當真
ErnestKou: CRV就真的比CC高級啊XD
kabukiryu: @daniellin435，歹勢嘿，我讀書少水準低落，請多包
kabukiryu: 涵。我從不發表太文縐縐的文章，因為我不是要廣告也
kabukiryu: 不是報章雜誌。當下的感受是什麼我就一五一十的表達
kabukiryu: 出來。
IamEuropean: 幫補血一下 說實話引來一堆人崩潰XD
squall410339: 這種爛車頂級還要百萬還會漏水可憐
kirax20a: 幫原Po補血 不加修飾表達的詞彙 通常才是真正感受到
kirax20a: 的 因為那是下意識的第一印象
a152508: 說得很好啊
a152508: 比一些就手 恰如其分 還算不錯 等等車評廢話有意義
a152508: 多了
WORLDKING56: 幫推
SilverFocus: 有門把不會用還要嫌，自以為聰明，笑死！
gooff: 預算阿 人生不是只有開車好嗎 多人買只是這樣而已
gooff: 拿一百萬的車比八十萬的
LexusNo1: 說個笑話，crv有高級感xddd
gooff: 不過對於駕駛感受分享很細緻 感謝阿
tse957: 自己花錢試駕推一個
gooff: 我覺得以百萬渦輪休旅 crv要跟kuga比 比較合適
daniellin435: 可以去展示間找另外一台等級跟crv 比較接近的漏水車
daniellin435: 比較適當還可以免費體驗也不會被酸了
GalaxyX: CRV車主開國民車CC也能這麼興奮，和泰行銷真的強
trickart: 很有趣
kabukiryu: @gooff，你說的沒錯，事實上是要同級車比才公平。
kabukiryu: 但同級車比較，其實專業車評都做過了。我現在是因
kabukiryu: 為手邊只有CRV，而且每天開，開了大半年，目前能拿
kabukiryu: 得出來的車就CRV，其它車現在又因為疫情關係不好跟
kabukiryu: 親戚借。只是有些人還誤以為我故意要花錢打CC。假設
kabukiryu: 你現在手邊只有kuga，又對CC感到好奇，去租來開看
kabukiryu: 看，難道不會拿CC跟kuga比較嗎，其實就只是那樣而已
k86083: 門把有挖那個洞真的比較方便阿 只是很多車都在那塞
kabukiryu: 。如果你現在開雙B，然後也對CC感到好奇，去租來開
k86083: 垃圾衛生紙
kabukiryu: ，不免也會拿CC跟你的雙B比較吧，到底差在哪，哪邊
kabukiryu: 不好邊好之類的。
sma24934721: 這台就高腳神A
levanteee: CRV-高級感》CC質感爛 真的笑死 你拿VIOS和CIVIC比
levanteee: 質感 神邏輯
levanteee: 門把上把手也不會用，這樣講難道雙B、VW都爛車嗎
protonchang: 那一坨就ADAS鏡頭的家啊 每一台有L2的車不是都在那?
levanteee: 客觀一點比就好，這樣主觀意識濃厚真的讓人看不下去
nimaj: 應該是指行路質感吧 這點真的不是TOYOTA的強項
nimaj: 但如果是內裝質感啥的 CRV應該也沒好到哪去
daniellin435: 我開BMW來po這篇文章大概不會寫最後那兩段噓的人應
daniellin435: 該可以少一點，僅供參考
nimaj: 其實最後那兩行字不要寫就沒事了
nimaj: 會買T牌車的人 本來就不會是因為它的行路質感
SEEDA: 笑死人了 看到最後原來是在看笑話
e1bmwe1: 笑死，你這樣讓一堆人崩潰噓你
andy0121: 看完只覺得 好幾點都是為了嫌而嫌XD
gooff: 不過你的分享文很有趣~ 試開上山和高速長里程
gooff: 對於預算90 想省點錢買cc 或捏一點上crv的很有幫助
gooff: 雖然很多人酸你 但我還是很推薦你詳細認真的分享文
tjhuang: 你讓水哥崩潰了啦 太壞惹
Charles0421: 太多刻板意見亂評 欠噓
waterdesign: 預算90捏一點不上日本進口的RAV4？
waterdesign: 你這種心得很像是開著GR Yaris去說Fit操控爛一樣
Charles0421: 台苯特規CrV 會愛這種車的人判斷力存疑啦
Charles0421: 這種判斷力還學別人寫評測文章
asd99dsa99: 哎…不是啊，門把不好抓握施力是事實，但你不能說
asd99dsa99: 沒地方給你抓啊
rickjoyce: crv底盤更高 開起來更晃 竟然會覺得操控好！
Merkle: 那個不叫沒地方給你抓吧....
kabukiryu: @rickjoyce，就是有開過才會知道啊，我都S檔在開。
kabukiryu: 我以前在板上也提過CRV加速有重拖感。但問題是它的
kabukiryu: 加速性能還是強過某些車太多，如果你可以像我這樣吃
kabukiryu: 飽太閒花錢到處租不一樣的車子來開，也許就能明白。
kabukiryu: CRV就比上不足比下有餘啊。
alan90349: crv 哈哈 不愧是買好crv的信仰值很高
kabukiryu: 就我推文裡的圖說明，車門內側A點處確實沒地方抓啊
kabukiryu: ，你握的住那團扶手算你厲害。（我文章內有提到抓
kabukiryu: 車窗車門框）。也許你們沒開過車門A點處有設計凹槽
kabukiryu: 的車子，你可以考慮租sienta來開看看，sienta就是
kabukiryu: 有設計車門凹槽的車之一，然後去停窄小的停車場，感
kabukiryu: 受一下這兩種設計開門時的差異。當然這或許是我的
kabukiryu: 問題，因為我長期都開車門A點處有凹槽的車子，所以
kabukiryu: 忽然開沒有凹槽的車就不知所措不會開門了，我在車
kabukiryu: 內研究蠻久的，這樣的門要怎麼開的省力還開的安全。
kabukiryu: 以台灣空間那麼小機車又多的情況下，車門的設計很
kabukiryu: 重要，就算不設計凹槽也沒關係，但至少要有替代方
kabukiryu: 案，讓大家能開的省力開的安全。試過CC的車門之後，
kabukiryu: 才感受到車門有設計凹槽的巧思有多厲害，平常根本就
kabukiryu: 習以為常沒感覺
SilverFocus: 只有你可以嫌別人，別人不能嫌你，欠噓
f11299723: 河粉崩潰噓
kabukiryu: @SilverFocus，我怎麼覺得你講反了，目前的狀況看起
kabukiryu: 來似乎是我不能嫌別人，只能讓別人嫌，不然就是我
kabukiryu: 的錯
lucky945: 這裡是不能批評T牌的
immike: CRV和CC都沒有高級感好嗎 是不是搞錯什麼了
iorittn: 車門把手…rav4也一樣設計，真的難用
HeroFun: 車版人真的很兇的
hsudens: 我以為CC是要跟Hrv來比的不是嗎
MONKEYBEN: 同229樓想法
andy0121: 沒有地方抓跟自己不適應差很多
fother: 覺得可以說crv 整體感覺比較好 但真的沒有到高級感
issuxark: 好了啦 不要再崩潰了
feisky: 啊他就兩台車比，當然講這兩台心得。相對高級覺得OK
feisky: 怎那麼多人硬要拿""高級""兩字來打，本來就是比較而來
celelor: CRV這種開起來吵的要死的車你說有高級感XDD 兩台根
celelor: 本半斤八兩
griffick: 廢文
ckhou: CC是不怎樣沒錯...但CRV高級感????  XD
b642897: CRV開起來、坐起來有種高級車的感覺是不是誤會什麼
b642897: CRV就是一台貨車而已
b642897: 有花錢租車給推
ping0623: 既然說都爛車還比什麼？
herr: 這種車別要求高級感跟操控了 不就是能動就好？ 買這
alurel: 貨車比客車 懶x比雞腿
bob79620: 拿ＣＲＶ跟ＣＣ比感覺有點過分
calendario: 不覺得CRV有什麼高級感XDD
wolfybae: 感覺有點雞蛋裡挑骨頭，我是覺得蠻好開的啊，irent
wolfybae: 也便宜
krit1009: 幫補 無腦護航仔只會挑「高級感」這三個字來講，跟C
krit1009: C比的確是比較高級啊，不知道在崩潰什麼，笑死，一
krit1009: 堆T牌盤子
lakb24: CRV內裝質感有夠爛的..............
pppqqq362: 除了CRV高級感比較浮誇外，其他資訊不錯了
john211060: 新戶輸入ir891569拿免費時數
s86434: CRV那種隔音水準跟Vios一樣的叫高級車？XD
rebot: 新戶輸入ir514738拿免費時數"
ptt,M.1624768756.A.D47,https://www.ptt.cc/bbs/car/M.1624768756.A.D47.html,car,Re: [心得] irent 車禍,york463 (),Sun Jun 27 12:39:14 2021,,還車,損失好幾千，那傷痕小到 我覺得老闆可能根本不會修，他堅持說他要去原廠換保桿。 在英國第一次租車也被坑，租的時候沒檢查，還車時媽的巡的超仔細，有些刮痕我都不確 定是不是租時就有了，好險我那時在一個叫「租租車」的網站租的，我被車商坑了400英 鎊,"我在台灣還有歐洲國家都有很多次租車經驗。

在台灣有一次租舊馬三後保桿A到直接叫我們賠自付額1萬跟營業損失好幾千，那傷痕小到
我覺得老闆可能根本不會修，他堅持說他要去原廠換保桿。

在英國第一次租車也被坑，租的時候沒檢查，還車時媽的巡的超仔細，有些刮痕我都不確
定是不是租時就有了，好險我那時在一個叫「租租車」的網站租的，我被車商坑了400英
鎊網站賣的保險有賠我。


總之，我覺得很多租車公司巴不得你車禍直接把你當羊宰。譬如你去查冰島的機場租車公
司，一堆外國旅客也罵爆，因為冰天雪地開車難免有刮，回來都被租車公司坑。

要租車一定要買全險，然後出什麼事不要馬上付錢。我覺得你這次po 上來不錯，給大家
一個警惕也給和運一些教訓。一間大公司明明可以更有氣度的處理這件事，為了10萬減損
商譽也讓很多本來想租車的人卻步，值得嗎？","kutkin: 七月還漲價 就真的黑的裡面你也只能挑一個比較不黑
limulus: 租車公司的etag都照原價收費，沒有前20公里免費，
limulus: 也不給打9折的，就是要坑你啦
IamEuropean: 在台灣租車就是等著被宰殺 自以為省到錢哪天出事全
IamEuropean: 部吐回去
bitlife: 租車本身沒問題,是沒足夠覆蓋的保險才有問題,這點對
bitlife: 自購或租車道理都一樣,不會換做自己買車不保險出事
bitlife: 就會沒有問題
bitlife: 借用目前最後這一篇給開樓承租人,我之前在某篇有貼
bitlife: 過 https://today.line.me/tw/v2/article/VXOa1R 這
kutkin: 就算是安心服務也是一年只能擋2次
bitlife: 篇,目前這篇還沒撤掉似乎也意謂著irent app看不到合
bitlife: 約? 如果真的看不到任何有關保險不理賠的合約記載,
bitlife: 而是事後才被告知,那麼用這個去主張未被告知不能同
bitlife: 行出遊者換手開或許有一點機會
benedict76: a到就賠錢還說人家坑殺…
bitlife: 兩次其實也夠了,一年出兩次自己有肇責的車禍,也算是
bitlife: 老天警告自己多休息勿開車這樣 XD
kutkin: 最坑的是營損 其實他們也不是馬上就會修
kutkin: 都看沒人預約才會送去
kutkin: 但我目前找不到 有irent告營損的判決
facebookig: 那你就不要手上有把柄被坑啊！
REMEMBERYAU: 營業車車禍一定收營損的，像撞到小黃也是...怕麻煩
REMEMBERYAU: 還是自己買吧，保好保滿
MK47: 所以才說自己買車實在 懶得開叫個小黃或著包個小巴
MK47: 也挺好
jimhall: 本來就是靠這樣賺錢，有本事你開一家
skthree: 關氣度什麼事？不對就是不對啊
win828485: 國內外租車都要全險+1
s128222582: 開車不要A到東西很難？到底為什麼A出傷痕還能大聲？
s128222582: 你能計較價格 人家不能跟你計較傷痕？
s128222582: 說真的 自己去買台車 A自己對車 去跟自己的技術計
benedict76: 違約算啥理虧？irent還比較倒楣
Wkkj: irent的車我都用一檔開 油錢才能省回來 爽
Wkkj: 只是好吵"
ptt,M.1624733362.A.A41,https://www.ptt.cc/bbs/car/M.1624733362.A.A41.html,car,Re: [心得] irent 車禍,roadmanjia (路人甲),Sun Jun 27 02:49:20 2021,,還車,"人開 BlackCoal: 上一篇講的很清楚了，錢給的太早 bitlife: 沒租過irent不清楚,如果可以任意地點還車,換手開就 bitlife: 一還一租的過程,只要後續的一租能就近取得原車就好 bitlife: 但是如果未滿一天算一天","https://www.easyrent.com.tw/UPLOAD/event/109event/2050/index.html

你沒買安心服務嗎?

承租人選擇此服務，如遇車輛損壞時，可免負擔租賃契約第十條所約定之賠償金額壹萬元
，及第十條所約定之營業損失。(不含酗酒、不明車損或乙方自願負擔車輛損失而與對方
和解、自然災害造成之車輛損壞等類似情況) ※車輛失竊不包含在此服務範圍內。


不按照合約走 又太早給錢

現在又說公司怎樣怎樣

那你還不如包計程車算了 一天5000無煩惱



※ 引述《kediflower ( 麻藥搜查官)》之銘言：
: ※ 引述《sbbty018 (charlie)》之銘言：
: 今天的事實是
: 一、和運(出租人) 出租車輛給承租人使用
: 二、約定不得由非承租人駕駛
: 三、承租人允許第三人駕駛
: 四、第三人於駕駛車輛時發生事故 車輛毀損 產生物損及營損
:     第三人經初判無責 由對造負全部責任
: 五、和運向承租人一方要求全部損害賠償(且已交付)
: 雖然你已經付錢 但和運沒理由跟你要這筆錢
: 和運這樣做根本是把承租人/消費者當作不用付保費的保險公司在凹 非常不可取
: 既然沒有保險的問題 法律關係就應該回歸民法債篇的侵權和租賃
: 損害賠償責任
: 屬於債之關係 要行使損害賠償請求權 就必須要符合債的相關規定
: 除債權債務主體相對基本原則 非有法律另作規定的情況下 必然以有責為前提
: 如行為反契約條款 但與損害發生沒有責任 也沒有因果關係 不會成立侵權
: 更不會變成責任主體移轉或擔保債務的理由 至多由契約一方取得契約終止權
: 初判判你無責 那就假定你在法院的判斷也零責任
: 和運向你要錢 性質上就是租賃物的損害賠償請求權
: 所以必然要有請求權的基礎存在 並且必須合於相關規定
: 本件租賃物毀損的損害賠償責任主要有二
: 一、依據民法第184條 和運可以向侵權行為人要求損賠
: 二、依據民法第433條 和運可以向承租人要求損賠
: 以上兩者法律規定 均以損害賠償義務人或第三人具有責任為前提
: (不管第三人地位是被認為債之履行輔助人或是承租人之受僱人)
: 所以如果事故雙方駕駛人都有責任 和運可以跟原po一方及對造要求賠償
: 如果只有對造有責任 和運只能依民法184條向對造要求賠償
: 講白話點 你要跟人家要錢 要有法律的依據(請求權基礎)
: 今天法律的依據就是規定有責的人才是你要錢的對象(賠償義務人)
: 無責還要賠償你給你錢的 只有擔保人或是保險公司
: 除此之外除非法律有規定無過失責任的情形 你都沒權利去要
: 定型化契約條款裡的約定賠償也是以有責為前提( https://i.imgur.com/kTa81CF.png )
: 縱使另有約定以當事人不具責任仍須給付出租人之損害 效力也是存疑
: 因為這等同要求本就弱勢的消費者於損害事故發生時負擔保無過失責任 如此不利的約定
: 不要說消保法定型化契約條款的效力 光是民法247-1就不可能通過
: 結論就是你錢給的太早惹","kutkin: 以他的狀況 買了也是被打槍
kutkin: 我只是覺得 租車走投97那種鄉道奉獻很大
kutkin: 風險
wctoymr: 借問有沒有可以換手開的租車公司? 中間想換人開比較
wctoymr: 輕鬆
hunchisin: 換駕駛的要跟門市租才有機會吧
hunchisin: 共享車在台灣就是被當成租車一樣～
b642897: try to問題是和運用開車非承租人凹他
BlackCoal: 什麼凹他，保險公司跟和運就是這樣簽約呀，只能承租
BlackCoal: 人開
BlackCoal: 上一篇講的很清楚了，錢給的太早
bitlife: 沒租過irent不清楚,如果可以任意地點還車,換手開就
bitlife: 一還一租的過程,只要後續的一租能就近取得原車就好
bitlife: 但是如果未滿一天算一天,這方法就不划算,長途需要換
bitlife: 手開的還是去門市租並將可能開車者列入約定駕駛名單
bitlife: 比較好
bitlife: 並不是承租人或借用人無肇事責任就可以屁股拍拍沒他
bitlife: 的事一樣XD
bitlife: 推錯篇
chingyun8245: 只要走傳統租車服務，和運格上，一直都可以加保駕駛
chingyun8245: 人啊，我記得如果正常保險都有保，格上是不用加錢就
chingyun8245: 有四人
kfcgg520: 說到安心服務 根本很少人買
roadmanjia: kfc又知道了? 你統計過?
marshmallowH: 那件租車人非駕駛人哦"
ptt,M.1624671386.A.BEE,https://www.ptt.cc/bbs/car/M.1624671386.A.BEE.html,car,Re: [心得] irent 車禍,calais007 (淺水中),Sat Jun 26 09:36:25 2021,,定位,等著被灌水 wen7733: 等到強制執行下來大概信用5年內毀了 tseng680723: 港版國安法沒過沒抓是因為香港定位特殊全世界在看 tseng680723: ，你去看看中國本土，想抓誰就抓誰，一堆人直接消 tseng680723: 失是,"※ 引述《sbbty018 (charlie)》之銘言：
: 4/17 我與友人在台中市路邊租prius c行至南投時發生車禍，當下立即報警並聯絡irent
:      做完筆錄拿到事故登記聯單後，就等irent合作的拖車廠商來進行拖吊(100km內免?
:      車禍撞擊照片:https://imgur.com/kiRoERk
:                   https://imgur.com/h2K50zk
: 4/18 台中高鐵站做出險。當時負責的專員跟我們收了$10000的自付額+$15400營業損失?
:      25400，並且跟我們告知等車禍初判表肇責出來之後就會依比例退回。
: 4/22 收到台中太平站的通知說因為我們違反規定(開車人非承租人)，不適用最高自負額
:      $10000的規定，要求我們至太平門市繳交修車費用的全額。
:      https://i.imgur.com/kTa81CF.png
: 4/23 至太平門市繳款，他們提供的車輛維修估價單總額為$92560以及預估修理時間(營?
:      為八天總共$12320($1540*8)。扣除掉我們之前在高鐵已繳的$25400，當天又補繳?
:      $79480，合計已經付給和運$104880。
:      當天有再次詢問太平專員關於退款事宜，他們也再次承諾說等初判表肇責出來後就
:      會依比例退回(如我方無肇責就退104880給我們,只會收30元匯款手續費)
:      另外這是他們提供的車輛維修估價單
:      https://imgur.com/Nu0GQJO
:      https://imgur.com/vrxKCtH
: 5/26 警方初判表判定我方無違規事宜 https://imgur.com/fhcWXNE
:      同日去電太平站與專員連繫，太平站專員請我提供存摺影本並告知說14個
:      工作天內會全額退款。
:      這是太平站專員寄來跟我要存摺封面的mail:https://imgur.com/D4niyaN
: 5/27 再次詢問太平站專員是否有確定14個工作天內會退款。專員回覆主管已經簽核     :      送台北總公司審核。
: 5/28 太平站專員來電告知暫時無法理賠，會請主管聯繫我們。
: 6/3  一直沒收到主管來電說明，我們再次聯絡太平站，這次是由另外一位專員跟我
:      們說明:「因為我們違反租約規定，所以$104880等於是我們直接要付給和運，
:      後續理賠必須要由我們自行跟對方談」
: -------------------------------------------
: 我們在車禍的當下就已經跟和運反應我們非irent承租人開車
: 他們早就知道我們是違反租約
: 但是台中高鐵站的專員和太平站的專員都沒有跟我們說清楚
: 反而還跟我們擔保理賠會在14個工
: 作天內退回卻又改口說我們違約所以不退
: 違約我們願意負責，我們也配合在一周內就去繳納全額維修費+營業損失
: 但沒想到的是和運竟然會說話不算話
: 最後是要我們自行去跟對肇調解談理賠以及後續法律流程
: 對肇剛好又沒有保第三人責任險整個變得很麻煩
: 對肇目前是對於維修金額有疑慮已經申請調解。但等到現在也還沒收到任何調解通知。
: 目前疫情全台三級警戒應該也有拖延到調解委員會的進度?
: 後續有任何更新再來跟大家分享...

就法律角度而言
你站不住腳
國外租車一樣也只有承租人開車
出車禍會賠償
如果要多人駕駛保費還會增加
出車禍照樣要先預刷信用卡費用
除非你有保車體險","seanmom: 這是限定駕駛人險種 保險公司直接拒賠 跟車頭險代位
seanmom: 求償無關
seanmom: 車體
calais007: 我的意思是說要保多一人駕駛和車體險，兩者都要有
chingyun8245: 直接去和運租也可以加保駕駛人啊
chingyun8245: 尤其事主又是長距離，跟本沒必要租irent冒險
seanmom: 案件是租車公司投保的1.限定駕駛人險（駕駛人限定
seanmom: 被保險人 車體險的一種 保費有減免）你所指的2.車
seanmom: 體險加多一人（通稱車體免追償附加）1，2兩者是互
seanmom: 斥  並且選了限駕就不能附加免追償
aaboutt: 真的很多人非常不適合開車，傻到完全沒有法律觀念
aaboutt: 你今天違反保險規定，就如同你沒有保險開車上路
aaboutt: 一個人沒有保車險開車上路出車禍，難道零肇責
aaboutt: 車廠就要免費幫你修車嗎? 修車廠當然像你要錢
aaboutt: 你再向車禍對方車主要錢啊。難道叫車廠向對方要錢?
aaboutt: 你都違約了保險公司還保障你，那全台灣都違約違法阿
aaboutt: 違約違法還有保障，你共產黨嗎?
aaboutt: 還好不適做生意的，商場上合約差一個字就他很多
aaboutt: 合約上的每一個字都要斟酌考慮請教律師。
aaboutt: 天真的亂簽合約沒有看，出事再鬧再吵，怎麼不上法院
aaboutt: 看看法官是保障誰?
kenness1019: 台灣真的很多都租了換著開的 都覺得沒差出事就知道
d8613518: 其實共產黨也是很遵守法律的，像港版國安法沒過前
d8613518: 黎先生也沒被抓。你可以質疑對岸立法過程，但不能
d8613518: 說對岸不守法。扯到這會不會又被桶啊......
AirRider: 就事論事很難嗎
airforce1101: 共產黨這就比喻失當了
airforce1101: 和運並沒有自己立法
lusifa2007: 遇到這種狀況就不要像案例車主爽快付錢，應該讓和運
airforce1101: 這權力相差太大了
lusifa2007: 出來告或聲請調解把對方駕駛一起抓進來解決
AirRider: 和運直接告簽約者就好,哪需要管肇事者?邏輯?
lusifa2007: 到法院是可以聲請把肇事人一起拉進來的喔，因為肇事
lusifa2007: 人是最終要負責的人
lusifa2007: 肇事方等於是利害相關的人，本件看起來和運拿錢沒問
lusifa2007: 題但拿的太輕鬆了
inconspicous: 自己理虧就錢付一付啦，跑法院傷神又浪費時間
lusifa2007: 承辦人員有點話術讓承租人把錢掏出來，不過還是那句
lusifa2007: 話和運拿錢沒問題
aaboutt: 台灣就是有少數人出事只會灰，大聲咆嘯生氣怒罵耍賴
aaboutt: 但對於合約或法條卻置之不理
notime: 違約就是這麼麻煩
chillybreeze: 和運真的錢拿得太輕鬆了，承租人一定要跑法院的，倒
chillybreeze: 不如等和運告
wickham15: 合約抵觸法律條文，合約無效，這應眾所皆知。此案件
wickham15: 爭點應是在於出租者的損害賠償是要由保險填平還是由
wickham15: 駕駛者填平，若出租者可向保險填平損害，又向駕駛者
wickham15: 要賠償，顯然不合理。若僅能跟駕駛者要賠償，其實駕
wickham15: 駛者最後也可依據肇責向對方要求賠償。
leaveleft: 國外多個駕駛金額不會增加太多，有優惠時還可抵掉
leaveleft: ，我在美國租車經驗來說，加買保險，完全可以避免
leaveleft: 糾紛
boommipun: 我每次看到勸人家不要買車用租的都笑笑的
hsudens: 之前美國租加第二駕駛+USD$15/day
wen7733: 等和運告可能少賠一點，但是和泰律師戰隊不是吃素的
wen7733: 你光是上法院的時間就弄得精神耗弱了
r1006274: 約定駕駛也不能給其他人開啊 拜託買車簽約都先看好
r1006274: 保單  傻傻簽字鍋都在你頭上了
arcross: 特斯拉沒這問題
achun1212: 民事庭不要去，又不是刑事庭、偵查庭。等法院判，再
achun1212: 上訴、吵折舊問題。反正消極處理，不要第一時間就
achun1212: 給錢。
achun1212: 不然等到強制執行再說，反正金額低，利息不高。
achun1212: 民事求償最強的是無賴。
Aixtron: 啊，一造辯論加適時提出，某人懂我國民法嗎？
suggestjoy: 噓某幾樓 對自己不利就要耍無賴喔 真的是不要臉天下
suggestjoy: 無敵呢 下溪下井
wen7733: 那個民事庭不要去的...你不去抗辯就等著被灌水
wen7733: 等到強制執行下來大概信用5年內毀了
tseng680723: 港版國安法沒過沒抓是因為香港定位特殊全世界在看
tseng680723: ，你去看看中國本土，想抓誰就抓誰，一堆人直接消
tseng680723: 失是沒有看到嗎？維尼處理政敵還會講法嗎？XDD
bitlife: 雖然共產黨離題,但看到國安法守法說法我笑了,忘了最
bitlife: 上位的憲法以及和英國的聯合聲明嗎? XD
bitlife: 補一下有用資訊,之前看到有留下來
bitlife: https://today.line.me/tw/v2/article/VXOa1R
bitlife: 另外新安東京有推租車相關額外保險,請搜尋 吉時保
bitlife: 以前看到時想說哪天租irent派得上用場就加書籤了
henry9: 用共產黨比喻失當，畢竟中國是人治的不是法治。
henry9: 中華人民共和國憲法有寫公民有言論、出版、集會、
henry9: 結社、遊行、示威的自由。 但是中共完全違法啊
hankQuQ: 有舔共仔 在偷渡政治..
martinkyuu: 日本租車友善多了，租方承擔風險小很多
hitsukiaoi: 當然友善 租兩天保險就要繳600多台幣
bbbing: 開司最近才有租車轉手的問題，日本也一樣啊
rengood: ㄜ，你可以留言就好"
ptt,M.1624670676.A.665,https://www.ptt.cc/bbs/car/M.1624670676.A.665.html,car,Re: [心得] irent 車禍,caeasonfb (eason),Sat Jun 26 09:24:34 2021,,還車,ixtron: 就需信用卡了，其他國家都是直接刷卡！我常國外租車 Aixtron: 被刷一堆什麽逾期，拉不拉雜的，我都附還車照片去要 Aixtron: ！ WORLDKING56: 口頭說話不算話，問題是承租人跟開車的不是同一個啊 WORLDK,"不認為irent有什麼問題。
法律上你們就是認知、同意、也簽訂了跟irent的租車合約。
但卻違約由非承租人開irent的車而發生事故。

irent車修復的損失當然由你們先付，後續能拿回多少就看你們自己怎麼跟全責的對方談。
你們自己都覺得談賠償很麻煩，在商言商的irent更沒義務花錢花心力找人幫你跟對方談。

又0肇責關irent什麼事? 那是你們跟100%肇責對方的事。
irent向你們收取修車等相關費用，你們自己向全責的肇事對方要求賠償。非常合理。

別扯什麼irent說話不算話了，
你們如果有錄音、有白紙黑字證明irent做過什麼承諾的話，就上法院爭取去吧。
反倒是法律上明確說話不算話的是你們好嗎?(把車交給非承租人開)

ptt可以取暖，風向如果對了可以做為你們想向irent施壓談判的工具。
但在法律上你們卻是完全站不住腳。

※ 引述《sbbty018 (charlie)》之銘言：
: 4/17 我與友人在台中市路邊租prius c行至南投時發生車禍，當下立即報警並聯絡irent
:      做完筆錄拿到事故登記聯單後，就等irent合作的拖車廠商來進行拖吊(100km內免費)
:      車禍撞擊照片:https://imgur.com/kiRoERk
:                   https://imgur.com/h2K50zk
: 4/18 台中高鐵站做出險。當時負責的專員跟我們收了$10000的自付額+$15400營業損失共
:      25400，並且跟我們告知等車禍初判表肇責出來之後就會依比例退回。
: 4/22 收到台中太平站的通知說因為我們違反規定(開車人非承租人)，不適用最高自負額
:      $10000的規定，要求我們至太平門市繳交修車費用的全額。
:      https://i.imgur.com/kTa81CF.png
: 4/23 至太平門市繳款，他們提供的車輛維修估價單總額為$92560以及預估修理時間(營損)
:      為八天總共$12320($1540*8)。扣除掉我們之前在高鐵已繳的$25400，當天又補繳了
:      $79480，合計已經付給和運$104880。
:      當天有再次詢問太平專員關於退款事宜，他們也再次承諾說等初判表肇責出來後就
:      會依比例退回(如我方無肇責就退104880給我們,只會收30元匯款手續費)
:      另外這是他們提供的車輛維修估價單
:      https://imgur.com/Nu0GQJO
:      https://imgur.com/vrxKCtH
: 5/26 警方初判表判定我方無違規事宜 https://imgur.com/fhcWXNE
:      同日去電太平站與專員連繫，太平站專員請我提供存摺影本並告知說14個
:      工作天內會全額退款。
:      這是太平站專員寄來跟我要存摺封面的mail:https://imgur.com/D4niyaN
: 5/27 再次詢問太平站專員是否有確定14個工作天內會退款。專員回覆主管已經簽核
:      送台北總公司審核。
: 5/28 太平站專員來電告知暫時無法理賠，會請主管聯繫我們。
: 6/3  一直沒收到主管來電說明，我們再次聯絡太平站，這次是由另外一位專員跟我
:      們說明:「因為我們違反租約規定，所以$104880等於是我們直接要付給和運，
:      後續理賠必須要由我們自行跟對方談」
: -------------------------------------------
: 我們在車禍的當下就已經跟和運反應我們非irent承租人開車
: 他們早就知道我們是違反租約
: 但是台中高鐵站的專員和太平站的專員都沒有跟我們說清楚
: 反而還跟我們擔保理賠會在14個工
: 作天內退回卻又改口說我們違約所以不退
: 違約我們願意負責，我們也配合在一周內就去繳納全額維修費+營業損失
: 但沒想到的是和運竟然會說話不算話
: 最後是要我們自行去跟對肇調解談理賠以及後續法律流程
: 對肇剛好又沒有保第三人責任險整個變得很麻煩
: 對肇目前是對於維修金額有疑慮已經申請調解。但等到現在也還沒收到任何調解通知。
: 目前疫情全台三級警戒應該也有拖延到調解委員會的進度?
: 後續有任何更新再來跟大家分享...","CmDawn: 社會就是現實，連討拍都被網友罵
DUNA: 沒錯，違反契約->保險不啟動->承租方自己處理民事訴
DUNA: 訟
henry4621: 推 觀念正確
DUNA: 和運完全站得住腳，頂多是太平站大專員處理有瑕疵，
DUNA: 但還是沒辦法改變全賠的事實
kgkg0057: 就承租人違約在先  跟和運討$上法庭  先看承租條款
kgkg0057: 內容  大概載明有否約指承租人先違約在前 而有肇事
kgkg0057: 任何體傷 財損 民事 刑事  皆歸責承租人負完全責任
kgkg0057: ..類大致意思...
legendrl: 違約在先，所以保險不會有動做；理論上他們求償對像
legendrl: 是100%的那方，不過車不是他們的，有辦法求償嗎
d8613518: 債權轉移吧，租車人向和運取得債權
sammy98: 契約違規 =\= 肇責
sammy98: 怎麼一堆人混為一談
sammy98: 建議走法院
vespar: 我猜原po用手機租車的啦 雖然方便但容易忽略掉風險
vespar: 我的經驗門市都會詢問約定駕駛人或加保 比較能避免i
vespar: rent的問題
COOLBOY22226: 專員代表和運承諾無肇責就退款，這樣也沒問題？！
s7024546: 就算沒聽專員的付錢，到時候承租人一樣被租車公司告
s7024546: 到吐錢出來是有差嗎
aowen: 有問題啊 告爆他們啊
aowen: 但法院不會鳥你就是
rinatwo: 當然有差啊 承租人被告 就可以拿租車公司的起訴狀
rinatwo: 和判決照抄去跟肇事者求償啊
rinatwo: 又或者 根本可以省略 請租車公司告肇事者 現況就
rinatwo: 是把訴訟成本都讓承租人承擔啊
SShirakawa: irent一開始說明違約不理賠就沒這些後續了
victorfm: 承租人不承擔訴訟成本，不然要誰承擔？！和運為什麼
victorfm: 要幫忙？
SShirakawa: 有誘騙人先掏錢的疑慮irent錢收到就好
SShirakawa: 後面就是事故雙方自己去喬沒irent的事
Arashi0731: 不照合約走，當然沒辦法理賠，租車公司才不管肇責好
Arashi0731: 嗎？保險沒有啟動，不會有人幫你跑流程，大家都出社
Arashi0731: 會了，不要跟學生一樣天真好嗎？
rinatwo: 「都讓」請看清楚  用肇事責任比例可退 來省去和
rinatwo: 運訴訟的成本哦？
rinatwo: 按合約可以啊 和運先告承租人 承租人再來告肇事方
rinatwo:  結果和運說無肇責可全退 直接入袋為安 連告都不
rinatwo: 用告
SShirakawa: irent利用承租人的信任會協助最後甩鍋
rinatwo: 那後續和運的損失法院砍價 是不是又要承租人再告
rinatwo: 和運退錢？
iifz32: 回應COOLBOY大，重點是承租人違反契約
iifz32: 不然 和運當然會有法務來告對方侵權行為阿
iifz32: 承租人->違反契約 故要你付費，債權轉移承租人
iifz32: 承租人依照民法侵權行為，向肇事對造方求償
tajna428: 法盲就是法盲，以為先帶風向先贏
orange7986: 應該是台中廠的承辦人員本身不理解承租內容傳達錯
orange7986: 誤，導致原PO誤會
lusifa2007: 那其實租車的人不用這麼爽快付錢的，讓和運來告順便
lusifa2007: 把肇事那個駕駛一起拉進來到法庭喬
lusifa2007: 台中承辦讓人感覺是匡承租人先出錢讓和運輕鬆把錢拿
lusifa2007: 回來
sammy98: 走法院 一層一層 肇事對駕駛 租車行對簽約人  簽約
sammy98: 人對駕駛  租車行對駕駛，並沒有很難
acesslai: 我也覺得把和運一起拉進來訴訟才是正確，可惜已經
acesslai: 付錢，沒租車公司的事
acesslai: 不過你不付現，和運應該會刷卡
DaveLu: 今天就算是自己的車子,交給沒保險涵蓋的人開,這維修
DaveLu: 費用還是要自己跟對方討,對方沒付還不是自己先出
a921fish: 合情合理
jyekid: 推
giunrz: 推  你違約在先 然後都用自己角度在說 誰知真假
busstops: 違約就沒什麼好談，承租說明很清楚，一開始不給和運
busstops: 也沒用，該討還是會直接跟你討..
daniellin435: 不知道是第一次租的新手還是日常鐵齒租客之一剛好碰
daniellin435: 壁
wisebani: 看來一條龍汽車開租車公司真是一本萬利
aaboutt: 哇！一本萬利耶！鄉民們還不趕快去開一間租車公司。
aaboutt: 一塊錢可以賺一萬塊耶
ives522: 如果和運不這樣先講  承租人不知道還願不願意先掏錢
chiayohowma: 推觀念正確
ives522: ？
lahugh: 原po站不住腳+1
achun1212: 原po一定站不住腳，頂多談折舊拉低賠償金額。因為
achun1212: 車子沒用保險去修，當然要找原po求償。
ak77889: 我覺得不行，車使用就有折舊
GODLP: 我也覺得不行 當事人雖有違約 但付款是根據專員回答
GODLP: 及應對 照著回答付款及辦事 結果款都付清了才說不能
GODLP: 退~ 要自行跟肇事者求償 當中是否有誤導之虞?
mathrew: 違約就算有保險，保險公司也不會理你
mathrew: 這種扯不清的事情，走法院，讓法院判比較實際
celelor: 邏輯正確給推
devin0329: 現在爭議就是口頭說話不算話啊…
devin0329: 便宜行事趕流程敢承諾就要做到啊
t20000911: 風向對了也沒人會鳥原po 短租門市會直接把案子轉給
t20000911: 公司法務 沒人在乎風向如何 愛灰你就慢慢跟那些專業
t20000911: 的上法院去灰 反正最後只會多花一堆時間然後賠同樣
t20000911: 的錢而已 哈哈
joson4921: 推
Aixtron: 詐欺侵占XD，和運為何要告？你有租過iRent？申請時
Aixtron: 就需信用卡了，其他國家都是直接刷卡！我常國外租車
Aixtron: 被刷一堆什麽逾期，拉不拉雜的，我都附還車照片去要
Aixtron: ！
WORLDKING56: 口頭說話不算話，問題是承租人跟開車的不是同一個啊
WORLDKING56: ，而且口說無憑這不是基本常識嗎？你如果當初有錄音
WORLDKING56: 還可以吵，連錄音都沒有就是各說各話
a31670323: 違約就不用說了，自己去找對方吧
s128222582: 你可以咬著對方口頭說話不算話 對方可以咬著你白紙
s128222582: 黑字的說話不算話
s128222582: 孰輕孰重自己看著辦 在我看來不過就是抓著小辮子在
s128222582: 那灰而已
nctuuser: 這篇講得才合理
linda0215: irent還是有誘導之嫌
peggy0425: 推這篇 因為違反合約，本就應該由原po先賠償和運再
peggy0425: 去找對方要，只是專員搞不清楚講錯，不會改變結果
COOLBOY22226: by我老婆：關鍵在對方專員的承諾是否有證據，有的
COOLBOY22226: 話，口頭約定也算契約。btw 老婆是執業律師 FYI
jaries: 白紙黑字寫出來的都能違約了 還跟人家爭什麼口頭承
jaries: 諾 小孩子嗎
martinkyuu: 專員一開始講清楚承租人搞不好就找認識的維修。保險
martinkyuu: 、維修都自己人，卻讓承租人擔這樣風險，商人嘴臉，
martinkyuu: 呵呵
Mrlegend: 法奴真多 違約一回事 騙人付錢是另一回事
Mrlegend: 還敢嗆人小孩子咧 可笑 標準韭菜心態"
ptt,M.1624660609.A.507,https://www.ptt.cc/bbs/car/M.1624660609.A.507.html,car,[心得] irent 車禍,sbbty018 (charlie),Sat Jun 26 06:36:46 2021,,還車,我只是說忘了再回去 Aixtron: 拿，沒盧喔，她就當我是低等民族！台灣算很好的，我 Aixtron: 國外按時按規定還車，結果扣我幾百歐，好險我有拿旅 Aixtron: 館的報紙照相才退我，國外都刷信用卡的，還不是叫你 PaulOneil1,"4/17 我與友人在台中市路邊租prius c行至南投時發生車禍，當下立即報警並聯絡irent
     做完筆錄拿到事故登記聯單後，就等irent合作的拖車廠商來進行拖吊(100km內免費)
     車禍撞擊照片:https://imgur.com/kiRoERk
https://imgur.com/h2K50zk


4/18 台中高鐵站做出險。當時負責的專員跟我們收了$10000的自付額+$15400營業損失共
     25400，並且跟我們告知等車禍初判表肇責出來之後就會依比例退回。


4/22 收到台中太平站的通知說因為我們違反規定(開車人非承租人)，不適用最高自負額
     $10000的規定，要求我們至太平門市繳交修車費用的全額。
     https://i.imgur.com/kTa81CF.png


4/23 至太平門市繳款，他們提供的車輛維修估價單總額為$92560以及預估修理時間(營損)
     為八天總共$12320($1540*8)。扣除掉我們之前在高鐵已繳的$25400，當天又補繳了
     $79480，合計已經付給和運$104880。

     當天有再次詢問太平專員關於退款事宜，他們也再次承諾說等初判表肇責出來後就
     會依比例退回(如我方無肇責就退104880給我們,只會收30元匯款手續費)

     另外這是他們提供的車輛維修估價單
     https://imgur.com/Nu0GQJO
https://imgur.com/vrxKCtH

5/26 警方初判表判定我方無違規事宜 https://imgur.com/fhcWXNE

     同日去電太平站與專員連繫，太平站專員請我提供存摺影本並告知說14個
     工作天內會全額退款。

     這是太平站專員寄來跟我要存摺封面的mail:https://imgur.com/D4niyaN


5/27 再次詢問太平站專員是否有確定14個工作天內會退款。專員回覆主管已經簽核
     送台北總公司審核。


5/28 太平站專員來電告知暫時無法理賠，會請主管聯繫我們。


6/3  一直沒收到主管來電說明，我們再次聯絡太平站，這次是由另外一位專員跟我
     們說明:「因為我們違反租約規定，所以$104880等於是我們直接要付給和運，
     後續理賠必須要由我們自行跟對方談」

-------------------------------------------

我們在車禍的當下就已經跟和運反應我們非irent承租人開車
他們早就知道我們是違反租約
但是台中高鐵站的專員和太平站的專員都沒有跟我們說清楚
反而還跟我們擔保理賠會在14個工
作天內退回卻又改口說我們違約所以不退

違約我們願意負責，我們也配合在一周內就去繳納全額維修費+營業損失
但沒想到的是和運竟然會說話不算話
最後是要我們自行去跟對肇調解談理賠以及後續法律流程

對肇剛好又沒有保第三人責任險整個變得很麻煩

對肇目前是對於維修金額有疑慮已經申請調解。但等到現在也還沒收到任何調解通知。
目前疫情全台三級警戒應該也有拖延到調解委員會的進度?

後續有任何更新再來跟大家分享...","MK47: 所以真的自己買車實在 我光看你搞這麼多次 先不論退
MK47: 不退錢 這個流程真的讓人有噁心到= =
bugymilk: 麻煩死了…買車比較實際 一次車禍賠到快10萬 還要
zomzom: 保險問題吧 跟自己買車沒保險一樣
dearjohn: 有夠麻煩的~
PTTerror: 沒保險好可怕
jk70262: 有沒有後悔先把錢給和運?
jk70262: 和運這樣是蠻不厚道的 要你先把錢付清
jk70262: 按原本的意思應該是沒肇責就退回 怎麼能逕自變賠償
Preaz: 重點在承租人和駕駛不同吧, 這已經違反合約了.
m381249: 和運吃相真難看==
linda0215: 一起來監督和運
jk70262: 違反合約是一回事啊 那你也不能說會退來要人繳錢吧
mmppeegg: 哇靠租個車賠了10萬多
ctmhsl: 看完還是不要租車比較好
Preaz: https://reurl.cc/MAOQRp 第六點有提到
jk70262: 這有違誠信哦 你要就說清楚
Chuonge: 租車公司這手法太不厚道了...
henry4621: 坦白說你違約 根本沒啥談的條件 當學一次教訓
tkna23: 和運吃定你違約在先 之後不管對錯要你吞下去
tkna23: 沒事和運租車 有事傾家蕩產
Hoak: 在台灣租車真的要非常小心 車禍賠償維修外廠跟原廠
Hoak: 一樣貴就算了 還要跟你多收一筆營業損失費 最好還是
Hoak: 自己買一台吧
kokunmai:
teamac: 有點慘...
aas813913: 牛頭牌吃像真難看
zie0730: 原來租車的車是沒保險的歐，不管肇責比例，還得自己
zie0730: 先賠…完全不建議朋友租車了
d8613518: 和運又不是開車的人，保險又因為駕駛者不合保險規定
AddMe0815: 違約無解，然後為什麼要自己租車給別人開啊
d8613518: 而不理賠，和運幹嘛沒事自己找事？
d8613518: 租車時合約看清楚啊
zie0730: 還和泰自己旗下的，原來一條龍服務，只是企業營運
zie0730: 成本降低，完全感覺不到回饋到消費者身上些什麼
mp3w69: 幫寫個慘字...
javator: 我也租過，但你嚴重違約
javator: 不就在賭都不出事嗎？
yuan0715: 幹嘛保，出事找一方賠就好嚕
chillybreeze: 和運吃相難看
zie0730: 合約真清楚真的好重要，這感覺….就是個坑，希望租
justin332805: 十萬都能撿一台拖鞋回來整理到好了
zie0730: 車的時候業者可以強調一下只能租車人駕駛~~
ahaw99: 推心得，這筆學費不便宜
cka: 租個車沒過失搞這麼麻煩...
alurel: 進口車還好吧 沒錢不租yaris
cka: 幫QQ
asdf159000: 違約無解，不過這就是租車被人詬病的地方
CIIIO: 有點麻煩欸
OrzOGC: 有錢人才租牛頭
Aixtron: 要您自己和對方討，那為什麼不自己討？您和對方討討
Aixtron: 得到嗎？想一想！其實任何保險都要看清楚除外條款！
wheat1130: 這什麼鬼？
veryloveyou: 你先和肇事駕駛求償
misson: 現在就是保險沒保，和運怕兩方擺爛先把承租人的錢
misson: 扣下啊
limulus: 去花東本想租車比較輕鬆，但看這案例有嚇到
qaz2334438: 不是不能租…是不要非承租人開
lusifa2007: 靠北，和運不想自己去要錢把責任轉嫁給你
misson: 你都說明不是被保險人開的，保險公司包括法律跟賠償
misson: 資源不可能會進來，所以你自己談沒錯
Aixtron: 錯就錯在你沒把你的說法做成證據，而且說句不中聽的
Aixtron: ，這也只是你單方的說法而已
misson: 另外若謊稱駕駛人的話，保險公司會抓，那事情就更大
misson: 條了
imtaku: 違約導致保險公司不理賠，你要負責向對方索賠，這似
imtaku: 乎很合理吧
lemonsaint: rentalcover這麼便宜還不保，租車公司的保險都是垃
lemonsaint: 圾。
imtaku: 至於要你先付錢，又承諾會退，這又是另一回事了
js52666: 你們先違約的
Aixtron: 我不是幫對造說話，從你提出的證據看不出來，反而你
Aixtron: 這樣寫，非常非常的危險，與其這樣，不如找律師走法
Aixtron: 律才是正道
rinatwo: 請律師 錢太多哦？ 直接跟肇事方求償就好了
sbbty018: 我違約我願意負責 但沒想到的是和運會說話不算話
cka: 肇事方不還錢你也沒轍啊 那個債權證明根本超難討
d8613518: 白紙黑字才算數好嗎=_=
v3dys6f3a3j5: 我以前也是忠實客戶  一個月少說7000以上在租  後來
v3dys6f3a3j5: 發生一些事  只能說還是自己有車最好  他們都只會訂
v3dys6f3a3j5: 一些對自己有利的政策  當然開公司就是這樣  你沒照
v3dys6f3a3j5: 他們規定走  就是釘死你  不給情面  客服也是超不客
v3dys6f3a3j5: 氣  所以後來我就買車囉 給你參考
GolfR32: 10萬學費
cka: 十萬讓你知道租車要看清楚合約跟買車比較好
rinatwo: 債權好不好討因人而異阿 不去討自然討不到
litwild: 畫重點，租車保險僅限承租人駕駛生效
rinatwo: 有財產 有收入的 根本輕而易舉
Chuonge: 沒在國內租車過，但國外租車前會確認駕駛幾位
Dora0926: 覺得違約在先+1
aikensh: 先寫個慘字 太慘了
Yanzi: 其實和運的契約算很公平的了，你去租過艾XX或是小
Yanzi: 型的會被坑更大
lkj12tw: 還是開自己的車比較好
a923675: 僅限承租人...就算你口頭告知還口說無憑而且毫
WANGSH: 還是買台vios卡贏
a923675: 合約有載明...
glmkk: 幫高調
godevil621: 營業損失不是都可以談嗎QQ
shan1126: 所謂的肇責確定不是警方初判表出來就確定了好嗎
s952699: 本來只要賠2.5萬還有機會退差額，結果吃飽太閒搞一
formosa1979: 非晨租人駕駛應該自己在額外加保
s952699: 齣A租車B開車，現在賠了10萬多結果事情還沒擺平，
s952699: 所以你當初這是何苦？
monkeyboy041: 租車公司你知道的
fenderrb: 商業合約就是跟合約走，合約要認真看
driftingjong: 請注意，這是契約，不管口頭上如何，如果當時需要轉
driftingjong: 換駕駛，請不要租i rent因為定型化契約上一定是只要
driftingjong: 非承租者駕駛沒有保險出事會賠到天上去。如果中途需
driftingjong: 要第二駕駛者，一定要去櫃檯承租，把契約重新打好，
fenderrb: 誰租的就誰開，人家保險是限定駕駛
driftingjong: 一定會比較貴，而且又是台中去南投，路況整體上一定
driftingjong: 不會太順暢。一分錢一分貨，違反契約出事，吃虧的是
driftingjong: 自己。
hicjgogogo: 真的很阿雜，以後還是乖乖不要心存僥倖
cuba391156: 賠10萬…
CmDawn: 他們沒跟你說清楚是程序上的問題，不過你違約這個問
CmDawn: 題比較大
lavign: 那張白紙黑字是寫「如需退款」
MemoryEnd: 中招了
warm0808: 違約寫的清楚沒什麼好說的
ppp1939: 記得開始安裝App 時就有告知。保險只保承租人
aimin: 記得跟和運算折舊阿
xru03: 推
CmDawn: 用女生的名義租車會比較便宜嗎？跟保險一樣
fuki: …受教了 感謝分享
marksky: 呵呵～吃香難看，高調
Rainning4545: 自己不把合約看清楚== 我租的時候就先把那些不理賠
Rainning4545: 的事項先看清楚，我朋友說要幫我開我都直接拒絕
wang460313: 沒保險就是有風險 雖然希望用不到
akiue: 沒什麼好說的，就是照契約走，保險公司能不賠就不賠
akiue: 。
wang460313: 簽約就是這樣 搞不清楚的話 要自己負責
nbarepeat: 眼鏡妹感覺不錯
sammy98: 別付錢 上法院談折舊 與主張無過失責任
corner0111: 誰租的就誰開  這是常識吧
scottie5138: 給別人開，自己理虧，不過應該是要跟對方求償而不
scottie5138: 是把承租人當羊宰
siang820420: 你上面寫如需退款 但你違反合約 非本人駕駛 和運 就
javator: 你是不是中文不好，也不詳看
good5755: 現在問題在肇事車主不賠錢吧 告他啊
siang820420: 不需要退款啊  雖然我也支持自己買車，租車有很多
siang820420: 不方便，但以你的例子，和運完美沒毛病，也沒什麼吃
siang820420: 相難看的問題
ahlolha: 違反租約沒錯 但他們也用誤導的話術先把錢弄到手
javator: 租車公司根本不需代位求償
soqqcat: 太平站專員整個狀況外，一再被總公司打臉，最後爛攤
soqqcat: 由另一位專員向你說明。
javator: 責任很清楚，對你有賠償責任的是對造
JilsanderX: 我看以後還是搭計程車好 租車省沒幾毛
javator: 你損壞租車公司的財產，本來就要賠償
javator: 至於你們肇責比例，跟租車公司無關
javator: 你換位思考就知道，事情很簡單
javator: 找幾個律師都一樣，還可能更慘
snac: 你租車給別人開???
javator: 你整個駕駛行為都是違反合約，不追究已經很好
d8613518: 上面有寫「如需退款」，按保險及租賃契約這種狀況是
d8613518: 不用退款
fan0226: 感覺他是開車的吧
javator: 而且承租人會喪失會員資格，你們真的蠢
tvbic: 非承租人駕駛就GG了啦
rinatwo: 違約就違約 罵人蠢是有公然侮辱的嫌疑喔
Sean0428: 初判僅供參考非保險 訴訟依據
bruce2725: 以前發生過類似的事所以打死不再租車了，就算好好開
mars1396: 自己合約沒看清楚，以後搭計程車好嗎
bruce2725: 車零肇責也是虧到爆，光付營損就賠死，而且我也不是
javator: 商業合約清清楚楚，以後做事誠實點
bruce2725: A租B開
aganhog: 感覺就是菜的以為需要賠你就給承諾
rinatwo: 科技少東罵仲介「蠢」 遭訴公然侮辱
mimchu: 就違約啊
aganhog: 結果流程到主管那裡就被擋下來了
sinohara: 盒汰有很多方法搞你
skizard: “如需”，可以不賠啦...又不是寫照肇事責任比例退
skizard: 款
qwe24: 怕的是對肇提折舊，而和運不讓步，差額變你自己承
qwe24: 擔
blademaster: 有夠噁心
bruce2725: 反正就是出事你先賠錢給我和運，剩下全部都你家的事
bruce2725: ，這樣的服務試過一次後就怕了
s952699: 樓上在講什麼？他自己嚴重違約在先，現在怪和運說
s952699: 不過去吧
d8613518: 和運有推出安心保，出事免自負免賠營業損失，我每
vespar: 其實irent就是這樣 租車人=駕駛人 其他人開都不行
d8613518: 次租都加保，省麻煩
vespar: 但門市租車我記得可以約定駕駛人 所以這就是irent的
vespar: 風險 祝好運
charleslonge: 推心得 還是自己買車比較好
charleslonge: 台灣租車真的很危險
s952699: 我記得app裡跟駕駛座遮陽版上都有寫，如果駕駛人非
s952699: 承租人是會被撤銷會員資格的，原po他自己裝沒看到
HeartBreaker: 當初的專員沒搞清楚的確是他的錯，不過和運這邊看
HeartBreaker: 來沒什麼問題..
chanceiam: 現場有講清楚也要記得合約寫備註
callling: 國外租真的會問幾個人駕駛.同樣租賃期間.不限定駕駛
callling: 不知道保費貴多少。10萬都能買一台中古車了
tarjan33167: 台灣租車公司都是這樣玩的 幫QQ
yuikhf: 借串問 如果今天是原po自行開車的話 是不是如果沒肇
yuikhf: 責的話 基本上就可以把一開始的兩萬多元拿回來呀？
banbanfly: 安心保其實不貴，不買我不敢租。不過安心保遇到非本
banbanfly: 人駕駛應該也是無解
wubai32: 夭壽 還是買車好
neilkcin: 說話不算話的不是你嗎?
Amushlalala: 你違約給朋友開 保險方面不管自用或租賃車都要追償
Amushlalala: 除非自己或租車業者有附免追償
qqaatw: 太平站專員的確是菜，但以合約來看和運公司這樣做完
qqaatw: 全沒問題。限定駕駛不只國內，國外也是一樣，遵守合
k86083: 合約別不當一回事阿 簽下去前看一下吧
qqaatw: 約本來就是第一要務，違約在先沒什麼好說（你自己也
qqaatw: 知道違約）
tokeep: 租車合約沒看就簽？是有閱讀障礙嗎
CmDawn: 說不定是用女生的名字租男生開，又或是男生租給女生
Amushlalala: 不然你18號的契約承諾是給符合契約的人
CmDawn: 看看看
lions402: 你都違約了和運這樣沒錯啊
orange0319: 和運這種說會歸還，但扣錢，這方式真的蠻黑的，逼你
orange0319: 自己去和肇事駕駛求償，然後和運不必做事只收錢？
kgkg0057: 新手上路 沒撞傷人或撞x人  10萬元以下能解決 以長
kgkg0057: 遠回頭看事小  重點很有膽敢租車借他人開 就是怕出
orange0319: 但是你違約真的理虧，乖乖和肇事駕駛打民事吧
kgkg0057: 事 責任難了...
Amushlalala: 你違約保險本來就不承擔非契約者 要肇事者(你朋友)
gg1259789: 和運這樣是不是不太好啊
Amushlalala: 跟貨車追償
fxfxgxgx: 自己違約在先
Wkkj: 自己白癡給別人開的 怪誰
kgkg0057: 請你跟對肇（剛好只保強制）談理賠  這下又有的走
kgkg0057: 了...
e1bmwe1: 突然覺得我養2台車，保費×2也不貴
pttabs: 這就是為什麼許多人出了事會賴皮的原因，因為不付錢
curlymonkey: 感謝分享 以後和運黑名單
pttabs: 的最大
jacky920112: 這時候有個記者朋友就很好辦事了
pttabs: 上法院法官還會幫你判折舊
jansan: 不如買車 不過這家這樣搞太扯
dream1517: 感謝分享，希望原po處理一切順利
fhsh115: 學費好貴
a901922001: 不是阿 你開車非承租人 還講這麼多幹麻
loster: 和運拿到錢就閃了 剩下的自己想辦法
louisxxiii: QQ 謝謝分享 身邊不少人都有租車經驗
loster: 車子是和運的  和運不用協助跟對方談嗎？ 全都丟給
loster: 承租人？
demonik: 開車的自己租車很難嗎？
rengoku: 台灣的租車業者就是這樣
Litfal: 慫恿買車的是不是搞錯什麼，買不買車還是看用量決定
Litfal: 啦，就算vios新車落地也不只10萬
johnny010111: 以後不租irent了 好恐怖啊
dk611216: 所以說為什麼要違約呢？簽名前看清楚很難？
Yench: 租車超貴 開過一次後就不想租了
nickioi: 違約保險本來就不用理賠吧
za1038: 以後還是買車好了
MalcolmX: 看成irene車禍
za1038: 這種扯到租賃的到後面要嘛一直吵要嘛硬吞 畢竟車也
za1038: 不是自己的不好說話…
deer1305: 一般租車公司也是這樣啦 你幾個人開車就是印幾張駕
deer1305: 照
CmDawn: 你都說車子是別人的，你把別人的東西用壞還怪別人不
CmDawn: 幫你？
whitelin311: 租車公司前後說法不一不厚道
victorfm: 承租人跟駕駛的不一樣。出事就是會這樣
mepe1018: 一般自己的車的保險都是交給保險公司去談，所以租車
mepe1018: 的保險公司是都不管，對方肇責也不幫忙去要理賠？
mepe1018: 但是會急著跟租車人要理賠～～以後別租車～麻煩
Arashi0731: 都出社會了，合約要看清楚啊
a08155556: 沒辦法合約就這樣寫，幫QQ
mathrew: 真麻煩，還是買車好了
bingchuan: 日本租車好像就沒這麼麻煩
cutehale: 一般這種車險沒特別限定，不是對車不對人的嗎? 都零
cutehale: 肇責了，還要自己出錢?
cutehale: 這合約真的是鳥不垃圾，還限定承租人開車什麼鬼呀
stormcrow: 合約就寫了 還沒特別限定？
mepe1018: 但是保險通常有限定駕駛，跟非限定駕駛，保費有差，
mepe1018: 所以如果當初租車公司有說明，那就是你們自己違約
tyc1126: 幫高調
cutehale: 以後要開車的都列駕照吧, 我記得日本租車也是這樣
ronald279: 怕
cutehale: 看好合約，因為跟自己的車買車險不同
berryc: 自己違約,這不能怪和運吧? 人家照合約走怎麼了
wrc0903: 板上還一直吹租車，笑死
mepe1018: 在日本租車也是，會問你誰要開，然後影印駕照，然後
mepe1018: 再加價買零肇責安心險
sojay: 租車公司自己都有保險
batgo: 不上爆料公社嗎？
HS316229: 租車給別人開出事了 你違約還要幫你談後續賠償?
SUZUKI5566: 感謝分享，原來不同駕駛是違約的啊
SUZUKI5566: 租車不能輪流開
kkmark: 合約看清楚吧。
HS316229: 這只能說窗口溝通有問題 但處理這樣是沒錯啊
poiuy210: 一張初判表又代表什麼...
volcom: 你一開始就輸了
kevinkeynes: 違約在先沒什麼好說的，當上課嘍，花十萬搞一台豐
kevinkeynes: 田真的很不甘心吧
jason401310: 你那張不算證據，因為你違約在先，那張紙根本就不該
jason401310: 出現，上法院了根本就站不住腳，不然你幹嘛來公審？
boardsee: 很好  打消跟這家以後的租車念頭了  謝謝
afflic: 唉 租車就是這樣
afflic: 沒出事沒事，出事了就很麻煩
afflic: 所以我irent都保全險
afflic: 一天500而已不要因小失大
caeasonfb: 還好你沒租skoda
bgp895405: 違約真的沒什麼好講的...立場站不住
aowen: 你違約 保險公司不賠 自己吞合理啦
MotleyCrue: 違約在先 和運也是按規定啊
MotleyCrue: 啊不然合約是簽來幹嘛的
chocopie: 看完後，我的想法是你可以上法院民事訴訟，但你輸的
chocopie: 機率趨近100%
ohfly: 不太會開車的人別租車 一旦出事比買二手爛車還慘
chocopie: 建議你跟小貨車方要求賠償
Windcws9Z: 所以..你為什摸不自己租車？
wantin1122: 違約在先無解
ckck0823: 10萬都能買一台二手車了
starwishsun: 你一開始就違反規定，員工口誤，結案
HS316229: 車商才衰吧 你違約撞了拿不到保險 還要幫你談賠償?
PaoWann: 好噁 幹
ohfly: 板上有要租車的版友 PTT有賣車的carshop版
oocooc: 0肇責還要賠10萬....
oocooc: 以後誰在說租車好就把這篇貼出來
ohfly: 我剛隨便逛就有人賣一台5萬塊的中古車 代步好工具
Dracarys: 哭哭
chingyun8245: 要換人開，最好直接去店面租啊
aowen: 不要一直“我們” 你就是開了一台別人租的車去撞了
chingyun8245: 可以直接登記到4個人
aowen: …
Dora0926: 車商不是要他賠 是要他去跟對方求償吧
chingyun8245: 尤其你又開長距離，沒必要租irent
PaoWann: 違約是早就知道的事 然後還講沒肇責可以全額退?
chingyun8245: 我以為租車要清楚承租人，被保險人有多少是常識了
T19871124: 遊戲規則就訂在那邊
T19871124: 承租人與駕駛不同人
leongt: 和運也沒多好，都被捧高的
oldzen: 違約在先有什麼好上來討拍的
BIGGGY: 自己違規還討拍
shangclock: 原po在意的是一開始他們就有表示他們違約給處理人員
shangclock: 知道。但處理人員給他們的文件還是寫無肇責可退款，
choulink: 除非租車可以把額外的駕駛者加進去保險，不然你這個
shangclock: 卻後卻出爾反爾，如果他們確實是規定不論是否有肇責
choulink: 真的很難拿回來。
shangclock: ，違約就不能退款，那就是人員教育訓練不足。
choulink: 不是租車不好，只是iRent太方便拿到車，大家都skip
choulink: 合約內容
PF30: 想一想應該是和運跟你要錢的樣子不太好，亂說到時候
choulink: 而一直糾結專員跟你說無肇責可以拿回來根本沒什麼用
choulink: 。再花個六萬請律師去打官司阿
PF30: 會退，但實務上你就違約在先，可以直接請你全額賠
AirCondition: 違約在先真的沒什麼好說的
ber777: 就是抓到部分專員沒搞清狀況傳達錯誤資訊的小辮子
ber777: 來討拍
aowen: 專員唬爛嘴但也沒A錢 你本來就該出的 告他也沒什麼
aowen: 屁用
kurll: 租車公司有一部分是靠賺原po這種人的錢來賺的，正
refgdata: 幹嘛不自己開
kurll: 常租車賺不到錢的.....
choulink: 樓上的大大觀念完全正確。
choulink: 和運的流程和退款都沒有問題。前提是駕駛者必須是承
choulink: 租人，並且無肇責可以全額退款！！！你只能怪專員訓
choulink: 練不足
justinxue: 不就太平搞不清楚覺得違約不用全賠 總公司說要全賠
justinxue: 你可以去噴他們教育訓練不足
s891050: 違約還討拍，和運才覺得衰吧！
mmppeegg: 這篇我偏要推
mmppeegg: 各位幫高調
justinxue: 好笑的是太平的主管也簽核上去
ftwing: 10萬可以買很多不錯的老車
s891050: 對於你們這種沒誠信的違約者，他不先跟你拿錢，誰知
s891050: 道到時候你會不會耍賴擺爛不繳？
gwjhs112: 就算沒說可以退回，你還是得付清那十萬，合約上有
gwjhs112: 寫駕駛必須是承租人…所以也沒什麼好心裡不平衡
Ian60: 就算你沒有先賠給和運，到時候他也是跟駕駛人求償，
Ian60: 早付晚付而已，畢竟非承租人開車保險沒有啟動。
vul3qup3: 就你要跟對方求償阿
waverson: 三寶乖乖搭計程車很難嗎？
rainbow321: 買二手車比較划算
davide68: 恐怖...
niny16845: 慘
issuxark: 寶寶寶
a053473348: 違約
TDKnight: 也不是irent黑 是駕駛人非租車人 又剛好出事..
inconspicous: 會這樣就是因為違約吧，保險不能理賠
dika: 慘慘，不過當下可以先不賠給和運嗎？
dika: 等打官司之後再來賠償
e1bmwe1: 有人再說新車折舊，阿你租車都租全新車嗎？
s80454: 吃相哪有難看？就違約啊
inconspicous: 不然最高只有一萬元
Aquatics: 這件事來說，和運沒錯喔
pinson880207: 就違約還和運黑哦 當人家租車公司開慈善機構？
s1023: 為啥租車時車子本身沒保險
PttBladder: 現在的合約對消費者根本不合理 我出遠門很累 換手
PttBladder: 開都不行 和雲為了保障消費者應該修改談的保險合約
PttBladder:  然後放寬使用 為了這個 我氣到再也不用 直接買了
PttBladder: 一台CRV
wen7733: 樓上你去門市租就不是限定單一駕駛了啊
wen7733: 羊毛出在羊身上，irent便宜就是東砍西砍省下來的
inconspicous: 多人駕駛要加錢啊，很多人就貪小便宜
deer1305: 某些人真佛心呢 我就問一句 你敢不敢借車給朋友的
suntex01: 這單灌很大，12,14,15,16,25,26很可能根本不用換。
deer1305:
deer1305: 朋友
suntex01: 前避震器還敲兩次錢。你去告他們詐欺。
suntex01: 16,25有重覆了
suntex01: 1,2,15也應該是有重覆
suntex01: 這水單根本亂來
suntex01: 報價單亂開不知道算不算違約
N48212: 下次租車記得看合約內容
PttBladder: 我們汐止就鄉下地方 人家不來設店面 只肯在我家後
PttBladder: 面放irent
darvish072: 違約違約違約
sm981512: 和運不錯啊 不用特別黑他 遇到小間的你會更慘
taiwaneye: 「如需」退款…違約在先，結案
sammy98: 有人知道違約這件事 在民法中其實可以推翻嗎
sammy98: 這麼愛簽約以為有保障
ludoren: 租車合約就放在那邊,而且明明消費者也是簽名同意,
ludoren: 等到出事才在嫌合約不合理,放irent本來就省成本
aaboutt: 上面有人講到重點阿，肇事主可以告修車單內容不合理
aaboutt: 而不是吵該不該付這一筆修車費
aaboutt: 你可以因為修車費用不合理要求說明後再繳款
aaboutt: 而不是說自己違約了而不想付修車費
Aixtron: 還有人嗆我，呵，這不吞下去，難道不用請律師？律師
Aixtron: 費五六萬，但是就是不爽啊，不然這邊寫，不但要不回
Aixtron: 來，萬一被告，還不是要出律師費，我教正途，嗆我的
Aixtron: 也說不出所以然，很好要，說得很容易XD
canyou2012: 記者朋友應該也沒用 違約的話
lavign: 肇事方賠原po > 原po賠和運
aaboutt: 違約先輸一半了啦。其他的講什麼都已經先輸一半了
goodsnk: 修10萬很正常拉
Aixtron: 買車？你全世界都買一台？日本租車只有豐田仍有自付
Aixtron: 額，我不得已不會租，一定要加心安險！車沒啥，撞到
Aixtron: 人賠一輩子，德國沒駕照沒得談，我有一次忘記帶，那
candy9999: 白紙黑字～你早輸一半了
Aixtron: 位巴伐利亞的金髮小姐臉有多臭，我只是說忘了再回去
Aixtron: 拿，沒盧喔，她就當我是低等民族！台灣算很好的，我
Aixtron: 國外按時按規定還車，結果扣我幾百歐，好險我有拿旅
Aixtron: 館的報紙照相才退我，國外都刷信用卡的，還不是叫你
PaulOneil1: 違約就認命吧
Aixtron: 去繳錢的
canyou2012: 和運退10萬給你，那他找誰要，保險限定駕駛
almostreal: 這…和運要穩賺就對了…
WWIII: 租車公司真的靠 車禍賺錢的
AustinRivers: 怕
sammy98: 營業損失 維修工資外 維修零件需折價 無法實拿10萬
t20000911: 依比例退回是在保險公司代位求償的情況下才適用 專
t20000911: 員講錯可以去客訴他 但你違約在先保險公司就不負責
t20000911: 了 這筆錢本來就是你要自己討
sammy98: 以後開租車行20年老車 原廠維修100萬 叫你全吞？
nottodo: 老子有錢 爽違約就違約 幾十萬賠不起嗎
sammy98: 修車修100年 營業損失都要你全吞？
Aixtron: 十萬和律師費五萬比較，勞力時間費用何解，學法律的
Aixtron: 不能只是隨口講講簡單，害死別人
baseballman: 噁心和運
Aixtron: 推文要小心，不要公親變事主XD
rapkin: 和運根本就不想去跟肇責方盧小小，沒那麼笨
Busufu: 只能說你們太誠實 誠實就是代價
busstops: 不是承租者開這合約一開始有寫，和運就會緊咬這點..
busstops: .
giunrz: 駕駛非承租人這點真的麻煩
IdleLife: 現在違約可以講的如此理直氣壯了喔?
inconspicous: 本來租車就會限定駕駛啊，是每個人都不當一回事
inconspicous: 然後說成是故意搞消費者
inconspicous: 不過原oo也算誠實啦，有把這件事講出來
garyboy1111: 所以當初那個專員跟你講實話你就不繳錢了嗎？你違約
garyboy1111: 在先，和運怎麼都站得住腳
Mimicker1123: 合約都寫的很清楚了
smmaot: 前面套你會還你錢 後來想想可以硬拗
yesyesyesyes: 不要違約拉，上法院真的站不住腳
lizardc1: 看了真舒壓 完全不值得同情
toshiba5566: 誰承租，誰開車，誰有保障
mikebbb: 買車實際 +1  一台二手車兩台摩多車價錢就有
godchildtw: 租車最賺的就是租車人車禍，租車公司就希望你車禍
WWIII: 太誠實了吧 傻傻
rainsilver: 到底是為什麼不開車的人租？
doublecross: 看能不能打審閱期吧
oplk: 太平站的主管竟然會簽核違約......神奇
lions402: 你Irent租車的時候第一條就寫承租人開呀
muya318: 原po的確違約在先了 但我認為原po會A租B開可能是
muya318: A的帳戶有優惠時數B沒有 但B平時就是主要開車的人
zuihao: 不經一事 不長一智 花錢消災自己吞下去吧
Arsenalhenry: 違約了啦沒救
daniellin435: 沒保險又違約沒得談
non158: 專員唬爛有錯 你違反條約在先 公司當然是跟你求償
non158: 你去跟對方求償
k6114520: 好慘
speed364: 違約你就只能挨打
kylehsu: 為什麼不駕駛本人租車？再賭嘛！亦或是文盲便宜行
kylehsu: 事的下場  吃下去吧當經驗嚕 下次不要這樣了
s854273: 蠻誇張的
shinydays: 之前租車也都會提醒駕駛人的問題，不管是和運或格上
shinydays: ，自己違約在先，真的沒什麼好扯的了，頂多抓著那
shinydays: 個比較菜的專員的語病說可以退款去吵而已，但是我想
shinydays: 效果不大，先檢討自己為什麼開車跟租車不同人吧
kylehsu: 我之前出差租irent晃晃時朋友想開我都說這樣保險會
kylehsu: 有問題只能我本人開！！！
chinick1478: 沒保險違約88
FormulAn21: 隨便買台2手車開都比較好
Jeff911: 就照合約走就是了,承辦專員說什麼根本不重要
twoboy: 十萬看清一間公司，謝謝
JHC24: 我去年4/23也撞過 被酒駕撞
JHC24: 自付額1萬 營業損失2萬2 但我無肇責
JHC24: 拖到今年1月才退款
JHC24: iRent 效率真的奇差 講的都不一樣
JHC24: 但你非承租人開車就吞了吧 快自己去求償
kutkin: 要保安心服務 $50/小時
kutkin: 雖然覺得很貴也只能吞
BnkJ: 違約在先 幫你高調也站不住腳 保重
finasoul: 寧可搞一台十萬二手車
ak77889: 營業車 折舊不用算喔
aa0968: 異地租車 最好先問有沒有車險在考慮
DudeFromMars: 因為違約所以不適用保險不是常識嗎？
GODLP: 如果我是你 我會直接報警告侵占或詐欺
GODLP: 一直在那跳針違約的 事主是沒付錢嗎?
lavign: 去美國租車輪流開都有加保
Syoshinsya: 開心，再找人開車呀~XD
keepaflash: 租車公司吃相夠難看 但你違約真沒話說
Cookieboy: 哈哈
LSND: 可憐吶
oasis172: 阿你就違約阿
keepaflash: 等同你要去跟小貨車駕駛談金額了
aa01081008tw: 違約沒什好講的吧.有些人這也要帶成公司無良的風向?
gino321: 違約在先真的是很慘
trickart: 我也租過，但你違約在先 經手的承辦口誤 以為你是
trickart: 承租人兼駕駛 這樣也要被你檢討說話不算話？
trickart: 因為違約所以不適用保險不是常識嗎？
Anikk: 開車人非承租人 這一點你就站不住腳
aa01081008tw: 現在就是在凹經手的第一時間的口頭回應啊..死抓著這
aa01081008tw: 點想扳回來...算了吧...
trickart: 法律上明確說話不算話的是你們好嗎?(把車交給非承
trickart: 租人開)
KSWang: 違約等於有證據的說話不算話 你理虧到爆了
nick910215: 不開租個毛啊
erre: 違約然後上來討拍，也是不容易啊
celelor: 自己去跟對方灰看要怎麼出吧 違約在先保險跟和運也
celelor: 幫不了你
nik351235: 給你拍拍 當上了一課以後租車開車的一定要寫在合約
rabbit80891: 鬼島商人都這樣噁心的 都無違規肇事責任 還不還錢
AlbertChang: 因小失大，下次記得不要違約
devin0329: 一二樓的建議好實用哦，可以買車唷
mc2834: 好恐怖…租個車而已…
WORLDKING56: 說實話你輸面很大
liveinhome: 自己違約在先，還想po上來討拍哦？想用鄉愿輿論來讓
liveinhome: 自己付少一點錢嗎？別笑死人了
machiner: 最便宜的租車原來是這樣玩客戶的
victorytim: iRent之前有看過一篇文章說保險有保跟沒保一樣
WORLDKING56: 說實話是你們自己違反了合約，和運確實可以不理你，
WORLDKING56: 小小專員說的話口說無憑，你們也沒錄音，真的要吵就
WORLDKING56: 是找那個專員，在法律上你們一定輸，不如專心去找那
WORLDKING56: 個司機打民事訴訟吧，十萬塊當作學費，下次不要再這
WORLDKING56: 樣，開車人一定要是承租人，否則保險不會賠的
NowQmmmmmmmm: 賠的都可以買二手車了
kutkin: 如果原po沒過失還要賠嗎 這是無法解答的問題
WORLDKING56: 原po就算零肇責，也應該是他去跟司機求償，和運的合
AddMe0815: 租車簽的契約就是只針對租賃者 ，如果有一人以上會
WORLDKING56: 約就是限定承租人，和泰要求償也是找原po，他是駕駛
AddMe0815: 開車要先問清楚
kutkin: 平常你自己借給朋友開 沒有免追償
kutkin: 也是出險 保險公司再找駕駛出
kutkin: 這條錢原po出的真的太乾脆
numbtch236: 所以自己買車實在
k7202001: 違約是？你開車 但租的是友人？
berryc: 要不要出險也是車主決定. 車主是和運
hatedmail: 沒差吧 當作沒保險 去跟肇責方 討錢就好了
hatedmail: iRent 只是不代償而已
berryc: 所以一開始就不該付錢啊, 讓iRent去法院告你
berryc: 錢都給了當然不可能退給你
rindesu: 其實，你應該知道自己違約理虧，才想po ptt吧
benedict76: 不修營業損失會不會賠更多天啊
klyuch: 哇 也太恐怖了吧
pjc202: 記得之前也有一篇車禍處理超麻煩的，基本上這家不碰
benedict76: 不過這撞成這樣維修費算合理吧！irent車齡都不久，
benedict76: 這個要換保桿，大燈，引擎蓋，葉子板，鋁圈都不太便
benedict76: 宜的東西。
REMEMBERYAU: 專員感覺是菜鳥....這案報上去一定打槍，違約在先
REMEMBERYAU: 怎麼代位求償，和運的法務部應該也不想理....
kutkin: RC開頭的還可以 之前租中正大學的RB開頭
kutkin: 9萬多公里
kutkin: https://i.imgur.com/TDRKSXF.jpg
kutkin: RD開頭的就要格外小心了
kutkin: 一點小擦傷都會吵
Tass: 租irent本來就要謹慎 沒有臨櫃辦理問題就會很多
erre: 支持原po讓這篇上新聞
jkokpcu: 營業損失很賤你損失收一筆違修又收一筆
jkokpcu: ㄧ般人車貨都沒收上班請無薪假損失了
REMEMBERYAU: 租錢就這樣呀，大多人少開想省錢就以租代買，只是
REMEMBERYAU: 台灣似乎沒像日本租車那種豪華險
mayshspace: 感謝，馬上解除安裝app
dawn5566: 什麼公司會要客戶先墊錢之後再退你？
dawn5566: 當然是拿到手就不管
fallen01: 感謝分享 以後租車會注意
fallen01: 現在你只能跟肇事者跑民事求償
kikidmore: 之前原本想租後來發現撞車很麻煩
kikidmore: 之前去沖繩朋友撞的比你嚴重 一毛都沒賠
kikidmore: 日本租車有一半費用都是保險
RPHero: 開車守規矩本來就應該，違約出麻煩就是你自找
venatici: 這種金錢的問題最好要以合約為準，專員的話沒有法
venatici: 律效力，所以只能怪自己經驗不足。
fatslave: 違約了 死好了
ssaamm810130: 違約 頂多把債權轉移給你
fallsvilla: 你還是可以跟對方求償吧 難道對方撞了違約租車的車
fallsvilla: 就沒有人會跟他求償？
ssaamm810130: 可以請和運把債權轉移給你
vicowin: 沒事真的不要違約…人家也有幫你保險了 只能說學到
vicowin: 一課
lkg168: 就算是門市人員有誤，合約上就是不行給別人開，違約
lkg168: 就吃下去吧，不用討拍
kevin955032: 你就違約在先了還要帶啥風向？
PETER8425: 非承租人開，違約這樣真的麻煩
Orisinal: 只有租車者才是被保險人 朋友/親戚/家人都是第三人
Orisinal: 保險才懶得鳥你 有任何問題自己糊牛屎
ctmhsl:  不懂為什麼簽約人不開車呢？！
nctuuser: 奇怪
rei410553: 撞這樣10萬 有夠猛
martinkyuu: 日本租車記得沒這什麼鳥規定
martinkyuu: 感覺就是和泰為了省保險費提高租車風險
martinkyuu: 明明自己就有保險公司了...
jaguarccu: 租車非租賃人駕駛，恭喜繳學費上社會課
niuniucat: 違約當然只能認賠，沒什麼好說的，就像自用車沒多
niuniucat: 花個幾十元保車體許可使用免追償，被發現非車主開
niuniucat: 的就絕不理賠
webberpopo: 理論上你零肇責這筆錢你只是代墊啦
webberpopo: 可能這種狀況對方專員也不是很清楚（也可能公司sop)
webberpopo: 我比較擔心撞你的是一台小貨車 對方可能很難拿十萬
webberpopo: 出來 你可能要討到吐血
pr9558: 這篇就勇者違約+幹嘛要先付錢 叫irent去法院告阿
wetor: 付這麼多錢= =還好我開自己的二手車
lao7796325: 為什麼原po自己違規 但是大家都罵和運？
facebookig: 你們違約在先，租車公司不是吃素的，租一次車等於五
facebookig: 分之一車價，真是不簡單。
polaroidd: 10萬都可以買一台二手車開了
gtyyxoxo: 我比較好奇如果一開始就不拿錢出來 和運會告嗎？
nacy204327: 看到這篇文 瞬間覺得買車好值得哦
kutkin: 我查判決 和運租車怎麼都查不到...
kutkin: 還是要用什麼關鍵字
kutkin: 和雲行動 幾乎整排都是支付命令
kutkin: https://i.imgur.com/k5u2lO2.jpg
kutkin: 他覺得你有欠錢 就直接發支付命令
kutkin: 如果你不付就把你黑單
kutkin: 這案子 是怎樣 身分證字號跟姓名還不同人
kutkin: 所以有人用假證件辦帳號嗎？
ghost3208: 有妹子你贏
razor99: 對造，非對肇
qwe875416: 比賓士修車還貴。 爛車。
Triumvir: 這就是為什麼一堆人還是想自己買車
fr373969: 吃定消費者
mp60707: 吃相真噁
jimmy12332: 笑死 這車要修10萬
alex57133: 吞下去吧 你站不住腳
leoleo747: 叫開的人租就沒問題
protoss666: 違約還想上來討拍
jamesweb3: 原po至今還是沒有說明為什麼不是本人開？
visrenee: 還創帳號去臉書黑irent，誰叫你要違約，療癒
fatslave: 笑死 還創假帳號 現在看被刪了
toper: 嘖嘖"
ptt,M.1592283904.A.104,https://www.ptt.cc/bbs/car/M.1592283904.A.104.html,car,Re: [問題] 車停路邊被iRent撞,aass5566 (挑戰國考第5年),Tue Jun 16 13:05:02 2020,,拍照、罰單,"ris擦撞 : 他撞到之後就離開了 : 也沒報案 / 留字條 : 我上車時發現擦撞痕跡 : 至交通分隊報案 : 紅線停車罰單我繳清了 : 事後至交通分隊調影像 : 對方有發現擦撞 : 他有下車查看 / 手機拍照 : --- : 事發已過15天 : 目前iRent與車主都還沒有主動與我聯繫 : 問警察 : 他說如果對方都不出面 :
---
.因為違停擋住視線之類的 mobilekon: 違停沒肇責？厲害 goodga: 前幾個月我就擦撞過停紅線的，對方只有吃罰單而已， goodga: 修車只能自己出險全責 goodga: 有人員傷亡才會追究 kazami: 被撞的被討營業損失？不","※ 引述《hereticjoe ((6))》之銘言：
: 事情是這樣的
: 我車停路邊紅線


違規停車 責任3-5成


: 被一台違規跨越雙黃線的iRent Yaris擦撞
: 他撞到之後就離開了
: 也沒報案 / 留字條
: 我上車時發現擦撞痕跡
: 至交通分隊報案
: 紅線停車罰單我繳清了
: 事後至交通分隊調影像
: 對方有發現擦撞
: 他有下車查看 / 手機拍照
: ---
: 事發已過15天
: 目前iRent與車主都還沒有主動與我聯繫
: 問警察
: 他說如果對方都不出面
: 我只能自己去告民事
: ---
: 請問：
: 1. 告民事的對象是對方駕駛人還是是租車公司？
: 2. 此行為是觸犯道路交通管理處罰條例第62條
: 汽車駕駛人駕駛汽車肇事，無人受傷或死亡而未依規定處置者，處新臺幣
: 一千元以上三千元以下罰鍰；逃逸者，並吊扣其駕駛執照一個月至三個月
: 。



這個年你要算一下告下去的時間成本啦～

還有你幾年車也要考慮一下...


提告的話

假設 5年車

工資 $4000

漆料 $6000

你告贏的話

 $10000*肇責70%= $7000


告贏的話

你去烤漆$10000

你自付$3000 對方賠$7000

而且整件事情要處理好幾個月

不見得划算","Horie: 工資拉高是關鍵。
d8613518: 漆料算零件？？似乎不是。另外零件折舊法五年以上
d8613518: 剩1/10
d8613518: 不過，1萬就能修好，提  真的不划算
dixieland999: 違停肇責3到5成? 租車公司反告營業損失你不就完了?
techih: irent應該都有第三責任險
YJM1106: 營業損失關樓主何事呢？
demo68: 營損哈哈...是跟irent肇事車主要吧
yao: 別忘了租車公司可能也要修車
yao: 營業損失只能跟租車人要？
goodga: 沒有人員傷亡，違停根本沒肇責，頂多被開紅單而已
dixieland999: 用違停有肇責來看的話，營業損失為什麼不能跟車主要
dixieland999: 不過除非違停轉角之類的，不然應該很難有肇責吧
shyshyan: 違停沒肇責？？？？
dixieland999: 要有因果關係吧...因為違停擋住視線之類的
mobilekon: 違停沒肇責？厲害
goodga: 前幾個月我就擦撞過停紅線的，對方只有吃罰單而已，
goodga: 修車只能自己出險全責
goodga: 有人員傷亡才會追究
kazami: 被撞的被討營業損失？不是應該找租車的人要嗎？
ohyatofu: 說反了吧，違停一定有肇事責任，開不開單是看當下處
ohyatofu: 理的員警。
bgflyer: 有肇責的案子也是有，不一定
goodga: 自己撞一次就知道惹
tsaiyt: 之前停紅線被擦撞出險，保險公司說我方有肇責欸？
tsaiyt: 但是沒被開單
ohyatofu: 樓樓上保險公司也太佛心了XD
berryc: 這種如果有丙式會賠嗎？雖然是車碰車但駕駛不在
snowfish104: g大你有車體險對方有責任險 同業講好違停不追償
goodga: 哦 感謝s大解惑，總之我現在看到違停能檢舉就檢舉
wavier: 營業損失一樣依照比例跟租車的人一起分啊。違停活該
loveapple33: 去驗傷啊，肇事後逃逸是公訴不是嗎？
ysmsy: 我老婆今年擦撞到路邊違停的對方有責任3成
paj: 沒人受傷那來公訴，法盲嗎？
sammy98: 掉出一堆騎勁戰
ckgodboy: 痾...有無肇責是看違停對事件發生有無關係
kylin123: 推樓上，無關係，靜止車輛沒肇事責任吧
martinkyuu: 前因後果，若沒違停不會擦撞
paj: 違停，靜止車輛無責，真是開眼了講笑話嗎？
cospergod: 結論:告推文的比較賺
hereticjoe: @martinkyuu 所以雙黃線違規迴轉合理？
ch02761018: 如果沒違停就不會撞到，標準錯都在別人的態度
rossichuang: 如果不”違”停在那邊，肇事者就不會撞到他，因為他
rossichuang: 不該出現在那。所以違停本就有責任，因為錯在先了。"
ptt,M.1588749757.A.55A,https://www.ptt.cc/bbs/car/M.1588749757.A.55A.html,car,[問題] 車麻吉和iRent可以同時用嗎?,jin92bbgpy (掉在地上),Wed May  6 15:22:35 2020,,還車,Rent和車麻吉是否可以同時使用呢? 先謝過大家 a0925846: irent已經跟車麻吉配合了不是嗎 只是不一定能還車 lizardc1: 問客服啊 lizardc1: 你不會打0800是不是啊？ ianshih: 兇兇 tiandt23,"因為車子送去維修
所以打算租iRent去洽公
但考慮行程偏趕
如果臨時找不到路邊停車位的話
想說乾脆停進停車場
會議結束後也可以火速開同台車殺回去
省去找車的時間
不過不知道iRent和車麻吉是否可以同時使用呢?

先謝過大家","a0925846: irent已經跟車麻吉配合了不是嗎 只是不一定能還車
lizardc1: 問客服啊
lizardc1: 你不會打0800是不是啊？
ianshih: 兇兇
tiandt23: irent已經有和車麻吉合作 不用下車就可以直接掃描車牌
tiandt23: 帳單會跟之後的irent租借費算一起
pentacleq: 請問要怎麼看有沒有合作的停車場
tiandt23: 要登進租車的畫面 才會直接顯示有合作的停車場 不過有
tiandt23: 時候我自己會問小編 他也可以幫解答 畢竟每次要停的地
tiandt23: 方可能會不同"
ptt,M.1587774005.A.2CF,https://www.ptt.cc/bbs/car/M.1587774005.A.2CF.html,car,[心得] 再也不租irent,currry (南港李國毅),Sat Apr 25 08:20:03 2020,,還車、拍照,"滿租 卻用滿租的錢來算營損 aot41147: 沒倒車雷達不會用眼睛或下車確認？ awdxabc295: 小傷不用報修 拍照就好了= = atlaswhz: 不講拉倒 samuelyen: irent自付額不是最高一萬嗎，而且這應該也不會讓自付
---
ent 然後把前後左右大燈都撞爛..才一萬 yytseng: 台灣租AVIS會這樣嗎? 在美國租過Hertz AVIS 還車沒看外觀 fawuor: 你會不會是倒車雷達沒開 沒開的話我記得他只會逼逼叫 快靠 fawuor: 近時候不會加速叫 A","小弟我昨天租一台vios

倒車時不知道為什麼倒車雷達沒叫

不小心擦撞到後旁的bmw

結果右後保桿損傷

去門市報價直接 嚇了一跳

和運真的很甘心呵呵


https://i.imgur.com/bJWd9hD.jpg



推文猜價格最接近者1000p

維修+營損+折扣=？


推 winner77: 12800                                                 04/25 10:15
登登登登 最接近者
因為手邊沒電腦三天內會轉給您

統一回一下

技術差我承認

太依靠倒車雷達我也承認

但是沒倒車雷達我一樣會開車

心得不就拿來打個人感受

還有人噓個版

真的好笑

Irent 很方便

有保險自負額最高1萬

業務很甘心 保修廠工單9999

還幫我減了999

營損幫我打七折 算三天

和運真的很甘心

真的再次感謝bmw車主

和運真的很甘心 但我不會再租irent

因為就像推文說的

沒錢還是騎車走路

我還是乖乖自己買車好了

謝謝大家囉


發生車或 當下報警 打給業務 做筆錄
去門市
業務要照片 我傳這張給他 他傳給車廠
車廠估9999 業務減999


請別再說多租兩天自己修
那樣違反契約的事情了



我再解釋一下
我沒有針對和運
只是我第一次租就這次
所以精確來說應該是以後不會再租車了

寧願走路搭公車



→ ssaamm810130: 原廠全新含烤工錢後保也才6000                      04/25 16:35
→ ssaamm810130: 是不是還有別的地方要修                            04/25 16:35
→ ssaamm810130: 這樣亂黑不太對吧                                  04/25 16:35

https://i.imgur.com/ZESBLEt.jpg

幫我看一下除了後保還有哪個地方嗎



1000p稅後已發

感謝大家

Irent真的方便 和運也很甘心

事故是我自己要負責的

但是我不會再租 （其他業者也一樣）

自己買比較划算","liujackkl: 5000
ninjahatoru: 保險桿超便宜吧 bmw的可能十倍起跳
Nolapu: 9999
iSmart: 8888，甘心價8000
Byzantin: 板上最愛說里程數不到xx租車比較好 看來租車真的很棒
HANAXALICE: 9500
OSLA: 說得好像跟其他租車公司租撞到不用錢..
wiston1419: 你自己開車撞到也要賠啊...
OSLA: 不想付錢你就多租兩天開去自己修呀
wiston1419: 那是因為你撞到的是bmw啊
cayalst: 雷達本來就只是輔助別怪他
wiston1419: 營損要談啊 爬文很多
charles1102: 不是應該有保乙式
knif: 8000
ninjahatoru: Bmw沒跟你要錢真的偷笑了
corner0111: 營業車不要拿自己修車觀點去看
check: 14800
adidasmlbnba: 維修三天的話 大概15K吧
lanslod: 6800
panex0845: 你是不是少了什麼沒講？之前我租和運的經驗是 即便撞到
panex0845: 後照鏡 只要還能用 和運也不會要你賠
depo: 20000
htcc0091: 送原廠修車+營業損失（租車天數），本來價格就是這樣
LexusNo1: 沒錢就不要開車。
pp099419: 2萬吧
caster5red: 以前朋友做租車的，都會揶揄說租車只能打平車貸，撞車
caster5red: 才是真的賺錢
Dorae5566: 標準沒內才還嫌家私醜
paulyang5054: 8999
st890512: 11000
jacky629: 15000
cka: 12000
cka: 多的錢是營業損失
panex0845: 你的仔細看和運的車 幾乎每台都有不同程度的刮傷 不嚴
eagerlydark: 應該是下雨天害的，以前開vios也遇過
panex0845: 重太會要客人賠 （如果上一個有賠暗理車子不會有刮傷）
panex0845: 所以我猜有可能是保險桿扣具有斷才要進廠換整支 索賠營
henrk: 維修7000+營損6000-折扣0=13000
panex0845: 損
zlunzlun: 這種小傷還回門市處理
domago: 沒看後面？倒車雷達有死角的
zlunzlun: 光營損就虧
skthree: 可以不要玩猜猜看遊戲嗎？
qa456: 租別間可能更慘
tajen26: 16800
one810222: 6000
tenly: 48000
huangboy31: 所以多少啊？
kukumalu0819: 撞車是你!規矩都定在那了，租其他小車行更慘
Cielo29: 17500吧 以和韻那個算法
SilverFocus: 要講就講，不講拉倒
hc23: 14800
ANDY2006: 包硬了個紅包是有多硬
pearlchendav: 27999
zlunzlun: 這種小傷多租一天 去外廠處理 都比回門市好太多
G773: 你知道這種兩顆式的倒車雷達有死角嗎？
panex0845: 我經常租和運的車 和運已經算很公道的了 也沒在跟你玩
panex0845: 內裝刮傷這套 不然去租路邊車行的車看看 保證不同體驗
fbiciamib123: 3萬2
acesslai: 5500
relaxcloud: 至少有一套標準流程
MunezSu: irent最高1 萬，營業損失甚V是不是1天2000。 我想一萬出
MunezSu: 頭而已，如果是自己的新車我一定連保桿素材都換掉，你是
MunezSu: 不是想說隨便局部烤就好了？
G773: 幾個月前有案例，不貴，才一萬五左右。
sunny1234: 技術不好就不要牽拖倒車雷達
alex01: 大概7000左右吧
alex01: 倒車請看鏡子
rick6304: 倒車雷達就雞肋阿 要用就是顯影 不然就多練 雷達最沒用
MagicNos: 認真說，沒倒車雷達就不會開的話，少開車吧
ssabjm: 2萬7
haidai: 技術不好牽拖雷達，以前沒雷達租車也沒撞過
KoiKaze: 17800
haidai: 租過三噸半也沒雷達我也不會撞
yesmotel: 所以到底多少
Blackpepper: 話說和運都沒有全險之類的配套嗎
k300plus: 撞車還理直氣壯耶 台灣鯛
t89200670: bmw沒收你錢，你算賺到了
onion27: irent 自付額最高不是就兩萬？
SethSpeak: 5000
mxr: 這種心態 也難怪你只能租車 還是租vios XD
Orisinal: 結果猜了一堆也沒說價格
RyanHou: 我租到的irent四個角都被撞的差不多了，這種傷租之前還懶
RyanHou: 得拍呢
yytseng: 沒保險嗎？去國外租車A到刮到好幾次都waive
cospergod: 繼續騎車吧
joelfish10: 雷達出去！ 現在
leona12: 之前好像吵過類似的 營損沒依出租率打折就是佔消費者便宜
limbicer: 7300
SaberMyWifi: 幹嘛租車，自己的車這種傷可以當沒看到不修啊，但租
SaberMyWifi: 的你一定要賠，所以我才不愛租車
leona12: 不是天天滿租 卻用滿租的錢來算營損
aot41147: 沒倒車雷達不會用眼睛或下車確認？
awdxabc295: 小傷不用報修 拍照就好了= =
atlaswhz: 不講拉倒
samuelyen: irent自付額不是最高一萬嗎，而且這應該也不會讓自付額
samuelyen: 付滿，我猜大概一萬二一萬三
swjlsc: 都是車子的錯 是車子撞的又不是你去撞的
dontpoonptt: 6999
lock0308: 9000
soulllful: 沒雷達就不會停車了....
OpenCard: 本來就不建議租車，出事會被當盤子。
Lenurage: 自付額最高一萬，營業損失另計嗎？
momococo123: 他會算營業損失啊，自己粗心大意
MKIU: 滾
alanwin: 營業損失加進去當然多吧！？
blessme: 15000
AirCondition: 又不用那麼兇嗆沒雷達就不會停車，這台車本來有雷
AirCondition: 達但失靈，跟本來就沒雷達不一樣，是信賴的問題
guteres: 我原始人，還沒用過倒車雷達
JobaShaw: https://imgur.com/a/IrGOUVg
Chengwow: 粗估27000
JobaShaw: 是不是沒開？
louie83279: 好啦看你要發錢我猜個數字好了，33000
TsaoJJ: 應該是倒車雷達被人關掉了吧
dinokao123: 是要講不講
herzaghi: 22500
campoland: 18700
d8613518: 車體自負額10000元，但這個應該不用1萬，連工帶料5000，
d8613518: 維修天數1-3天，現在雨天可能比較難乾，算三天，每天租
jasonislin: 車技爛嫌賠償高  沒內材又嫌傢私歹 哈哈哈哈哈哈哈
d8613518: 金2500吧。這樣算來12500比較有可能
sorkayi: 可憐
bagamanslim: 技術差怪租車公司？
edwardtp: 賠償的上線是不是一萬？
bick790801: 33333
andbu558: 25700
jsherryo: 所以沒雷達就不會開車了嗎？
mydarkfight: 猜2萬
CmDawn: 可憐租車仔，怪東怪西就是不會怪自己
UGround: 之前某共牌原廠代步車本來就有的保桿損傷硬要坑誣賴我付
UGround: 錢幫他們修車，開價整支鈑烤6800；這次取個整數猜6000好
UGround: 了
a8971882: 21000
RPHero: 租啥爛車 技術更爛
humaisme: 以我龜毛的程度應該二十萬 我撞這樣一定是全車拆烤不然
humaisme: 有色差
Takeo: 太依賴倒車雷達了, 有次老婆把我倒車雷達關掉, 我停車時
Songla08: iRent:又一個三寶
Takeo: 也有注意到雷達怎麼都不叫，當下就特別小心了...
InsaneRabbit: 猜三小
jack1st2001: 2360
fortunia: irent 沒有行車紀錄器嗎？倒車雷達沒叫，這不能算車體問
fortunia: 題？租到有問題的車，撞到要算消費者的嗎？……我不知道
fortunia: 答案，隨便問問。
LnBeIsFgDn: 8000吧 直接查原廠報價7000
linto: 有些車型沒雷達 或是被關掉了上路前都要自己確認
deshuge1: 自己去撞車，還來討拍喔？
cchaha0603: 16800
gsade: 7400
cpm25: 到底賠多少
CIIIO: 28000
smisfun: 給你個建議，請對方調出該車的每月平均出租率紀錄，沒有
smisfun: 什麼修一天賠一天的
GGWP2014: 運氣不錯..bmw不用賠..
alphabat: 猜來猜去很無聊（又不是你個板），說出是多少討論才有意
kayak5566: 你是不是覺得租金那麼便宜為什麼修理那麼貴XD
alphabat: 義。
linto: 其實租車一堆自撞的損傷，但你是撞別人車 幫QQ
alphabat: 你也可以去告他們租給你有瑕疵的車造成事故
sintryhao: 9487
iwasycps: 兩萬？
garnettk: 66000
EggXBlueSky: 你撞到你就付錢 沒那個屁股就不要吃瀉藥
gazelle74: 開車不要完全相信雷達
legion87: 6000
blue1204: 沒那個咖稱愛吃瀉藥的典範
yenchem: 45455
lanevo9: 不知道倒車雷達也有盲點需要看後照鏡嗎？？第一次開車？
fightmagic: 所以到底賠多少
dreamcloud: 技術差就算了 租車有合約吧
station: 你撞到 怪租車行沒算佛心價給你？
lanevo9: 下次要不要怪沒裝倒車顯影害人撞到後車
amekopipi: 車板好嚴格，完全零容忍，對別人嚴格，對自己寬鬆，不
LastHuman: ………
amekopipi: 去支那太可惜
giunrz: 全部怪雷達就是沒自己是技術差的問題
nic3310: 公道價八萬八
winner77: 12800
huei252: 覺得不合理 你可以在把車租下來 拿去修啊
techih: 沒有2萬我覺得都是便宜，誰叫你不保險
moonmeteor: 12000
JC910: 拜託你別開車，連倒車都不會看
techih: 很多人去冰島開車被風沙刮傷被要求賠近10萬
hifrankya: 所以駕照怎麼來的？後照鏡要會看吧...
pinghg: 40000
bang59487: 9000
demonik: 沒倒車雷達就不會開車了？
ejej2020: 賠多少啊
qiryimvjp: 12000台幣
soulllful: 租車方唯一有瑕疵的大概就是倒車雷達有問題沒告知
soulllful: irent
atbhao05: 神鴨應該是2雷達盲點蠻多的雖然是補助但自己也要多注意
atbhao05: 租車就是等這種
atbhao05: 還好你是和泰大公司的 私人小承租公司沒再跟你客氣的
Adven98: 看了半天到底多少
Lexus: 台灣租車就是在賭你會出事啊 一天才收你一兩千要賺啥 日本.
Lexus: 美國租車有保障多了 不過現在台灣也有第三方租車險就是
s425247: 15000
dodobaho: 價格合不合理是重點的話，猜屁？
nicoleshen: 有種別講阿，根本沒人想知道你賠多少錢，干我屁事
zacbazooka: 這光換差不多要六千左右吧？加上營業損失我猜一萬？
xdctjh: …
zerobx: 20萬
aal: 80萬
howardcksh19: 我的audi後保桿被三寶撞，換掉6萬 給您參考
aal: 低於60萬都佛心
tsao1211: 是要猜多久
maplebreath: 我猜13800吧
moto000: 租車沒比較便宜
mp60707: 租過一台雷達也沒叫
mrnegativetw: 8888
dayawin: 22000
lancelot123: 純換保桿6000左右，含營損就貴了，Vios一天定價2200
lancelot123: ，算修3天就6600，我猜總價12600
a901922001: 一萬 不是有限額車損險
ColdLander: 128000
geige: 開車技術真的差就承認就好跟租什麼車沒關係
spencer2567: 8000
followaymis: 有雷達還是要自己看吧？想討拍？
lauce001: 合約不是都有寫 自己的問題吧 還能發文哭哭 呵呵
aftermathx: 三寶哭哭喔
xinghh: 不會開車就乖乖用走的啦！
xinghh: 沒錢開啥車？！
parislove3: 單方面說法
superox: 48000
SethSpeak: 11000
steeldie: 15800
rogerboy: 租賃車是不是故意都沒雷達跟顯影..
alcard22: Vios只有兩顆雷達，你巴庫角度可能剛好是在死角
SUZIKU: 沒倒車雷達就不會倒車了？
alcard22: 不過如前面板友說的，我的阿抖四顆雷達我還是會看清楚
alcard22: 再巴庫，你這個當作自己繳學費吧
qqwweerrqq: 多少啦 討拍也要拖是怎樣
s0011121: irent 方便阿
s0011121: 沒錢還是騎機車好
benben994: 猜三小不會直接講
qqwweerrqq: irent這個不會跟你收吧
MK47: 可悲二輪仔 XDDDD
SakuraHana: 自己不小心還怪人
kprc: 一堆87推文是怎樣，不能租便宜的？
xd4664: 自己技術不好還怪沒雷達...
kktt254: zzz
xheath: 1000p很了不起？ 多少合不合理就講一講
xheath: 在那邊猜 猜3洨
ali810622: 還會要修車營損ㄅ
takaoila: 以前沒倒車雷達的時代，人們都不用開車上路
aPieceOfCake: 自己撞到還怪倒車雷達，都別人的錯
abc123por: Zzz
gjcl6: 答案勒
haha0805: 你在那邊不合理，都不說賠多少，我他媽哪知道合不合理
tentaikanso: 倒車雷達只是輔助之一，你還有後照鏡好嗎
saitou68201: 你當這裡是你個板還是八卦板?
OGTing: 14000
TFBF: 喔
guc: 沒有81000，就太不公道了
cvsd04957: 和運閣上這種大間的還是比小家的好多了 至少還會顧商譽
cvsd04957:  自己撞到就摸摸鼻子認賠吧
Luther: 3000
fastaim: errrr...
visquel: 發私人文即可，和運認真起來可吉你損害名譽罪？？
FIFI8488: 自己買罐粗蠟推掉就好啦
xoo132: 15000，謝謝
Aziz: 撞成這樣挺可憐的 你還是走路吧
K30126: 不會開車就不要出來哭
alfi2016: 不會開車又裝逼~滾
PennyFinn: 11000
TCRComposite: po了又不說 煩不煩啊 沒錢就不要開啊
sky0301: 22000
aaagang: 5000+1200x2+0=7400 不過5000的成本大概才2500(給別人弄)
doubleyellow: 不會開車不要租車啦！沒錢還去租車
dmezspk: 紅的明顯
dmezspk: 25k內都算你賺到
twoboy: 30000
kissung: 11900
wake00005: BMW根本就沒事吧，你如果撞的是牛頭牌，又要多賠一條
wake00005: 給對方了
SaberMyWifi: 車不是每天都租得出去，但營隼一定當自己每天都租出
SaberMyWifi: 去租好租滿，租車真的顆顆
yun1019: 約38000  折後 35000
theurgy: IRENT的車都當沒裝倒車雷達比較保險
SaberMyWifi: 營損
nfsps: 講啊
Prof68: 10000-15000
g5637128: 沒倒車雷達就不會開車？
javator: 跟租車商無關吧，之前租格上、irent 都沒事
asgardgogo: 當你個板？
javator: 車不是你的，本來就要更小心
wxes30431: 三萬五
javator: 雷達也有死角，而且只是補助
cka: 幾乎每一家租車行  遇到車禍都會收營業損失啊
cka: 所以 租車其實沒有想像中的好
javator: 而且是營業用車，不是一般自用車
photoshark: 沒倒車雷達就不行了，嘖嘖
javator: 我後來覺得租金不划算，就直接買車
ssmm5566: 要講不要的
Mrlegend: 是要不要講
tzshian: 拜託你們這種技術不好的，就乖乖走路就好了。
cvsd04957: 我有聽過租Irent開到一半爆胎的或是引擎出事的 那個才
benny22719: 建議走路，拜託別害人
alex57133: 真的拜託你以後乖乖走路就好
cvsd04957: 是真的麻煩 不知道算誰的
cvsd04957: 至少BMW車主沒跟你收錢 不然他換保桿下去是你的好幾倍
cvsd04957: 多往好處想心情會比較開朗啦
TO3032063: 你可以舉證倒車雷達異常
eddyhsin: 算你衰 買台代步車也好
pooroo: 我知道正確答案是13000元整！嘻嘻
lin900117: 這不就你的問題嗎？你撞的你賠償不是很合理嗎？換間租
lin900117: 車公司你搞不好要賠更多。
xheath: 保桿全新3000租一天1200 結果你賠13000？
panex0845: 這點小傷9999 一定有什麼沒講
xheath: 開出去自己換整隻新的5000還有找
andyll2: 這樣就怕 你以後還是別開車了吧
tomap41017: 所以要怎樣？
xheath: 講什麼？開出去自己換保桿不就好了？
a152508: 營業損失真的要改  和運怎麼保證每天都租滿
sos70229: Vios只有兩顆雷達啊如果是旁邊兩個角本來就不會叫、上
sos70229: 次我也被vios撞到他也是說倒車雷達沒叫我真是服了三寶
loserman: https://i.imgur.com/shJjSBm.jpg
bubblehyuna: 你說你沒倒車雷達一樣會開車...可是開到撞到別人了..
spyget: 推BMW好心大哥
winnie55: 營損也沒算 而且技術也太差了吧
taco13: 老實說 有在租車就知道和運算公道
b642897: 撞到BMW不止1萬能處理 你還是騎車好了
javator: 你自己的車如果刮傷就知道
Arsen2017: 嗯
atlaswhz: 滾
Mryuan: 每個租車業不都這樣？要不要做過功課？
sharku: 才一萬多在崩潰啥
stfang925: 推
zasdee: 感謝心得分享
sm981512: 噗
NTHUKober: 噗ㄔ
wicer5566: 我BMW之前被人撞 一條10CM刮傷原廠報價三萬
G773: 所以和運也並非如一些嘴砲講的用100%出租率計算營損，算有
G773: 良心了
t340081231: 自己撞車還理直氣壯欸 台灣鯛
currry: 所以我說很運很甘心
wei09955104: 想討拍還要猜三小價格
kengi1112: 可憐哪
lizardc1: 我是不會依賴倒車雷達啦 自己要有點sense
romefee2: 倒車雷達沒開 開車前要檢察
arcross: 可憐哪
JayceYen: 23000
jacky0521: 可是我上次弄爆輪胎沒辦法補他也沒跟我收錢欸
edwardhsu: 我都租格上 閣下至上 都有倒車雷達
sawe53: 租車業都這樣
alexfishes: 原PO應該腿也蠻長的哦！大概是膝蓋頂到左邊下面的倒車
alexfishes: 雷達開關了，選我正解
check: 原po好心分享就不要噓這麼大力了吧
biggood20708: 買不如租(笑)
w05241030: 一個我租車撞到你們要全賠的嘴臉w你上車前怎麼不檢查
w05241030: ？
y123824343: 我怎麼記得irent有倒車雷達？
xm31mark: 之前A被刮到一咪咪也是七千多，原廠報價有點謎
Jimmy540i: 同意 我也絕對不買超跑
spursmanu: https://i.imgur.com/TJxNvNZ.jpg
spursmanu: 這我之前租和運撞的 14600 後來我都買安心險
spursmanu: 我這傷門市估9980 你那個估9999 我不太懂標準在哪==
eijikoki: 自己不會開車怪別人
gn01714718: 笑死
allen210: 雖然我一進來就看到價格 不過你嫌貴還要人猜是怎樣...
freshbox7: 技術差少牽拖租賃商
jaguarccu: 便宜啦，不然你去租外買的阿弟啊開的
jaguarccu: 肥羊不敲死你
jaguarccu: 日本租車都知道要買保險，台灣租不用？
currry: 有保險 然後自付額最高一萬
currry: 所以他開9999
e80276: 就有精算的腦民在那算養車多貴 租車就好
chungj: 日本租車超便宜的 反觀台灣
currry: 不包含營業損
e80276: 吃過一次 寧願買車也不租車 撞到至少是修自己的車
e80276: 現在租車都把營業損失加進去合理嗎 車每天都有人租？
currry: 所以再也不租了
currry: 營損有打7折
MK47: 笑死XDDDDD
IAXQ: 買台拖鞋來撞也不心疼
minrurl: 噓技術差的真的有在台灣租過車嗎？
minrurl: 租車真的開起來壓力山大，開自己的車反而不會
minrurl: 特別是台灣保險很不全
G773: https://bit.ly/355egij  格上應該也有類似的
G773: https://imgur.com/EhDaMV7
aljh: 格上有租車全險400的樣子，去年去花蓮租一台，感覺比較放心
yoyogods: 笑死
hihi29: 和運這種已經是租車業 比較公開透明的公司了
ken720331: 嗯....距離抓太近了吧..平常是開什麼車?
eric731: 有水看不太出來，但沒見底沒破損有機會不用賠的……
smart1989: 繳學費吧！自己技術爛就怪車
smart1989: 下次跌倒 是不是要把腳砍斷 哈哈哈哈
techih: 所以有保險不保，撞到才嫌維修貴，唉
currry: 就有保險一堆人在說我沒保險是在哈囉？？
DirkMavs: 這跟irent沒關係啊 不管跟誰租車 撞到都要賠
justblackJ: 感謝分享  也有在租irent  不用跟勁戰仔們認真
ppboy: 不合理的修車費用一直都是租賃業者賺錢的另一來源啊
justblackJ: 有時租一兩個小時也不會想保安心險 這價格蠻機歪的
spursmanu: 不過講真的和運至少有規矩在 比被阿弟仔威脅好
pokjg: 租別家公司就不會撞?
rinatwo: 買台中古車練練吧 車體險也不用買 第三人+超額一千萬
techih: 租車0自付額保險都是要另外付錢的 免費的就要付最低金額
rinatwo: 反正自己的車 小刮痕小凹痕不修也不會怎樣
rinatwo: 真的有用車需求 還是自己有台車比較實在
tbere2002: 喔喔
loveseawind: 我雷達也壞了 但就一排檔就知道
loveseawind: 但租車的確可能輕忽
timewaits: 我猜雷達沒開 我之前在台北租Altis 他雷達是要手動開
timewaits: 的..無言 以為是打到R檔就會有
timewaits: 不過通常小傷iRent 好像不會要你賠吧？我看很多車也是
timewaits: 有小擦傷 和運算寬鬆的了吧 私人的租車公司我還真不敢
driftingjong: 台灣目前我信AVIS 和IWS 其他都蠻坑的
timewaits: 租 不敲還好 一敲盤子就是要你死
zerobx: vios 1萬2 笑鼠人
chencjj: 你是閉眼開車嗎
gausong: 那你標題要不要改 這跟是irent或是其他家有關嗎 是不想
gausong: 租車吧
GyroZep: 租車公司就是仔細檢查它的漆面在賺錢的
femlro: 紅明顯。 我自己有車的人，說老實話我也不敢在台灣租車，
femlro: 日本沖繩大公司租車回廠後他們根本連看也不看，而且只要有
femlro: 保保險就沒問題，我都一定加保保險、海外租車的安心度屌虐
femlro: 台灣。
femlro: 台灣養一群肥豬立委諸公，除了每天上台用嘴放屁，然後亂灑
femlro: 幣，關稅講幾年了，燃料稅使用者付費講幾年了，什麼狗屁都
femlro: 做不到只會與民爭利，台灣買車租車的都很盤，原因就是因為
femlro: 一堆費用政府全都要收，卻什麼狗屁都做不好。
femlro: 在台灣1280坐uber還比較好，撞爛還是車禍你uber自己賠，光
pinson880207: 被你開到的車子很可憐 以後上路要跟我們說一下在哪
pinson880207: 出沒 離你遠一點
ssaamm810130: 後保桿9999？你要不要po估價單上來看看
ssaamm810130: 原廠全新含烤工錢後保也才6000
AbdulRauf: 幫原po補血，會租車的人，本來平常就少開車，技術加上
ssaamm810130: 是不是還有別的地方要修
AbdulRauf: 對車子不熟，變成更容易出意外，我看到irent的車都會
ssaamm810130: 這樣亂黑不太對吧
AbdulRauf: 離遠一點
shake1949: 到底多少啦
lancelot123: 12800吧，因為我猜12600沒中
Fathomeboy: 我第一次租車也是這樣，後來寧可買二手車
Fathomeboy: 目前二手開的很開心
Fathomeboy: 當買個經驗囉，對方求償的其實真的不多
mars1396: 搭計程車吧
benedict76: 自己的車迴轉距離或是雷達大概什麼位置會響都很清楚，
benedict76: 開別人車就是很怕這樣，不熟悉哪台車。畢竟雷達作用範
benedict76: 圍有限制
Lin1227: 叫uber吧
winner77: 就當上了一課吧 先謝謝了
f59952: 殺小
jordonmi: 可黏啊
ko2540023: 個案，技術問題。你要慶幸不是自己的車，剛好還有保險
ko2540023: ，對方的你不用出錢
LOVEMOON3427: 笑死 沒雷達就不會開 還惱羞LOL
asgardgogo: 嘻嘻 技術差又玻璃
DsLove710: 可憐哪
keigos: 去路邊車行就慘了
katzlee: 沒雷達就不會開車???
SiFox: 感謝分享經驗，我覺得iRent算公開透明了。
SiFox: 看推文，感覺多租個幾天去自己修，是最划算的方式。對嗎？
ssaamm810130: 後霧燈有破？ 營損是這樣收？ 不是一天990嗎
f21814: 不會開車就別牽拖
yytseng: 下次應該再租 irent 然後把前後左右大燈都撞爛..才一萬
yytseng: 台灣租AVIS會這樣嗎? 在美國租過Hertz AVIS 還車沒看外觀
fawuor: 你會不會是倒車雷達沒開 沒開的話我記得他只會逼逼叫 快靠
fawuor: 近時候不會加速叫
Azabulu: 技術差眼睛斜撞到還543 租別家修車錢也不會比較少
jiajiapurin: 直接講修理費多少很難？
protoss666: 每次租車都有傷啊 收錢到底有沒有去修理啊
protoss666: 所以是9999維修加營業損失嗎
leafer2911: 其實門市不一定要收營損，我猜還有別的原因
v3dys6f3a3j5: 真的別租  我有慘痛經驗  後來買車  覺得更划算
z71954011: 玻璃心
OuttaControl: 這標題超爛 你這種技術租哪間都一樣啦
goodboy26: 米漿的維修費 應該是irent 兩倍...
sorrow1437: 會不會收你營損+維修費後…沒送修再繼續租給別人…
spongeboyz: 大概自己關到雷達開關吧！很多人不知道開關長怎樣
spongeboyz: 租了十幾次都沒啥問題，技術還是有差吧！再來我上路會
spongeboyz: 確認所有電子設備正常狀況，還有開關有沒有開，看來你
spongeboyz: 應該很少開車，再來駕照學的都丟了，上路前要幹嘛都沒
spongeboyz: 確認，開出位置時就要知道了
albert071519: 租車本來就是這樣,沒什麼好抱怨的
a24621205: 不租就不租 不缺你這位
orangeyo: 這是標題殺人嗎...
orangeyo: 推錯 噓回來
KASIMQQ: 弄壞就該賠償 心不甘情不願的惱羞成怒？
cymtrex: 不會開車先講"
ptt,M.1587472332.A.D78,https://www.ptt.cc/bbs/car/M.1587472332.A.D78.html,car,[討論] 請問有人租過irent prius c嗎,godlike (愛瑪),Tue Apr 21 20:32:10 2020,,還車,以為我在開vios 然後隔音超級差 胎噪超級明顯 一點都感覺不到油電的安靜 反而比家裡的神a還吵 於是不到一小時就還車了 想問一下給人家租的pc跟海外是不同規嗎？ 還是被人家弄到快壞了 martinlin77: 隔音不好而已 Jaso,"最近看到irent 開放桃園路邊租還

看到一台pc 想說沒開過油電混合

馬上開app預約

結果一開發現 油電混合的車 引擎聲超大

不知道我還以為我在開vios

然後隔音超級差 胎噪超級明顯

一點都感覺不到油電的安靜 反而比家裡的神a還吵

於是不到一小時就還車了

想問一下給人家租的pc跟海外是不同規嗎？

還是被人家弄到快壞了","martinlin77: 隔音不好而已
Jasonchen415: 明明就很好開
Jasonchen415: 上星期租到一台不到10000公里的
Jasonchen415: 說真的跟Prius4 隔音沒差太多 引擎也沒一直發動
Jasonchen415: 你再生煞車用的好 電量就可以控制的比較好
Jasonchen415:  https://i.imgur.com/mNbynvT.jpg
Jasonchen415:  https://i.imgur.com/BwMTPAn.jpg
Jasonchen415:  https://i.imgur.com/VIDFV8A.jpg
k300plus: 樓上聽什麼協奏曲= = 我都聽蕭邦的夜曲
Jasonchen415: 隔音上高速一樣吵 高速穩定性的話PC輪胎換大一點能
Jasonchen415: 改善 不然130以後會稍微有點不穩 p4開到180都很穩
Jasonchen415: 說真的底盤根本不差吧 開過Polo fiesta 都沒太大差
Jasonchen415: 異 如果不要激烈殺灣的話 純高速根本差不多
Jasonchen415: 少聽歐車粉在那邊嘴
ccplayer: 看圖片好像在右駕的國家
wayne313: 開去機場...在五楊高上差點爬不上去林口...時速到不了90
tarjan33167: 阿就省油代步小車 其他什麼操控隔音就別強求了
francej: 油電的引擎有時候會需要運轉起來對電池充電
francej: 同樣情況下altis的引擎可能在怠速運轉 也就覺得altis
francej: 反而比較安靜  油電是為了省油 不是為了讓你聽不到引擎聲
tactual: 之前租了從台北到桃園，林口坡爬起來沒什麼力，動力跟換
tactual: 檔有點拖，大概過80公里噪音就很大了，不過就是圖個方便
tactual: 不能挑剔太多...
justAS: 至少剛性比一般小車好，有通過道路撞測的
netburst: 租過各種車 就這台 很爛 很吵 前檔太黑太窄 容易暈車
liujackkl: 可憐不會開這台車就嫌他
liujackkl: 你要是油門踩到底神A根本廢
liujackkl: 輪胎上185跟改個避震就是小鋼砲
liujackkl: 我兩台車都擁有過
MAYO1224: 這台真的超爛.....馬力破到不行...超車殘障
iristong: 這款是日規Aqua改良版…在日本有開過右駕…不難開…
Jasonchen415: 贊同樓樓上 不會開才會嫌爛
iristong: 有上過高速公路跟爬山路…很安靜有力…低於50是吃電…
iristong: 時速高於50以上才耗油…一直都開的很順…
Jasonchen415: 去日本開到170過 高速很穩啊
iristong: 推樓上…真的很平穩…
Aukid: 說五楊上不了90太唬爛了。prius c有定速，110開了都沒問題
iristong: 而且引擎不管是耗油或耗電都很安靜…尤其是吃電時根本不
iristong: 不覺得它有任何聲音…
iristong: 不過我是在日本租車公司租的…5年內新車…
lucky945: Toyota是不能批評的 你會被狂和粉出征
jason0330: 明明就很好開，我幾乎天天開
iristong: 台灣的租車公司保養就不得而知了…
jason0330: 而且PC就是Yaris等級的車，要求什麼隔音啦
chris668: 吃油時是有點噪音，聽不到的人真幸福。
orange7986: 蛤 小鋼砲？？？
jason0330: 只是吼，真的比國產的穩啊
fmtpeter: 敢踩也不會爬不了林口坡，我還怕太快，偶爾要放油門回充
fmtpeter: 欸
sorkayi: 不知道 我只覺得動力很弱 隔音本來就不強求了
GodOfGods: 還不錯，出國玩的機場交通新選擇
benedict76: 很大聲是沒電的時候要對電池充電所以很大聲，因為引擎
benedict76: 會直接到最佳輸出的轉速運轉充電才快，轉速大概1500轉
benedict76: 吧，當然比較吵
p5287058: 村上說過toyota的車和別的車相比就是安靜，這種隔音差
p5287058: 的toyota只能算是替原廠賺錢的電子辣雞產品吧  呵呵
benedict76: prius系列在日本就超便宜大概神a或是yaris等級，進口
benedict76: 後被抽稅才高價的
LexusNo1: 一堆沒開過油電的在嘴。
MacD89: pc的確很大聲啊 p4就還好 根本完全不是一個等級的車
MacD89: 要開p4才能真正體驗到油電的好處
MacD89: 不過電池沒電引擎運轉時油電會比純油新車大聲很多是真的
MacD89: 煞車時從遠處就輕踩一路滑過去不要急煞電池才能充多一點
MacD89: 才比較能避免低速時引擎還介入運轉
lausai: PC引擎啟動時真的大聲 但純電時也是真的安靜 隔音算普普
lausai: 本來在日本就是國民買菜車等級 不過當代步車也夠稱職就是
lausai: 至少油耗跟安全性還是很不錯的
Searle: pc跟p4價錢差那麼多 也能比?
xz870919: 隔音不要上高速都還不錯啊 動力是真的比較弱 引擎噪音也
xz870919: 偏大了點 但也沒那麼不堪 主要是小小台真的很好開
lauce001: pc比p4也太好笑，pc充其量就是小鴨等級的車
Apologize924: 這台就是好一點的yaris
nh2238: 明明就蠻安靜的啊 租過好幾次了
z85917131: pc市區靈活好開又省油！但說在山路好開別搞笑了很沒力
z85917131: 好嗎！騙人家沒開過pc?
z85917131: pc就是100%專門為了市區代步而誕生的車子
ROCAF: 歐洲市場就叫油電鴨
REMEMBERYAU: PC小小台很適合台北停車，安全性也肯定夠
wuliou: 老實說Vios我覺得開起來還比較爽...
wuliou: 車後視野悲劇 電一下就用完一直啟動
ShitHappens: 隔音沒法強求 PHV一樣爛
zx2767842: 可能是電池沒電了？我租都還好
hsudens: 真的切換引擎時聲音很大有嚇到，開一陣子就還好～
REMEMBERYAU: 跟MLB速差一樣，平時太安靜沒聲，引擎一動起來會感到
REMEMBERYAU: 更大聲，相比從頭吵到尾的耳朵就麻痺了
REMEMBERYAU: PC沒電或熱機時引擎發動是以1千多轉發動的
timewaits: 台中租過很多次 車都超新 還聞得到新車的味道 電量低
timewaits: 的時候引擎發動我會嚇到 但電很快就充回來了 隔音我覺
timewaits: 得可以接受 高速就還好 而且我覺得底盤真的不錯 蠻紮
timewaits: 實的 指向性也算準 過彎時不會有讓人不安的感覺 比國
timewaits: 產車好很多是真的 市區開真的很輕鬆 也很安靜 多用B檔
timewaits: 電很快就充回來了 EV Mode我覺得有點限制太多 踩深一點
timewaits: 就會被取消 整體內裝就小車水準 但都沒有異音 這點很
timewaits: 棒 可惜PC沒有低檔位 爬坡就要踩深一點
timewaits:  https://i.imgur.com/mcTlqYX.jpg
timewaits:  https://i.imgur.com/1Hvorq2.jpg
sawe53: 真的好開
hakukin: 隔音有點差是沒錯，但是市區走走停停蠻好開的啊，長下坡
hakukin: 用回充模式也很輕鬆
Gradi: 每週北桃往返都租  很好開啊  也沒多無力  隔音普通
a2581266: 就電量偏低了在用引擎發動加充電而已
peter921: 就隔音不好 只要引擎轉速較高 就會聽到引擎的哀號聲 在
peter921: 市區開起來就很舒服
hsudens: 開pc去鱷魚島崎嶇山路其實也還不錯啊
sdd5426: 笑死 林口坡上不了90請把油門踩下去好嗎 什麼年代了最好
sdd5426: 會有上不了90的車
pt11235813: 一堆沒開過的在嘴...P4.5天天林口台北除了吵了點以外
pt11235813: 根本找不到缺點
eric118: 我常開五楊林口段 上90絕對沒問題 只是很慢很慢很慢
sober921: 從紗帽上去竹子湖，陡坡確實踩很深才上的去40，但是引擎
sober921: 沒吸煙塔吵，這台在市區也算輕快好開
dastinc: 沒電
spursmanu: 我只覺得開這台壓迫感超重
Danto18: 有點懷疑推文有人把PC跟P4搞錯...在日本開過P4是真的很讚
Danto18: 馬力大底盤也蠻穩的，開高速公路完全沒問題，低速又非常
Danto18: 安靜，一開整個愛上
k5253XLMz: 噴pc林口坡開不了90的是在造謠還是單純自己不敢大腳?
MontoyaX: 在沖繩租的Aqua在高速公路一樣隔音差，時速破百後引擎聲
MontoyaX: 也是粗糙難聽
awdxabc295: 每台車的車況都不一樣 我租過A柱內裝脫落的
Chungli28: PC隔音確實比較差，而且高速行駛只靠引擎出力時馬力比
Chungli28: 較弱些，跟同級純油車的引擎不能比
vitaminabc: 就大腳五楊林口坡二大二小一樣110呀！那有問題？
spongeboyz: 其實pc還蠻好開的啊，比以前開的牛頭還紮實
spongeboyz: 不會太吵，只是起步很沒力
davismo: 畢竟路邊的租車都是簡單代步用的，車況也不一定好
davismo: 如果想要出門旅遊隔音好
davismo: 不如直接到格上租車租個Outlander
stanleysweet: 是真的爬不了坡啊...都踩到快底了
colo: 租車還嫌那麼多 市內算很好開了
colo: 林口坡踩下去不就110了
may8010: 我都特意租這台車，開起來很順也不想適應別的 XD
martinkyuu: 日本我也開到150以上，還蠻穩。不曉得台灣跟日規有啥"
ptt,M.1586757278.A.781,https://www.ptt.cc/bbs/car/M.1586757278.A.781.html,car,[問題] iRent還車後訂單明細,alex1371 (alex),Mon Apr 13 13:54:36 2020,,還車、拍照、停車格,"[問題] iRent還車後訂單明細 各位大大好， 幾個禮拜前有租了iRent(第一次租)，租車前看到車況， 在車子四個角已經有兩個角有明顯刮傷，當下有在app上面上傳照片。 租車這段期間駕駛正常，沒有再多任何碰撞刮傷。 還車時一樣在四個角拍照，將照片上傳app，順利完成還車手續。 查看訂單明細內容也都正常，停車格編號/路段顯示: XX站。 但是這幾天在打開app查看訂單明細， 卻在""停車格編號/路段""這邊顯示: ""XX站撞車"" 並且這幾天是沒有接到和運租車的電話。 後來查看了網路上其他的租車文， 了解到他在拍照部分總共有上面四格，下面四格， 上面四格是租車時要拍的，下面四格是還車時有車損要拍的。 當時我不知道以為是要上傳兩次。 該不會因此認定是我撞的吧? 需要主動跟iRent客服聯繫嗎? 有
---
之後傳一次不是嗎？ wp761102: 租的時候上下各四張 上面是整體 下面是該角度有車損的 wp761102: 部份 還車的時候再一次 我也租過十來次都沒問題 shamanlin: 租前四張，租後四張，車損你有撞到再拍 shamanlin:
---
車前 FinanceBrain: 的8張，如果自己有車損就抽換掉其中車損最輕微的一 FinanceBrain: 張，以上還車作法最無爭議。 FinanceBrain: 你現在唯一可以要求的頂多是請客服去看上一位駕駛的 FinanceBrain: 拍照有沒有車損，如果有可能不用賠，如果沒有，而且 FinanceBrain: 你的下一位租車人有拍出來就是你賠了 MrDK:","各位大大好，

幾個禮拜前有租了iRent(第一次租)，租車前看到車況，

在車子四個角已經有兩個角有明顯刮傷，當下有在app上面上傳照片。

租車這段期間駕駛正常，沒有再多任何碰撞刮傷。

還車時一樣在四個角拍照，將照片上傳app，順利完成還車手續。

查看訂單明細內容也都正常，停車格編號/路段顯示: XX站。

但是這幾天在打開app查看訂單明細，

卻在""停車格編號/路段""這邊顯示: ""XX站撞車""

並且這幾天是沒有接到和運租車的電話。

後來查看了網路上其他的租車文，

了解到他在拍照部分總共有上面四格，下面四格，

上面四格是租車時要拍的，下面四格是還車時有車損要拍的。

當時我不知道以為是要上傳兩次。

該不會因此認定是我撞的吧? 需要主動跟iRent客服聯繫嗎?

有沒有大大遇過此狀況? 建議如何處理呢? 謝謝大家。","G773: 直接問客服會比較快吧
cvsd04957: 打去問最快 雖然他們的客服他X的爛得要死
chenming867: Car-rent板問看看
v3dys6f3a3j5: 建議還是買車好  我之前也是irent愛用者 一個月甚至
v3dys6f3a3j5: 都花一萬上下在租車 只能說這種東西出事了  或是有
v3dys6f3a3j5: 利益問題  他們也是公事公辦  而且當初你租車也同意
v3dys6f3a3j5: 合約  所以也不能說什麼  只能任他們擺佈  畢竟他們
v3dys6f3a3j5: 也是要賺錢  不要把他們想成一種服務  他們只是要賺
v3dys6f3a3j5: 你錢  先說我不是撞到  只是沒看清楚合約某項規定
v3dys6f3a3j5: 他們完全沒有通融的餘地  客服也是完全不客氣
xz870919: 打去問客服 基本上我租這麼多次也都是這樣拍 都沒事
G773: 好奇樓上發生什麼事，不是碰撞，那會是逾時或里程問題？
wcptt: 本來就是租之前傳一次，租之後傳一次不是嗎？
wp761102: 租的時候上下各四張 上面是整體 下面是該角度有車損的
wp761102: 部份 還車的時候再一次 我也租過十來次都沒問題
shamanlin: 租前四張，租後四張，車損你有撞到再拍
shamanlin: 另外打電話問一下不就知道了
FinanceBrain: 上面講的 wp761102 作法比較適當，詳細再說明一次：
FinanceBrain: 租車前，前4張整體、後4張 各角度車損，就算只有一
FinanceBrain: 點擦傷都拍進去，以免事後找碴，租車完後，同租車前
FinanceBrain: 的8張，如果自己有車損就抽換掉其中車損最輕微的一
FinanceBrain: 張，以上還車作法最無爭議。
FinanceBrain: 你現在唯一可以要求的頂多是請客服去看上一位駕駛的
FinanceBrain: 拍照有沒有車損，如果有可能不用賠，如果沒有，而且
FinanceBrain: 你的下一位租車人有拍出來就是你賠了
MrDK: 之前滿常租iRENT的 每一台車其實碰撞都滿慘的 一堆刮傷
MrDK: 就真的多拍幾張照片 巡視徹底一點 才能保障自己...
heremattis: 照片有時間紀錄可證明
Apologize924: 它在停車場裡也可能被其他人撞啊
nh2238: 我的手機用app拍了之後手機裡也會自動存耶"
ptt,M.1584761360.A.D53,https://www.ptt.cc/bbs/car/M.1584761360.A.D53.html,car,"[心得] irent使用心得（sienta,prius c)",chuyuanchan (大明帝國),Sat Mar 21 11:29:18 2020,,據點,，新莊、板橋路邊車輛不夠，雙和地區更是時常一車難求。有時候還要跑到樹林才有路邊車輛，也常看到林口路邊停好幾台。雖然有服務據點，但服務據點出租的車，必須要回到原點，沒辦法有「甲租乙還」。當然，這部分背後牽涉很多技術層面問題，只是就我使用來說，這就讓我很難每天,"大家好，小弟我長期在車版閒逛，吸收新知。騎車十多年間，從打工仔變成正式工作者，想說是時候可以買車。除了預約試乘外，也想試試irent開豐田車看看，順便累積行車經驗
不過，這只是我個人的感想，不具代表性。我也不算非常懂車，開車技術沒有到駕輕就熟，但還是想來說說我的使用感想，供作參考

一、為什麼用irent
原本想去試乘toyota，但看到irent不少熱門車款，想說如果能通勤順便試車，也是一舉多得。再來天氣不穩定，騎車麻煩，也不想一直叫計程車。
二、irent平台感想
（一）、app介面
每次打開的時候，卡在irent字樣其實有點久。但考慮到它的運作比較複雜，也還可以接受。不過，希望可以加入「車內環境反應」，其實有時候真的會開到比較不太乾淨的車。（大家水準可以好一點嗎）再來就是，「甲租乙還」好像被併到路邊租還，其實稍微有點覺得麻煩
（二）、使用體驗
我只能說「還好」。使用過後，反倒刺激我買車的動力。
租車價錢上，網路有公開資訊，看個人能不能接受。不過，第一次因為租用時段填太短，也沒即時調整延時，產生超時費用，這倒是要注意
車內環境，畢竟不是自己的車，有的人真的不太有公德心。某次開prius c時，駕駛座扶手凹槽竟然有使用過的香菸濾嘴（現在這時候，還把沾過口水的東西亂丟？）開sienta時，手煞被拉到最頂，旁邊凹槽竟然還濕的，車內有種遊覽車廁所的味道，後座頭枕全部被拉到最高，整個遮住後面視線。有時，後座椅面黏黏的，或者丟幾片用過的口罩......
再來車輛分布問題，新莊、板橋路邊車輛不夠，雙和地區更是時常一車難求。有時候還要跑到樹林才有路邊車輛，也常看到林口路邊停好幾台。雖然有服務據點，但服務據點出租的車，必須要回到原點，沒辦法有「甲租乙還」。當然，這部分背後牽涉很多技術層面問題，只是就我使用來說，這就讓我很難每天租用
三、sienta
我租到sienta五人座。空間滿大的，但不太能適應駕駛座，駕駛座椅子怎麼調整都有點怪，有種「漂浮」感。開起來中規中矩，加速、煞車溫和，但可能我技術不好，覺得轉彎很晃。整體隔音有待加強，壓過人孔蓋之類的東西，聲音不算小。開上快速道路時，聲音更大，也會有點晃。停車場停車的時候，總覺得看不太到車屁股（不太習慣）
四、prius c
整體空間小很多，也矮很多，但坐起來舒服很多，駕駛座的座椅角度、視野總覺得比較適合我。雖然等紅燈的時候會有點聲音，但大致安靜，隔音也比較好。不過，上快速道路的時候，需要加速卻感覺力道不足。有時候開到100，也是有點晃（不過我的感受比sienta好）
油門很輕，煞車需要適應一下，有時候以為自己很小力，但還是容易頓點。在市區巷弄開的時候，還滿舒適的，容易閃避。下次可能租一台去開九份看看

整體來說，不僅讓我更有買車的動力，也更讓我對「非豐田」的車更期待了

以上是我的感想。雖然我不是一個很會開車的人，不是很懂車的人，也大概覺得可能會在這裡被砲（畢竟這裡臥虎藏龍）。不過，我也在這裡看到很多資訊，學到很多，想分享一下自己的感想，看看能不能作為參考，謝謝大家

-----
Sent from JPTT on my iPhone","jason0330: 我幾乎天天開Prius C，車內狀況很看運氣
GalaxyX: 推
z85917131: 樓上pc持有成本還蠻低的吧～高里程其實買來開不會比租
z85917131: 車貴多少
tonica: 豐田車非常容易就手 是大眾買車好選擇
chewie: sienta 真的蠻商用車感 雖然的確實用
Ptt54542212: 怎麼聽起來車內有點噁心...
BBBBBBBB: 越普遍狀況越容易不佳
wcptt: 越來越多人用了
k300plus: 超時費用一樣啦 我常常超時的說XDD
chuyuanchan: 今天租到一台沒拉手煞車的prius c，還附贈一罐裝有濕
chuyuanchan: 煙蒂的花生湯鋁罐，臭死。台灣人素質是有多低...
chuyuanchan: 今天開prius c上高速跟快速，還是覺得整個加速不夠，
chuyuanchan: 後車都不耐煩了。看來這台車還是適合城市行進
insist520: 認真心得文
xxoxooxo: 樓上的pc有開eco吧? pc大腳下去也不會太差，反而是我常
xxoxooxo: 常不耐匝道龜
Seckel: 昨天租irent，pc加速慢 方向盤太輕 煞車太利  怠速衝電好
Seckel: 吵 高速微晃 不過起步快 市區很棒 也舒服
kmlvli84: pc高速還好吧，還是我都大腳的關係？
mp60707: 租過煙味超級無敵爆濃的 一下車衣服全煙味
doa2: 油電車容易頓點阿  我開到後來就放棄控制煞車了..."
ptt,M.1580367138.A.C74,https://www.ptt.cc/bbs/car/M.1580367138.A.C74.html,car,[分享] iRent sienta七人座 五人一狗上武嶺,yunhong7k (yunhong_7k),Thu Jan 30 14:52:16 2020,,還車、拍照,"大概九點租完雪鍊從紙箱王7-11出發 沒在誇張，過翠峰後真的超爆塞 台14甲一公里要走一小時 沿途都是停下來上雪鍊或路邊拍照的 乘客睡成一團我自己塞在那真的有夠無聊 過了管制點檢查有沒有雪鍊（好像28k左右忘了） 就順了，順順開到昆陽 到武嶺三
---
一缺點就是里程數計費 超貴 lycmse55: 小孩不小心放尿拉屎的怎辦 狗還比較愛乾淨勒 AhPEoW: 和運如果門市還車太髒可能加收清潔費(包含寵物毛髮 AhPEoW: )，當然iRent就沒辦法了... torpp: 租車 有規定不能帶狗","28、29號跟家人去南投玩
行程是前一個月就排好的，沒料到會遇上寒流
吃飯吃一吃女朋友看到合歡山下雪的新聞
臨時動議隔天就上去了
隔天清早七點在民宿看完日出吃完早餐就出發
我們全車大概360公斤
IRent的sienta開的挺輕鬆的一路B檔
大概九點租完雪鍊從紙箱王7-11出發
沒在誇張，過翠峰後真的超爆塞
台14甲一公里要走一小時
沿途都是停下來上雪鍊或路邊拍照的
乘客睡成一團我自己塞在那真的有夠無聊
過了管制點檢查有沒有雪鍊（好像28k左右忘了）
就順了，順順開到昆陽
到武嶺三點... （疲累
四點半就到平地了，下山都沒塞開很順


我車齡一年而已，平常也沒開車通勤
這一年大概開20次以內，個人覺得上武嶺不太難，車子前後左右距離抓好就好
分享給想旅遊的人，趁過年就算沒車，iRent現在很方便也好用不貴，來趟旅行唄","louie83279: 租車帶狗上車，缺乏公德心，給噓
geniusofgod: 租車上去不怕打滑慘賠 心臟真大
eddisontw: 租車帶狗還好吧 那租車在車上抽菸的怎麼辦
HeeYoun: 租車在車上%%的怎麼辦
itsqwedsa: 租車帶狗怎麼了嗎，很多人比狗還噁呢
minrurl: 在路邊抽煙的人比狗還噁
StarLeauge: 這樣租車，花多少？
corolla16: 謝謝分享。請問兩天價格是差不多多少？
littlejackbr: 現在沒有一台車子上不了武嶺，不用再特別提了
sstandc: 好流水帳的文   租時 價格 照片 都沒有    接近葉佩
deann: 西摁塔很適合 本來就是拿來5人+2狗
shyboydream: irent規範沒有不能帶寵物，只有太髒要收900清潔費。
tonica: sienta真的讚 空間大又好開
maniaque: 開營業車(租賃車),還有營業損失這條要賠.....
c1396: 狗的髒亂好清 抽菸真沒品清不了 車子到報廢都有菸味
alberchi: 只有我看成吃一吃女朋友嗎
atbhao05: 租車帶狗滿正常的阿....
suggestjoy: irent價格明明白白的自己開app看就知道了哪需要另外
suggestjoy: 在文中贅述 葉配個屁 這年頭的人禮貌去哪了 都不求
suggestjoy: 證就先抹別人業配喔？
fan0226: 這家就和運有啥好業配....
TO3032063: 1F還好嗎??人家租車業者都沒規定寵物不得上車
TO3032063: 你在那邊喊甚麼燒
Apologize924: iRent 唯一缺點就是里程數計費 超貴
lycmse55: 小孩不小心放尿拉屎的怎辦 狗還比較愛乾淨勒
AhPEoW: 和運如果門市還車太髒可能加收清潔費(包含寵物毛髮
AhPEoW: )，當然iRent就沒辦法了...
torpp: 租車 有規定不能帶狗嗎 長知識？
Arthur818: 那一樓可能不能上車哦
RdFlying: 以前做過幾年租車員工。動物體毛真的超難清的，像
RdFlying: 那種透氣網狀交織座椅，沒在誇張，可以給你清理2~3
RdFlying: 天。腳踏墊、車地毯大部分也是絨毛的，也都超容易卡
RdFlying: 動物的毛，卡進去有也超難清。狗本身乾不乾淨我不
RdFlying: 知道，就是不少狗主人，縱容狗狗在你們隨手可摸的地
RdFlying: 方到處舔。你們不會希望你們租到的上一台車是這樣吧
RdFlying: 大型犬殘留的體味，不會輸給煙味。
RdFlying: 合約只有寫太髒or異味會有清潔費，上面我所述的應
RdFlying: 該也算在內吧。只是沒人敢收，因為台灣人會跟你爭
RdFlying: 執到底。到最後我都提醒客戶有籠子最好
abcde78555: 狗比人嬌貴，就忍吧
yunhong7k: 補 這樣兩天下來總共7810
yunhong7k: 分別是車輛租金（春節算原價）一天3000共兩天6000
yunhong7k: 跟里程費還有eTag費用 里程我們從台北到南投上合歡
yunhong7k: 山再下來回台北
jior: 上次還租到prius c
xz870919: 噓帶寵物，上次租到一台都是毛的Sienta，帶狗跟在車
xz870919: 上抽菸的可以再自私一點
fxf811: 第一次租iRent(VIOS)車內有煙味，第三次租iRent(Sie
fxf811: nta)車內有狗毛&狗味，給大家參考。
vip7374: 狗味比煙味難處理更多
NBCnews: 聞到狗味真的很想吐
z115988: 先幫狗狗洗個澡，應該沒差吧
wsxe2007: 推推 不用理會某些人自以為正義
BoomJames: 租車為何不能帶寵物？  有規定？
BoomJames: https://i.imgur.com/HiE7Tog.jpg
camryvvti: 呵呵 沒公德心的還敢理直氣壯
wiston1419: 用過irent跟zipcar 前者比較髒 但我猜就是使用率比
wiston1419: 較高所以維護難一點
jazzprozac: 喜歡狗 但是就是有人不能接受狗味貓味啊
love581: 帶狗本來就很沒公德心啊，哪有說錯
wsxe2007: 狗過的比人開心 一堆人嫉妒喔 哈哈哈哈哈"
ptt,M.1578658230.A.E6D,https://www.ptt.cc/bbs/car/M.1578658230.A.E6D.html,car,[問題] Irent自擦撞賠償,mike880112 (署餅),Fri Jan 10 20:10:28 2020,,還車,事庭算折舊呀... liao1983: 這次日本租車，自己疏失租車前沒檢查到，不知道這是 liao1983: 不是舊傷，還車的時候租車公司也沒吭一聲。 https:/ liao1983: /i.imgur.com/Yg8iDo1.jpg lia,"昨天跟朋友租sienta出遊，在山路倒車時未注意後方，導致撞到樹
圖如下

https://i.imgur.com/KQksHw0.jpg
https://i.imgur.com/LZQEIOj.jpg

當下有進客服備案+報警（以拿到三聯單）
今天門市業務打來說車子進原廠估價，後門因為變形要全換+保險桿
因為有備案的動作所以最高支付額為1萬元+7000元（營業損失）本來維修要四天，業務幫我
談到3天。
因為小弟我還是學生，業務就幫我處理到說15000元.
我知道我必須要賠償，但這樣價格合理嗎？有辦法在拉低價格嗎？
畢竟15000元對學生來說不是小錢
我已在反省自己的開車技術了QQ
謝謝！","Tosca: 台灣租車出事就是這麼麻煩 日本租車友善多了
dreaming7768: 1萬5超便宜 不是反串
Tosca: 我同學在沖繩自駕也撞到樹 租車保險全cover
a8330028: 尾門+後保桿+工錢 我覺得算便宜了
LT134P: 樓上也要記得保到全險才有這樣的服務 不然保免費基
LT134P: 礎險就不是這樣了 我指一樓大大的朋友
Tosca: 本版老是鼓吹別買車 租車就好 但是出事非常麻煩
banpui: 感覺這個保桿實在不太能保護尾門
Tosca: 就算只有假日才開 也是買比租好
yha: 很便宜 對方有保險 才會這麼便宜吧
leona12: 日本租車 這種應該可以保險cover ㄧ毛不出吧
pfw: 台灣租車真的爛，日本租車方便太多
ian41360: 這價格ok，營業損失也幫你折了
louie83279: Sienta後保桿基本上是裝飾用，之前也撞過完全一樣
louie83279: 的地方，修了三萬塊下課（irent
ian41360: 出國租車全險都滿貴的，irent有額外保費？
caa1221: 看租車幾個人出一出還好吧
math999: 很便宜了，以後買台二手車，自己修都不止
ssaamm810130: 便宜到爆
ssaamm810130: irent就是都學生在租 然後說沒錢付
dslite: 買車每年稅11000 保險1xxxx就等在那裏了
ssaamm810130: 尾門自己去原廠問就9900了
CloneZilla: 這價錢可以吧！是說有點好奇都有倒車雷達了怎麼還能
CloneZilla: 撞尾門，太神奇啦
jery1017: 保險應有免追償 為何還要租車人負擔
mexilo: 15000 便宜了
qiryimvjp: 超便宜
leona12: 租irent應該要把保了什麼險 攤開來給消費者知到
leona12: 捕個推 誰知道是不是兩頭賺？
veryloveyou: 合理
kechang: 這是保險沒買滿吧！
kechang: 我記得好像有一個免自付的保險才是！
se7enteen: 應該算蠻便宜的
pt11235813: irent 有全險可以買嗎 含營業損失?
o523874: 之前也擔心租車賠償，但開自己車也一樣阿，買經驗吧
oiolo: 其實可以了啦
mark0118: 15K很便宜了趕快賠一賠 人家也是要做生意的
mark0118: 當作學費 撞到人的話 狀況又不一樣了
ericyo: http://i.imgur.com/H5VswKB.jpg 主要時是因為傷到
leona12: 日本租車撞到 對方也是要做生意啊 會收你營業損失
ericyo: 尾門，不然像我之前尻爆葉子板只修了4千塊
leona12: 嗎？
kuominj: 花錢了事吧，至少租車不用養車
Apologize924: 有種吉時保大家有用過嗎 可以免自付額
ssaamm810130: irent沒安心服務可以買 租金就那麼便宜了
ericyo: irent保險是修車最高實付1萬，但營損另外算
chenglihao: 超貴的...不要理他...叫他走民事庭算折舊呀...
liao1983: 這次日本租車，自己疏失租車前沒檢查到，不知道這是
liao1983: 不是舊傷，還車的時候租車公司也沒吭一聲。 https:/
liao1983: /i.imgur.com/Yg8iDo1.jpg
liao1983:  https://i.imgur.com/zvaw8B6.jpg
moto000: 超貴..之前鼓吹租車的不知道怎麼想..
Yelich: 租車不看條款 有事嗎
sean87028: 便宜了…尾門這麼大片只要1w5，自己的車沒3w走不出
EggXBlueSky: 哪裡貴 你要租 你就要承擔風險 不爽自己買車啊
sean87028: 原廠
leona12: 我比較好奇營業損失怎麼算的？ 出租率100%？
jordonmi: 少在那用窮學生當藉口 該賠的就賠一賠
leona12: 如果出租率100% 營損可以用日租金算 如果出租率50%
leona12:  那就是嘿嘿
bear753951: 便宜
steven716: 蠻合理的
jasontmk: 窮學生？ 當家教時薪500起跳 不去賺怪誰？ 伸手牌
t89200670: 跟父母借一下，分期還
leona12: 哇靠 問都不行 我挺你 修車合理 營損不合理
BoomJames: 便宜  拿學生之名當藉口
leona12: 除非他家的車全都隨時滿租
alfi2016: 撞到就賠錢管你什麼身份~豪爽。嘻嘻
chenyi: 很便宜囉
momococo123: 便宜了啦 要不然自己買車子吧
momococo123: 以前倒車a到現代車車門
momococo123: 他違停在網狀黃線上
momococo123: 只凹大約五十快大小
momococo123: 老女人獅子大開口要一萬
momococo123: 最後殺到六千六
cka: 營業損失驚人
gx8759121: 沒錢還敢租車?紅明顯
leona12: 查了一下和運條款 營業損失是租金的7折 你這台日租
leona12: 金是多少？
hihi29: 所以你知道鼓吹用租車來練車的人 是什麼心態了吧
iifz32: IRENT沒保全險
mdb750816: 窮就別學人開車吧。15000算少了
sun88990: 15k很便宜了…
sun88990: sienta日租金訂價少說3500 收這樣很合理
sun88990: 吉時保只賠車碰車的情況，也不賠營業損失
lajji: 和泰自己家就有產險還不賺這個真的滿匪夷所思的
GiantChicken: 撞這樣 還有營業損失 便宜 還有 窮就別學人開車
iifz32: 感覺不如買台老車練車還比較好......
Unika: 花錢消災，也當作經驗，別放心上。
Arthur818: 奇怪 別人租車某些推文管那麼多
Arthur818: 乾脆叫他騎勁戰好了 還叫他別開車
liang120317: 15000出不起就不要開車啦
danadio: 不貴，該賠就賠，當花錢買經驗
moneypack3: 租車公司的保險是保他們自己，不是保你
hokkaidosky: 超級便宜！！！
cute15825: 日本租車主要是價格也沒多多少 鰻爽的 還可租想開的
joiedevivre: 心態很奇怪 賠償和你本身身份有什麼關係？
gamer: 差不多，主要是營業損失減不掉，你可以主張回復原狀
gamer: 找便宜的修車廠修，但要走調解或法院會很麻煩。差沒
gamer: 幾千忍一下比較實際。
qa999888: 如果是別台有點貴 但吸煙塔保桿=尾門 這樣算便宜了
chewie: 含營業損失差不多吧
sai1268: 覺得還ok，一萬多而已
sonic031: 沒那屁股就別開車，結案  這已經算超級便宜了...你
testaxsc: 15K很便宜
sonic031: 要是租私人車行的車 一定不止這些錢
sting47: 這價格OK了 這樣都付不起建議是連租車都不要
WORLDKING56: 這價格可以，上次a到估價都兩萬起跳
hank301: 15000可以了
dknymaster: 很ok了 自己撞得自己負責
axlfun: 美國租車，如果你要可以免責的保險，保費常比租金還
axlfun: 貴
xenium: 便宜到爆
mar29: 也不用這樣一直鞭吧
Jeff911: 15000便宜（認真
littlelinsyu: 真的便宜！ 其他款應該不止
shamanlin:  15000你還嫌不夠低？
lahugh: 便宜到爆 快湊錢和解吧
zjhong: 還好是撞到樹 賠15k 萬一撞到人？？？
kengi1112: 這價格很合理，口袋沒錢不要學人家開車
TsaoJJ: 該慶幸不是撞到人 不然賠償數字後面可能多個0
info1994: 一萬五有夠便宜的 而且還是營業用的
rzxc: 沒錢就騎機車
oliveryu: 當付學費吧 如果是雙B的後保桿可能就是 5萬1了
tnssh211448: 超便宜
vicowin: 之前撞到 不理他直接還也沒事
sunlin18: 便宜啊！撞成這樣，這點錢付不起別開車了，害人害己
Micsa: 認真回，這樣不貴。
b642897: 真的便宜 外面沒3.5萬走不出來
b642897: 換後門就不止1萬了
gtsandevo: 紅明顯 公司車差不多狀況 原廠報五萬
gtsandevo: 一萬五真的算便宜了 沒那屁股不要吃那瀉藥
cychung: 15000便宜了
wuliou: 一萬五超級便宜 趕快付一付就好了 拖下去搞不好變多
mamamiya00: 沒錢就搭大眾交通 學生不是藉口
kmlvli84: 1.5萬超級便宜
Merkle: 一萬五便宜啊 一年稅金就多少了 不爽自己買車來撞
sswy: 超便宜欸
ifromtaiwan: 爛死了irent,這種傷我的車多的是,沒在修的,還是自用
ifromtaiwan: 車好,想怎麼搞就怎麼搞
chaser0285: 便宜到爆，學生沒錢騎勁戰就好
lspci: 合理啊 學生付不起就搭公車不會喔？
ben810514: 這點錢都付不起還是別開車了
dreamtale: 如果我自己開車撞到 這樣才花一萬五解決根本超划算
ChikanDesu: 成年人了不要起手就學生 打工也得賠 不要當巨嬰好嗎
mp60707: 還可啦 irent車都很新
dondon0419: 我覺得要照原價賠償
nikidd: iRent租這台日租1990，不含油錢
ShitHappens: 營業損失+維修總共15000的話其實不會貴 如果這讓你
ShitHappens: 經濟上有壓力 一
ShitHappens: 建議詢問可否分期
nicoleshen: 已啦幹
morgankhs: 沒錢別開車了
hahalol: 沒錢還學別人開車啊！
hahalol: 根本跟是不是學生無關好嗎==沒錢不會去打工還喔？
hahalol: 都有錢出去玩了連這點風險都不知道嗎？
G773: 免追償跟自負額是兩種完全不一樣的東西
G773: 和運有全險啊，他們選擇投保有自負額一萬元的也很
G773: 合理，保費可以便宜，承租人理論上也會比較小心
G773: https://i.imgur.com/BL9m7XP.png
G773: 板上常有人問保險怎麼划算，企業精打細算本當如此
G773: 且簽約時也會載明條款才對，營業損失自然也在內，
G773: 事後去盧這個就很沒水準
Yang0227: 比C300加油加300的還弱
uemiya: 很合理了，而且當初寫的很清楚了
leona12: 不合理喔 為什麼和運的營業損失是7折 這個是照定價
leona12: 不是白紙黑字就一定合理吧
ROTFL: ""朋友""能不能共患難就看此一撞，科科
ROTFL: 朋友：又不是我開的，駕駛全責。
chopperdr: 真的很便宜了……小弟學生時沒錢也是乖乖搭大眾運輸
chopperdr: 或是機車  都成年人了做事情請先評估風險是否能承擔
liuchengdar: 這報價沒坑你，算合理
GRfan: 1. 覺得報價合理啦 2.怕的話下次可租格上保全險
c1396: 真的考驗友誼 以前同學租機車雷殘都3000大家分
GohHiong: 這台車乾脆不要設計保險桿好了 反正沒有效果  撞到
GohHiong: 就是會中尾門 乾脆直接尾門就好取消保險桿 撞到至少
GohHiong: 還不用修保險桿少修點東西還比較便宜
kenness1019: 業務對你很好了...乖乖吞當學經驗吧
deltarobot: 業務還幫你談減少修車時間 不錯了
y2k0978: 沒錢就認命騎車啊 為什麼要做超出自己能力的事？
bitlife: 說租車買車問題的,可以先算算同等級車一年保費等成
bitlife: 本就知道自己買車更貴,光稅費加保險就超過1萬5了,還
bitlife: 沒算停車位租金等,要比較是要站在相同事故基礎上,而
bitlife: 不是拿十多年老車沒保險沒事故來和本案相比
bitlife: 而且自己的車撞了修好了還是有遺憾,租車賠錢就結束
bitlife: 我自己雖然有車,但是認同車子很少開是租車划算
Asir0678: 沒錢就別開車
yeeroyuy: 15000算便宜
toshiba5566: 學生怎樣？學生免責喔？
toshiba5566: 一堆學生買愛鳳還殺價喊窮
dennis0985: 沒錢又技術差
f800311: 15000修車無敵便宜
jameshcm: 聽到窮學生就賭爛
tomap41017: 超便宜
ultra5566: 窮學生學別人開車幹嘛
G773: 維修費用就在那邊，連自負額一萬還想要人打折？
TigraBoy: 光保桿加後門15000我都覺得便宜
guemao: 救不了你 明明就有倒車雷達 還能貓成這樣
guemao: 往好處想 還好你是跟和泰子公司租 不是跟裕隆那家
guemao: 板上有跟裕隆那家協商賠償的案例可參考 你算好運了
G773: https://i.imgur.com/iAN02NO.png
guemao: 晚上能不要開車就不要開車喇 視線很差
G773: https://i.imgur.com/MXdT8Kn.png
guemao: http://bit.ly/2TeVkti 這篇你可以看看
guemao: 人家和氣生財 還是希望你能回來租他們的車 談分期吧
guemao: 現在學生不是都拿蘋果手機嗎?還樂於花錢買點數手遊~
guemao: 你就跟業務說 好漢做事好漢當 不願給父母蒙羞操煩
guemao: 看能不能讓你無息分期 分三期 PT一下很快就結清了吧
ko2540023: 吞，學費
G773: 稍早格上網頁卡住，剛剛看到格上有加價購買免責的
G773: 方案，但沒找到營業損失計費方式
G773: https://i.imgur.com/Ug9jJVz.png
moneypack3: 所以在台灣其實不鼓勵租車，買台爛車都比租車好
moneypack3: 爛車你自己刮到不修也沒差，租車你能不賠嗎
pp938077: 我日本租車撞到，日本說不用賠
pp938077: 小擦傷就是了
horb: 一萬五真的超便宜  不過日本租車的修車費有上限  還
horb: 是日本租車好
lauwei: 看到學生先噓，搭公車就好，不要耍帥
conanay: 這價格還可以.
kennetho: G大那個格上的免責安心險應該是近期的，去年在台灣
kennetho: 租車有查過，各家大型的租車公司，幾乎都是自付額1
kennetho: 萬加上維修時間的營損，所以這案件付1萬5，根本很正
kennetho: 常，希望日後各家租車公司都可以比照格上可以而外保
kennetho: 險，否則在台灣租車真的很沒保障"
ptt,M.1572970111.A.159,https://www.ptt.cc/bbs/car/M.1572970111.A.159.html,car,Re: [問題] 租iRent沒有導航&行車紀錄器,LoveWin7 (WIN 7再戰10年),Wed Nov  6 00:08:28 2019,,GPS,學會開車還不是很熟 : 因為沒有車 : 所以都用iRent租車來練車 : 每次大約練一兩小時這樣 : 不過發現車上都沒有GPS導航、行車紀錄器等 : 本來有考慮買一台 : 每次租車就安裝 : 這些設備我沒用過 : 聽說安裝這些東西是不是很麻煩耗時,"※ 引述《t0152286 ()》之銘言：
: 我是開車新手
: 最近才剛學會開車還不是很熟
: 因為沒有車
: 所以都用iRent租車來練車
: 每次大約練一兩小時這樣
: 不過發現車上都沒有GPS導航、行車紀錄器等
: 本來有考慮買一台
: 每次租車就安裝
: 這些設備我沒用過
: 聽說安裝這些東西是不是很麻煩耗時？
: 如果是的話每次租車就要拆裝蠻不划算的
: 但又聽說手機當行車紀錄器很耗電
: 又無法同時導航+行車紀錄器(我用的是iphone)
: 想請教有租車經驗的大大們
: 租車沒有這些設備你們通常怎麼處理？
: 有什麼比較好的建議嗎？

這個問題很簡單，其實可以去選擇買GARMIN導航機啊

GARMIN的導航有行車紀錄器跟地圖二合一的機器


最便宜的就是Garmin DriveAssist 50


這台除了有導航以外，還有內建行車紀錄器的鏡頭


直接帶這台機器就可以去租iRent了



https://www.garmin.com.tw/products/ontheroad/garmin-driveassist-50/
https://www.mobile01.com/topicdetail.php?f=228&t=4985341",
ptt,M.1572939814.A.897,https://www.ptt.cc/bbs/car/M.1572939814.A.897.html,car,[問題] 租iRent沒有導航&行車紀錄器,t0152286 (),Tue Nov  5 15:43:32 2019,,GPS,車新手 最近才剛學會開車還不是很熟 因為沒有車 所以都用iRent租車來練車 每次大約練一兩小時這樣 不過發現車上都沒有GPS導航、行車紀錄器等 本來有考慮買一台 每次租車就安裝 這些設備我沒用過 聽說安裝這些東西是不是很麻煩耗時？ 如果是的話每,"我是開車新手
最近才剛學會開車還不是很熟
因為沒有車
所以都用iRent租車來練車
每次大約練一兩小時這樣
不過發現車上都沒有GPS導航、行車紀錄器等
本來有考慮買一台
每次租車就安裝
這些設備我沒用過
聽說安裝這些東西是不是很麻煩耗時？
如果是的話每次租車就要拆裝蠻不划算的
但又聽說手機當行車紀錄器很耗電
又無法同時導航+行車紀錄器(我用的是iphone)
想請教有租車經驗的大大們
租車沒有這些設備你們通常怎麼處理？
有什麼比較好的建議嗎？","henryhao: 導航用手機
louie83279: 手機掛上去當導航啊，還要我們教？
henryhao: 有點煙器就能裝行車記錄器，很簡單。只是線會很礙
henryhao: 眼
geniusofgod: 找一種有自黏性的手機座 黏在中控上面的平台 架手機
iceonly: irent有開放給駕照未滿一年的新手嗎？當初就是聽說
iceonly: 不給租才買車的
louie83279: 樓上，可以，我朋友拿到駕照一個月就辦過了
zxc8424: 抱歉 借樓問一下 IRENT有第三人責任險嗎
s87269x: 我覺得irent沒有記錄器這點很不行…真的出事很難輝
wuliou: 我直接吸機車用行車記錄器上去
manson1011: 我也都租i 用手機 插usb 聽音樂聽導航 螢幕關掉 不
manson1011: 會耗電 ps.我是三星cc
manson1011: 走過的路幾乎我不用看導航了 都在聽測速提醒而已
MrSuperLP: i的yaris很哭 好幾台都聽不了音樂XD
dai26: 行車記錄器不是租車行都會有可以借？
Parhelia: iRent沒有租車行這種地方啊 XD
reporter2054: 自備導航跟行車記錄器是有多麻煩
wetor: 嘎米跟手機都用，嘎米好處是會3D提醒你，谷歌是路
wetor: 線有問題很明顯
wetor: 拿舊手機導航也可以，電池壞了拆換也不怕破保固
shuiwuhen: 行車記錄器線不用整啊！沒差吧！練習而已不是嗎？
shuiwuhen: 導航用導航王，手機安裝就好
x3795566: 吸盤式行車記錄器+手機導航
JUSTOUR: 買小個點煙器擴充+便宜二手機+2個手機架，2條充電線
JUSTOUR: 準備好，上車快速裝一裝就出發。新手建議一定要行車
JUSTOUR: 記錄器。
allforyour2: 手機架用導航，耗電就耗電啊，記錄器就要買比較貴了
asgardgogo: 買一台車阿
Jkid: irent現在車上都有手機架了，不用自備
wetor: 之前車禍  四部車裡面只有我拿出記錄器 保護自己
k02541341: irent這種無人租車給你行車記錄器你不怕個人隱私問
k02541341: 題嗎
wetor: 二手的mio也不貴 不要省那種錢 弄個兩台一前一後
a989876: 我是覺得開個車有行車紀錄器>個人隱私，畢竟出事才
a989876: 有證據證明
ROCAF: 就算有行車攝影機也很容易壞吧
a989876: 而且法規明訂汽車一定要加裝行車記錄器，如果沒有會
a989876: 被罰一萬多，不知道租車公司是怎麼規避掉這個責任
a989876: 還是轉嫁到消費者身上
Parhelia: 回樓上 那個行車紀錄器不是指錄影的這種
Parhelia: 是類似飛機的黑盒子的東西
ssaamm810130: 新手別租iRent吧 沒安心能買 撞要賠的
Parhelia: 這個交通部有澄清過 ...
a989876: 是哦 我一直以為是要有影像的那種
Parhelia: 那條罰則好像是2010訂的 影像紀錄器才剛開始流行 XD
jason2325: irent不是有手機架嗎 雖然有點難用
ru04hj4: 很多租車都是需要自備行車記錄器
ru04hj4: 以前很常租 早期還有提供 後來只提供導航
tofupudding5: 我都自己架gopro
wsxe2007: 可以買導航行車記錄器合一的機器啊 直接架上去就好
yuinghoooo: 買台二手車練練手比較實在，一千塊一次沒幾下就沒了
louisp:  iRent倒車no雷達,cheers!"
ptt,M.1571025033.A.52A,https://www.ptt.cc/bbs/car/M.1571025033.A.52A.html,car,[問題] iRent租車爆胎賠償,nick2215 (shoshi),Mon Oct 14 11:50:31 2019,,還車、拍照,"[問題] iRent租車爆胎賠償 上個星期2因爲公司業務，臨時需要租車前往九份，當天晚上10點左右還車，隔天10/9中 午收到和運的電話說右後輪有爆胎需要賠償。不過不用賠償營業損失 不過我在行駛的時候沒有感覺到異狀，我經
---
bhao05: 先備案+1 不然都給對方講 OnesXiao: 租車最怕的就是爛胎 胎爆 icyheart: irent還車時候自己拍的照片先拿出來看看 aresa: 這傷口不像一天而已 acesslai: 要求外場換胎，用原廠胎價才是盤子 H
---
業者的停車場，是停在路邊？...嘻嘻 TKelevens: 五樓有常識嗎？賠償還有權要求外廠？ corner0111: 還車時拍的照片拿出來看 jamestako: 都還車了還可以求償？ shawn134679: 這應該還車時就要檢查了吧，事後追究感覺有鬼 jameshcm: iRent是自助租還，只有APP拍照，沒有專人檢查車況的 xx4life: 如果是中釘子我想 irent 應該不會跟你求償 xx4life: 但是照片看起來
---
為這種破壞後，車子根本無法再移動，所以建議看 xx4life: 監視器是否有停車後被破壞的跡象 CleverKY: 停車還車後 消費者還有責任? CleverKY: 如果放一週沒人租 最後一個租客風險不就超大 CleverKY: 真是奇怪 GHowPan: 不賠等對方告吧，是不是爛胎誰知道 GHowPan: 而且還車時就該檢查了，爆胎當下會看不出來？ suggestjoy: 站在租車公司的角度 車子出問題當然是先找最後一個 suggestjoy: 承租人釐清狀況 算是正常sop吧 但是一劈頭就要人賠 suggestjoy: …還車都有強制客戶拍照回傳不是嗎 suggestjoy: 我個人還是習慣租irent都是還車後錄影圍繞車子一圈 suggestjoy: 避免日後車子被破壞公司要求索賠 achun1212: 不用急著賠償，等著對方提告? OSLA: 還車 已經結簽 你鳥他幹嘛 takei: pc這都一年內的 不是爛輪胎 這樣破一定會有胎壓異 takei: 常警示的 irent這樣很不ok 開車確定沒異常我是不會 takei: 賠的 插電腦看你還車前有沒有胎壓異常顯示 沒有你 takei: 就pass 記得大聲罵經理一頓 劈頭叫人賠錢是哪招","上個星期2因爲公司業務，臨時需要租車前往九份，當天晚上10點左右還車，隔天10/9中
午收到和運的電話說右後輪有爆胎需要賠償。不過不用賠償營業損失

不過我在行駛的時候沒有感覺到異狀，我經理是叫我先報案看監視器再說。

想請問板上各位有沒有其他更好的處理方式
https://i.imgur.com/9J4VMJx.jpg","atbhao05: 先備案+1 不然都給對方講
OnesXiao: 租車最怕的就是爛胎 胎爆
icyheart: irent還車時候自己拍的照片先拿出來看看
aresa: 這傷口不像一天而已
acesslai: 要求外場換胎，用原廠胎價才是盤子
HeartBreaker: 租車最怕耗損品在你租車期間業力引爆..
lahugh: 先去拍輪胎 以免證據不見
lahugh: 製造日期 胎紋深度 爆胎相關
a78720505: 這個要算折舊!頂多賠現金給對方
INNBUG: 爆胎消費者沒求償就不錯了
sun88990: 你這是prius c吧 這批都很新欸…算你運氣不好…
jameshcm: 你484沒停在民間業者的停車場，是停在路邊？...嘻嘻
TKelevens: 五樓有常識嗎？賠償還有權要求外廠？
corner0111: 還車時拍的照片拿出來看
jamestako: 都還車了還可以求償？
shawn134679: 這應該還車時就要檢查了吧，事後追究感覺有鬼
jameshcm: iRent是自助租還，只有APP拍照，沒有專人檢查車況的
xx4life: 如果是中釘子我想 irent 應該不會跟你求償
xx4life: 但是照片看起來是有人拿刀子直接破壞輪胎，所以才會
xx4life: 有賠償的問題
lovemoon1011: 12樓有掛是嗎？上次我也停路邊
xx4life: 因為這種破壞後，車子根本無法再移動，所以建議看
xx4life: 監視器是否有停車後被破壞的跡象
CleverKY: 停車還車後 消費者還有責任?
CleverKY: 如果放一週沒人租 最後一個租客風險不就超大
CleverKY: 真是奇怪
GHowPan: 不賠等對方告吧，是不是爛胎誰知道
GHowPan: 而且還車時就該檢查了，爆胎當下會看不出來？
suggestjoy: 站在租車公司的角度 車子出問題當然是先找最後一個
suggestjoy: 承租人釐清狀況 算是正常sop吧 但是一劈頭就要人賠
suggestjoy: …還車都有強制客戶拍照回傳不是嗎
suggestjoy: 我個人還是習慣租irent都是還車後錄影圍繞車子一圈
suggestjoy: 避免日後車子被破壞公司要求索賠
achun1212: 不用急著賠償，等著對方提告?
OSLA: 還車 已經結簽 你鳥他幹嘛
takei: pc這都一年內的 不是爛輪胎 這樣破一定會有胎壓異
takei: 常警示的 irent這樣很不ok 開車確定沒異常我是不會
takei: 賠的 插電腦看你還車前有沒有胎壓異常顯示 沒有你
takei: 就pass 記得大聲罵經理一頓 劈頭叫人賠錢是哪招"
ptt,M.1561790485.A.740,https://www.ptt.cc/bbs/car/M.1561790485.A.740.html,car,[閒聊] irent租車心得 - 新手練車,aiweisen (艾維森),Sat Jun 29 14:41:24 2019,,還車、停車費、停車格,"相比機車，更是會讓人找到心力交瘁。 因此造成降低買車的需求。 2. 沒錢買車。即便有能力貸款買車，但保險、保養、停車費也是一筆開銷。 綜觀上述兩種原因，有些人就會自然的拋棄擁有一台汽車的想法了。 但是，一想到每個周末都是做著相同的事
---
題 2. 多一個停車場出/入經驗 3. 一樣可以練倒車入庫，比較不會影響交通 在找車方面，我選的停車場中，irent的停車格並沒有特別標示專屬車位圖示， 所以這方面可能需要注意一下，原則上我想應該是從哪個停車格編號出去， 就回到哪一個停車格。 https://i.imgur.com/tgQgcOW.jpg -------------------------
---
的場景。 https://i.imgur.com/x0MpF1h.png 比起大佳河濱公園的停車場 這裡有爬坡跟平面停車格，一次可以練兩種。 https://i.imgur.com/UdPXIKR.jpg https://i.imgur.co
---
---------------------------- 還車 其實這步驟跟租車的時候差不多，還車時需要拍4個角，拍完確認後+電子簽名 剩下就是等信用卡付款了 *在還車遇到的小狀況，由於停車場的出入口是單通道，在進停車場時， 沒注意到入口的出車警示燈亮起，差點把車開進去，趕緊倒車讓裡面的車先出來。 所以在這種單通道的停車場入口，在進去前記得多注意出車警示燈是否閃爍， 確認沒有閃爍在開進去還車。 ---------------------------------------------------------
---
禮拜去一趟台南玩，晚上在某間健康路麻辣鍋吃飯， belgarath: 進去前看到一台irent小鴨沒熄火沒關頭燈停在專用停車格 belgarath: ，吃了兩個多小時出來還是一樣沒熄火沒關頭燈停在那， belgarath: 這樣是不是另類養車法？
---
kiryu: 能的，1680元加里程費用，想租的人要注意一下。不過不 kabukiryu: 用敢在晚上9點、10點到車行還車，相當不錯 kabukiryu: 另外我曾開irent的yaris裝壞前保桿，撞到福特kuga的後 kabukiryu:","※ [本文轉錄自 Car-rent 看板 #1T5mQNEu ]

作者: aiweisen (艾維森) 看板: Car-rent
標題: [閒聊] irent租車 - 同站租還 - 新手練車
時間: Sat Jun 29 14:34:39 2019

[好讀版]

https://www.ptt.cc/bbs/Car-rent/M.1561790103.A.3B8.html


我想應該也有人跟我一樣

解鎖人生成就之一 : 取得汽車駕照 後

就沒再碰過車了

其原因不乏

1. 沒有買車需求。在市區，交通上有神卡1280(雙北)，搭公車/捷運可無限次，
   平常也有機車可以代步。接著汽車的停車位相比機車，更是會讓人找到心力交瘁。
   因此造成降低買車的需求。

2. 沒錢買車。即便有能力貸款買車，但保險、保養、停車費也是一筆開銷。

綜觀上述兩種原因，有些人就會自然的拋棄擁有一台汽車的想法了。


但是，一想到每個周末都是做著相同的事；接著在周末結束後，又周而復始
的去上班。感覺生活上已經沒有什麼新鮮感了。

在上、下班的路上看到各種車從眼前經過，又想到被供奉起來的汽車駕照；
所以打算重新拾起方向盤，想為這平庸的生活多添加一點色彩


如果有鄉民是住在雙北，同樣也是想開車但是沒有汽車方面的道路經驗，
不妨可以看看我這次租車與練車的經驗，我會把我租車前或開車後遇到問題
分享給大家。

--------------------------------------------------------------------
                            新手開車前的準備

這是我租車前去找的影片，目的是打算先對車子有基本的認識，
讓我在實際操作上，可以更快的入手。


TOYOTA 內部功能說明
https://youtu.be/p6R_jbbxoGE

TOYOTA 內部功能說明 2
https://youtu.be/ItGoLne5sZI

開車族必知的汽車部件小功能(用途)上
https://youtu.be/9Bxy1gurZZI

開車族必知的汽車部件小功能(用途)下
https://youtu.be/L4M9ExWL5hY

--------------------------------------------------------------------
                            選擇 同站租還


這次是透過irent的同站租還進行租車，既然是練車選同站租還比較好，
因為:

1. 不用擔心車位問題
2. 多一個停車場出/入經驗
3. 一樣可以練倒車入庫，比較不會影響交通

在找車方面，我選的停車場中，irent的停車格並沒有特別標示專屬車位圖示，
所以這方面可能需要注意一下，原則上我想應該是從哪個停車格編號出去，
就回到哪一個停車格。
https://i.imgur.com/tgQgcOW.jpg

--------------------------------------------------------------------
                             APP 租車

至於租車教學網路上很多；板上也可以參考 allrestart大 的心得文，
所以這邊租車步驟就簡易帶過。

租車步驟：1. app點選租車
          2. 依照app提示於前擋風玻璃感應悠遊卡
             *(此動作為設置悠遊卡為車門的開/關門鑰匙)
          3. 系統提示設置完畢後，即可開車門上車了

*當悠遊卡設置成車門的開/關門鑰匙後，在租車期間如果有要下車離開購物，
當人離開車子並將車門關上後，就可以透過悠遊卡在前擋風玻璃上進行感應，
將車門進行上鎖。

如果要進入車子內，同樣再用悠遊卡感應解鎖車門即可

---------------------------------------------------------------------
                             離開停車場

在租車前，我是有先做功課，我看到這位youtuber介紹還算清楚。
裡面有提到租車可能會遇到的問題以及若發生問題後該怎麼處理
https://youtu.be/ulwb_vh8SBc

因為影片中有發生出不了停車場的問題，所以我在一上車後，檢查副駕駛座的置物箱
是否有停車場的閘門控制器，但我沒有發現閘門控制器。

後來有想到，過去爬文友看到停車場閘門有下列幾種控制

1. 車牌辨識
2. 靠卡感應
3. 控制器控制

所以我就下車去看停車場的閘門，機器面板沒有感應裝置圖示，
但機器上方有監視器；因此研判這個停車場是透過車牌辨識，進行閘門的升起與放下。


因此建議在經過停車閘門時，不妨可以撇個頭瞄一下停車閘門的配置類型。

------------------------------------------------------------------------
                               汽車內裝

在租車前，有先上網找一下要租的車型的車主手冊，
想先了解一些基本控制的按鈕在哪。所以去找了一個2015的yaris手冊來看。

但在租車後，我就在副駕駛座的置物箱中看到車主手冊，實在太棒了。

對新手來說這手冊非常重要，這可以讓我知道儀錶板icon亮燈的含意與
尋找我想知道的控制按鈕在哪。

接著發現我有點幸運，我租到的yaris是新車，里程不到1000。
上一個使用者保持得很乾淨，車內也沒有煙味。
https://i.imgur.com/tHEsbZ4.jpg

有支援藍牙跟USB插孔，立馬撥放 intro xx 來聽
https://youtu.be/veHqJSC-9Lo

https://i.imgur.com/Dg4UYkO.jpg



之後爬文找一下應該是2018款的。
https://youtu.be/b2W2CJLnsiI (yaris 2018 介紹)

--排檔區

  是有M+-這型的
  https://i.imgur.com/NNcymXT.jpg
--駕駛座車門內下方底部附近

  1. 油箱蓋按鈕。如果在駕訓班時，沒有被教練要求開車去排隊加油的經驗；
     剛好在租車後，若發現油箱的油量低於1/4，需要出任務去加油時，
     記得要注意油箱蓋按鈕的位置。

     拉起來後油箱蓋自動彈起，加完油服務人員會幫你蓋上。

     https://i.imgur.com/cHVOm8N.jpg
--駕駛座車門內把手下方有三種控制。

   1. 左、右後照鏡調整控制鈕。(這蠻重要，詳細操作要看手冊)

   2. 車窗升/降控制

   3. 車門鎖。

--方向盤左後方

   1. 方向燈撥桿。左方向燈往下撥，右方向燈往上撥。

   2. 行車燈，必須先確認目前車子是否打到遠光燈。
      在一般情況下，若看到儀表板上的遠光燈符號亮起，必須要趕緊關閉；
      避免對前方或對向來車在駕駛上造成視覺的困擾

--方向盤右後方

   1. 雨刷撥桿。

--中控台

   1. AC按鈕。按下去後，當風量在旋扭轉到0以上時，AC燈亮起就表示開始放冷氣。

      反之如果AC按鈕按下去了，感覺得出AC沒有運作，就要看你在溫度及風量是否有
      設定錯誤。或直接翻手冊來看。

      https://i.imgur.com/rbTewoc.jpg

------------------------------------------------------------------------
                                 汽車鑰匙

在前面的影片中，是將鑰匙用鍊條方式安裝在中控台附近。

而我這次的車鑰匙是用磁扣方式，扣在副駕駛座的置物箱內。


------------------------------------------------------------------------
                             出任務 加油

在儀錶板亮起後，發現油量已經不是1/4了，而是剩 1/10 了

就直接就開車前往中油加油。

加油前，只知道要熄火再加油。但加油後，煞車踩著想要發動卻發動不了，
一直卡在加油島有點小尷尬。

後來才回過神立刻檢查檔位，發現檔位停在D檔。這也就是不能發動的原因。


原來我是直接掛D檔熄火，正確應該是停車 > 掛P檔 >熄火。
接著必須要在P檔的狀態下，才有辦法發動引擎。

我想我不是第一個人，也不會是最後一個人犯這種錯。
所以跟我是一樣新手的你，記得自己就不要犯相同錯誤就好

加完油，只要簽自己的名字就好，最後就可以看到傳說中比車還貴的加油卡餘額。
https://i.imgur.com/fT8owaQ.jpg

-------------------------------------------------------------------------
                               河濱練車

爬文看台北的練車資訊，絕大部分都會提到河濱公園練停車。

但是我又看到下面這部上/下坡練習也是在河濱。
https://youtu.be/3nh7GH3NiA4?t=228

所以就依照影片的資訊，去地圖上去找這個地址

發現在美堤河濱公園壘球場附近有相似的場景。
https://i.imgur.com/x0MpF1h.png

比起大佳河濱公園的停車場

這裡有爬坡跟平面停車格，一次可以練兩種。
https://i.imgur.com/UdPXIKR.jpg
https://i.imgur.com/JoBWKHT.jpg

但是這台租到的Yaris，原本以為自己做上坡起步很成功，放開煞車後並踩油門前進，
車子沒有倒退。

結果第二次試的時候發現，慢慢放開煞車後，車子也沒有倒退，
感覺是有上坡輔助的樣子..

倒車路庫

先前考駕照時，因為已經練到很熟，在練習時還跟同期學員比賽，
誰能最快繞完一圈考試項目且還不會被扣分。

但實際上租車來練，發現駕訓班的車是老車，車身比較小，
左、右後照鏡的高度相對租來的車，離地面比較近，所以在距離上比較好抓

目前練停車，其實有點困難。因車身長度跟左、右後視鏡反饋回來的距離抓不太準
都至少要試個幾回才會成功。

-------------------------------------------------------------------------
                              練車路線

我是走台北中山橋往內湖方向，接著是開往北安路 > 明水路 > 樂群一路
(這個路段長且又大條，可以很輕鬆地練習油門踩放與煞車控制，不用怕後方逼車)
https://bit.ly/2JjhEM2

在一路直線開的情況下，看到美堤河濱公園的道路標示就右轉進堤防。
https://bit.ly/2NkIwjI


出來堤防後，順路沿著堤頂大道二段、一段開過去，開往南京東路

https://bit.ly/2NkJ3lI
https://bit.ly/2Lsb88n

跟著指示上麥帥一橋往南京東路的方向過去，剩下都是一直線殺到底。

直到開到林森北路後，右轉再開回民權東路。

--------------------------------------------------------------
                               還車

其實這步驟跟租車的時候差不多，還車時需要拍4個角，拍完確認後+電子簽名

剩下就是等信用卡付款了

*在還車遇到的小狀況，由於停車場的出入口是單通道，在進停車場時，
沒注意到入口的出車警示燈亮起，差點把車開進去，趕緊倒車讓裡面的車先出來。

所以在這種單通道的停車場入口，在進去前記得多注意出車警示燈是否閃爍，
確認沒有閃爍在開進去還車。

----------------------------------------------------------------

最後，如果我的這篇文章真的幫助到同是新手的你，
若能給點肯定，不妨在你的iRent上填上我的邀請碼 ir902193

這樣你就可以獲得1小時的租車優惠，而我可以得到30分鐘的租車優惠

謝謝大家","aikoDisk: 你尿尿完會馬上洗懶趴嘛
widec: 你會吃屎嗎？
aa1052026: 樓上 我會耶
aa1052026: 我是說aikoDisk
aa1052026: 幹!推文沒試跑個吃屎出來幹嗎，害我回推文變這樣
Piin: 前面一個這樣練車的就花錢去讓irent鈑烤了xdd
aiweisen: 刮到車門那位嗎？那個換作是我可能也會發生 哈
dc47dc: 你在中山北路開多少QQ
belgarath: 上上禮拜去一趟台南玩，晚上在某間健康路麻辣鍋吃飯，
belgarath: 進去前看到一台irent小鴨沒熄火沒關頭燈停在專用停車格
belgarath: ，吃了兩個多小時出來還是一樣沒熄火沒關頭燈停在那，
belgarath: 這樣是不是另類養車法？
hihi29: 心臟真大
metalamos: irent玻璃油膜超厚，下雨天租過兩次後決定從此不聯絡
aiweisen: D大 你說開多少是什麼意思？？ 若是車速的話 大概3 40
aiweisen: 左右吧
deeder1: 新手練車用租的？這不是很有錢就是心臟大顆
CoolJB: 我開車十幾年了，新手練車不推荐用租的，刮一次全賠光。
kktt254: 和運的話不要太嚴重都還好 不過新手還是不建議
abxtpml56: 練車還那麼大費周章 厲害
berice152233: 推認真
kenness1019: 借串問 有汽車但沒機車駕照到底能不能申請帳號啊
louie83279: https://i.imgur.com/g73nZqB.jpg 練車不要練成這樣
trauma: 我也是駕照到手後 隔一週就開始 用irent練車
trauma: 到目前為止 每個月都會租個1~2次維持開車的感覺
trauma: 到現在半年多過去了 我可以從南港-淡水 上高速 都沒問題
trauma: 但我還是想買車 因為還是會怕刮到
qwe8526545: 我拿到駕照後練車也是租irent哈哈哈～但是我的方式滿
qwe8526545: 燒錢的，一個禮拜借一次吧～
qwe8526545: 我覺得像原po這種做很多功課的開車也是好好開，也不
qwe8526545: 太會刮到吧！
sEGasATurn: 推一個 像原po這樣有做功課 是真的蠻適合租車來練
aiweisen: L大貼的那台太誇張了 是往山壁開過去的嗎?
aiweisen: 其實我也打算一個禮拜開一次 反正假日也沒什麼娛樂QQ
aiweisen: 開車的時候就當成自己剛買的新車 自然就會特別注意行車
aiweisen: 安全 若不幸刮到繳學費 連鎖的大型租車公司 在賠款方面
aiweisen: 至紹比較會有不合理的要求(我是這樣想的)
aiweisen: ^至少比較不會
Mulsanne: 租過一次sienta 車子還蠻新的
corner0111: 和運賠款有上限  不用太擔心
abyepi: 這篇很適合新手
rosewool: 推認真，美堤真的好多練車的，但說真的沒什麼用就是了，
rosewool: 那邊車位多又大，不是很能進步。要去週末的大賣場，車
rosewool: 位小又要搶，這樣才能真的有進步XD
a0925846: 寫得用心
Pedroia15: 推，我也是愛用者
bboywhite: 推irent,很方便，車款都很新，整潔也保持的不錯
Kreen: 練車還是不要用租車吧，萬一撞到，光營業損失照天算的，就
Kreen: 讓你吃到飽了，買一台兩三萬那種爛車，沒人的地方練半個月
Kreen: 再賣掉也是賣差不多錢。
jason0828: Zipcar也不錯 都是歐洲車 價格總體算起來也沒差太多
mathrew: 推心得
xru03: 推
sodacookie: 推 加油站停車我也犯過 XD
imreader: 現在出租的車，沒有國外撞測的居多，而且沒有倒車顯影
imreader: 對新手太吃力了，開個車而已，何必在那裡拼技術
alanngyj: 專業到我以為業配文
a1982213: 如果不是臨時用同站租還 +1 ，上次違停整個處理完
a1982213: 4180 ....
wenjou0508: ir95594
aiweisen: 其實之前也有打算買老車來練 但是綜合考量之後覺得 風險
aiweisen: 有可能跟租車差不多 而且前置作業的時間比租車還久
aiweisen: 所以要先知道自己是屬於容易慌張 還是屬於比較冷靜的
kirin9008135: 請問邀請碼的優惠期限有多久？
aiweisen: 如果我是比較容易慌張 遇到複雜的號誌燈 或 被後車叭
aiweisen: 就會亂掉 我可能就會真的去買舊車來練了
aiweisen: K大 我在昨天租車 輸入別人的邀請碼時候 映像中有看到
aiweisen: 是到9月的樣子 但我是認為 有要租車的時候在輸入邀請碼
aiweisen: 或許會比較保險
aiweisen: 應該說 輸入後期限是三個月的樣子
wave1et: irent優點是24小時可租，可以凌晨5點租車去練開高速公路
wave1et: ，一般車行跟本還沒營業
wave1et: 練個2個小時就還，絕對比買車便宜
wave1et: 想練車就專注練車就好，買車要考慮的事情更多，划不來!
s8452813: 上次租小鴨，發現沒有倒車顯影...
kabukiryu: irent車況不是很好，內湖一帶的車煞車鬆鬆的，新店一帶
kabukiryu: 的車則是車內易有垃圾。itent很方便但常沒車可借，價
kabukiryu: 格也偏高，因為除了車輛租金還要加上里程金額，我從新
kabukiryu: 店到內湖來回，只租2個小時就要5百多元，里程多的話，
kabukiryu: 兩個小時就開到破千也不無可能，租一整天破2千元也是可
kabukiryu: 能的，1680元加里程費用，想租的人要注意一下。不過不
kabukiryu: 用敢在晚上9點、10點到車行還車，相當不錯
kabukiryu: 另外我曾開irent的yaris裝壞前保桿，撞到福特kuga的後
kabukiryu: 保桿，賠了現金2萬元整給和運租車，1年後收到kuga車主
kabukiryu: 的保險公司來電代位求償kuga後保桿修車費現金3萬多元。
kabukiryu: 請大家注意，經驗分享
kabukiryu: 另外我曾開irent的yaris“撞”壞前保桿
puyelovew: 租車來練真的有通 我最近都用平日練車 租irent一小時只
puyelovew: 要99元 應該是有比zipcar再更便宜
kelvin27ta: 原來是因為有平日一小時99元的優惠 怪不得連我家附近
kelvin27ta: 的停車場也有看到irent的蹤影XD 而且這樣不只練車 租
kelvin27ta: 來開去機場也很划算欸 下次打算來試試看
wilpam1210: irent全部都沒倒車顯影吧....."
ptt,M.1791135611.A.E4A,https://www.ptt.cc/bbs/Gossiping/M.1791135611.A.E4A.html,Gossiping,[問卦] 租Irent東西忘記拿又被租走,fatslave (),Mon Oct  5 01:40:09 2026,,還車,前天半夜租Irent 行車記錄器忘記拔忘記拿走 過了半天整理包包才發現 但原車又被租走 租了一天多 昨晚八點終於還車 10點去看車上已經沒有我的行車記錄器 我很確定我還完後只有一組客人租走 牠不知道拿拿拿哪去 現在怎麼辦 有沒,"如題

前天半夜租Irent 行車記錄器忘記拔忘記拿走

過了半天整理包包才發現

但原車又被租走 租了一天多

昨晚八點終於還車

10點去看車上已經沒有我的行車記錄器

我很確定我還完後只有一組客人租走

牠不知道拿拿拿哪去

現在怎麼辦

有沒有八卦","Dinenger: 八成是垃圾桶或者水溝吧
Dinenger: 畢竟送警察局真D麻煩
Dinenger: 台灣人不太敢撿東西侵佔 但容易被抓
kiopl: 是你自己要忘記拿的
ArSaBuLu: 希望這次忘記可以冶好你下次忘記
tjtsyhssy: 先問客服 紀錄一下你租車的車號跟時間
satllion: 你發現沒拿當下沒去問客服喔，還等車租
satllion: 完是？
enthpzd: 離開前不是要到連繞一圈看看有沒有東西
enthpzd: 沒拿嗎
Forcast: 送他？?
xxoo2266: 半天所以呢
xxoo2266: 算了
htc314: 自己忘記的，怪誰？
htc314: https://i.verb.tw/fJWIo5Yb.jpg
em4: 報警偷拍
rushfudge: 是多急
milk7054: 告啊，嘻嘻
palapalanhu: 報警啊
breakryu: 你先證明行車紀錄掉車上貝
duelaylomo: 覺得重要就報警啊
syldsk: 問iRent啊問我們幹嘛
gtjs45: 知道要買車了吧
scao09110933: 看你是不是和gucci在連絡道啪啪
CIDgreen: 聽起來就你的問題啊"
ptt,M.1778823175.A.4D5,https://www.ptt.cc/bbs/Gossiping/M.1778823175.A.4D5.html,Gossiping,Re: [問卦] 租irent怎麼那麼貴？,dansy (Eye Taiwan),Fri May 15 13:32:52 2026,,罰單,測 splendidpoem: 速，都可能受罰。以台灣人這種散漫 splendidpoem: 的的開車習慣，應該要繳不少罰單。 splendidpoem: 而且在大陸，大城市對外地車牌都有 splendidpoem: 非常嚴格的限行規定，不像在,"※ 引述《uukr (uukr)》之銘言：
: 在台北想說租irent的車，結果一個小時最少要2-300起跳？要租幾個小時出門兜風結果這麼
: 貴= =？有卦嗎？
: https://i.imgur.com/lXaXKiC.png

台灣租車跟日本歐美比起來就貴
更別提一天2800，可以去對岸租奧迪或BMW保全險爽爽開......

https://i.meee.com.tw/6CCL42B.jpg

-----
Sent from JPTT on my Xiaomi 24031PN0DC.","aakkssqq: 便宜的車你敢租?
cerpherus: 如果我可以在大陸租車在台灣開 我會願
cerpherus: 意消費的
aakkssqq: 股市要5萬點~人均4萬美你還租不起?
cerpherus: 我想試試會不會爆炸
htc314: 股市四萬點，這點錢怎麼了。
htc314: https://i.verb.tw/U3MuqWJJ.gif
splendidpoem: 大陸的租車費用確實比台灣便宜很多
splendidpoem: 。但大陸的道路監控系統比台灣密集
splendidpoem: 很多，稍微壓到線、沒注意到區間測
splendidpoem: 速，都可能受罰。以台灣人這種散漫
splendidpoem: 的的開車習慣，應該要繳不少罰單。
splendidpoem: 而且在大陸，大城市對外地車牌都有
splendidpoem: 非常嚴格的限行規定，不像在台灣可
splendidpoem: 以隨便進出。你想跨城市自駕，一不
splendidpoem: 小心可能就會被重罰。"
ptt,M.1778814347.A.081,https://www.ptt.cc/bbs/Gossiping/M.1778814347.A.081.html,Gossiping,[問卦] 租irent怎麼那麼貴？,uukr (uukr),Fri May 15 11:05:45 2026,,還車、據點、停車費,"讚阿 camby909: 大家都離你超遠. 這加值服務很頂 DPP48: 小心開車，車損更貴 bruce511239: 據點多啊 別的地方還車 24小時都能還 marktak: 那你怎麼不去中國 gilbertchen8: 路上看到irent 貼紙 我真的會閃噗
---
，真是賤 Dorae5566: 如果你不需要早6早7就要出門的話，就 Dorae5566: 不划算 loking: 不用停車費 不用加油，有貴嗎 asgardgogo: 走路啊 cp值無限大 lnmp: 所以你知道為什麼越來越少人國旅了吧 kut
---
u: 青鳥：股市4萬2 怎麼租不起車 basslife: 你去租車店也只是便宜一點點 加油還要錢 coolrgin: 還車要加油嗎 wiesley1029: 嫌貴你可以坐計程車 astrofluket6: 鄉民年薪千萬還在乎這點小錢喔笑死 d
---
有沒有在irent bananazhu: 路邊租還的營運範圍，有的話直接租路 bananazhu: 邊租還，開到定點結帳還車，要回程時再 bananazhu: 租另一輛回台北，這樣就不用租一整天， bananazhu: 來回加起來可能3小時吧，","在台北想說租irent的車，結果一個小時最少要2-300起跳？要租幾個小時出門兜風結果這麼
貴= =？有卦嗎？
https://i.imgur.com/lXaXKiC.png","kent: 10小時封頂
thegreatlcx: 相比養一台國慘車很便宜了吧
iPadProPlus: 可以為所欲為 值得
s820912gmail: 因為你在台灣
thegreatlcx: 如果只是偶爾用車那不就真的很划算了
knives: 不然你要買車嗎
axsd: 不薛盤子薛誰
elec1141: 開irent 沒有生物敢靠近你 超值
thegreatlcx: 不然你自己算持有車的成本阿
gowang19: 要跟持有車子成本比
elec1141: 正常人 都不敢靠近irent的 怕被撞
thegreatlcx: 在台北租車位公道價一個月6000
knives: 你也可以不租irent，去找其他的
IslamicState: 10台九台不打燈 龜速 亂臨停
OrangePest: 總比你養一台車結果一個禮拜可能只開
hmt17: 萬金路邊一堆irent殘骸
spiriturl: 車內環境要注意
OrangePest: 一兩次划算吧
sunkissfu: 你這含保險吧.....
sunkissfu: 而且他預估含里程耶，不用算嗎？
chigo520: 2800還沒有含油錢跟過路費吧
sakala: 方便啊 總比養車便宜 而且外面租車一天也
robinsonXD: 漲價了嗎？之前幫公司跑腿一天1000
sakala: 要2500吧？
sunkissfu: 你可以不要保險啊，加油也是要錢，280
sunkissfu: 預估而已，不見得這麼多
kent: irent有yaris 比altis便宜
robinsonXD: 台北<->桃園 油費另計
gaowei16: 感覺你網路用得少 連大家怕埃瑞 都不知
gaowei16: 道
achun1212: 台灣物價很高的，反觀日本物價對比薪
achun1212: 資所得
aweincku: 請一堆人壽負責呀
asgardgogo: 窮仔開三小車
milkool: 你一年租車花的錢有比養車貴 再考慮自己
milkool: 買車
sunkissfu: 280含租金，保險，里程費用預估，自己
sunkissfu: 評估看看
myIDis7: 貴從來不是產品的問題 更何況還不貴...
coolp77: 難怪我開irent路上都沒車
uukr: 這價格我去中國三亞都能租一台保時捷的敞篷
uukr: 車還掛保險的價格了= =
AsahiBeer: Klimt一天1200
uukr: 然後在台灣這價格只能開國產車！？
AsahiBeer: Klook
lianpig5566: irent有加油卡啊
lianpig5566: 但irent應該有照里程計費吧 有點忘了
camby909: IRENT 貴在 附送無敵星星很讚阿
camby909: 大家都離你超遠. 這加值服務很頂
DPP48: 小心開車，車損更貴
bruce511239: 據點多啊 別的地方還車 24小時都能還
marktak: 那你怎麼不去中國
gilbertchen8: 路上看到irent 貼紙 我真的會閃噗哧
rancilio: 租車絕對比買划算多了
gilbertchen8: 被撞小錢 也有乙式 但幾天不能用車
gilbertchen8: 大不便
rancilio: 買車不管開不開每天都會燒掉一堆錢
Dorae5566: 和運跟闔上比較便宜，2000就一天
Dorae5566: 只是這兩間都只能早9去拿，不方便
Dorae5566: irent可以任意時間取，但是車上很髒。
Dorae5566: 之前還租到車上有蟑螂的...
yam90002: 連車都租不起你是怎樣啊
sunkissfu: 嫌貴可以搭大眾運輸，你可以順便查查搭
sunkissfu: 計程車20公里要多少錢
NotOtaku: 台灣租車比歐美還貴很多
NotOtaku: 盤子國還有一堆人護航，真是賤
Dorae5566: 如果你不需要早6早7就要出門的話，就
Dorae5566: 不划算
loking: 不用停車費 不用加油，有貴嗎
asgardgogo: 走路啊 cp值無限大
lnmp: 所以你知道為什麼越來越少人國旅了吧
kutkin: 一直都很貴
kutkin: 有能力就去隔壁收5萬車
kutkin: 撞壞就丟
mopigou: 嫌貴買一台啊
kutkin: 他的問題是行車紀錄器 跟環景沒標配
squall021: 嫌就去買車
wbt77hsy: 你可以不加保險那就是130/時加里程費
zxlt3722: 不爽去搭公共運輸啊
antigidu: 青鳥：股市4萬2  怎麼租不起車
basslife: 你去租車店也只是便宜一點點 加油還要錢
coolrgin: 還車要加油嗎
wiesley1029: 嫌貴你可以坐計程車
astrofluket6: 鄉民年薪千萬還在乎這點小錢喔笑死
dx4368: 路上的iRent 不是特別快就是特別慢 沒有其
dx4368: 他選項
sjr500: 其實還好
wiork: 加油是加油卡給他計費，正常短程幹嘛加油
maximuswu: 開車還嫌貴 你要不要用走的
bobyhsu: 那你去中國租阿==
kutkin: 一公里3.5
kutkin: 你加不加油都會收油錢
kutkin: 和運至少環景跟記錄器會給
kutkin: irent只有部分有
kengi1112: 個資外洩後就不用了
spirit2017: 貴是你的問題 不是他的問題
doom3: 你可以改叫UBER
joeyben: 不常開 比買車便宜
xenium: 一天租日租啦，irent短租才便宜
StarTouching: 我比較過很多間 其實價格都差不多
StarTouching: 反正都比養車便宜
junsport: 沒錢不要在台北開車啊！你沒看所有交通
junsport: 政策都是跟著四輪大爺在調整的嗎？四輪
junsport: 大爺是台灣道路上最尊爵的車種，一小時3
junsport: 00讓你當馬路帝王很便宜了
daye2012: 台北養台車，一個月基本15k
junsport: 四輪大爺違規被按喇叭直接棒球隊處理，
junsport: 網路酸民會檢討被害人幹嘛不繞開就好
qq204: irent我還沒看過正常的
hooll111: 租四輪就這個價吧 不然你能找到更便宜的
hooll111: ？
saiboos: 日本租車超便宜...
nickflying: 不然算算搭一小時計程車多少
sawe53: 一個月出去兩次還不如買車
Beantownfan: 包含為所欲為的費用 你漏算了
qaz12453: 看到 irent= 自帶標記三寶
qaz12453: 大家都會禮貌點 因為很雷
AoWsL: 窮人租什麼Irent 搭捷運
tengerinedog: 一般租車行凹你刮傷修復然後三天營
tengerinedog: 業損失請阿文壓下去簽本票
insidelonely: 2 3千不如去租普通日租的
seagawk: 看來是沒租過一般的租車行，又一個吃米不
seagawk: 知米價的
mr2gts: 方向盤不知道幾萬人摸過什麼再上車摸
kiopl: 鴨鴨便宜一些啊 你又要嫌爛
ap5552477: 嫌貴可以騎 u-bike
MoneyDay5566: 盤子島   日本只要半價
nchuwang66: 沒那麼貴吧 最近altis hybrid那個車
nchuwang66: 款不是有優惠活動嗎 平日沒會員也才13
nchuwang66: 0/hr
Allen0315:     自己先算算買車多少錢?
fgh81113: 不然你租小黃一天啊
Bonkon: 誰叫你要信那些說租不然買的白癡 一堆人摸
Bonkon: 過的車 有夠噁心 嘔嘔嘔嘔嘔
Bonkon: 更正 講反了 買不如租
Serleser: irent至少有保障，租不起別開
Arashi0731: 一般租車行很容易碰到黑的，還不如租i
Arashi0731: rent
Luxury916: 你是不是沒領優惠券阿 irent優惠券都
Luxury916: 會送時數啊 這個月的有送到360分鐘欸
bananazhu: 這都已經月經文了...認真回你，因為你
bananazhu: 在台北出發，如果要去的地方是北北基
bananazhu: 桃竹，可以開app看一下有沒有在irent
bananazhu: 路邊租還的營運範圍，有的話直接租路
bananazhu: 邊租還，開到定點結帳還車，要回程時再
bananazhu: 租另一輛回台北，這樣就不用租一整天，
bananazhu: 來回加起來可能3小時吧，然後一小時租
bananazhu: 金才100多啊，大學生都租得起~
dean1990: 280還好吧，不然去做計程車啊
zzz50126: 我也覺得超貴 尤其是保險 一小時80是什
zzz50126: 麼鬼
jumbo106: 你知道租irent 路上超好開嗎？沒人想靠
jumbo106: 近你
linja: 不要用irent，很多租車包一天2000有找
arced: 你按日租的話更貴，irent還是有便宜一些
denny528: 台灣幾家共享車價位都馬差不多 入門款
denny528: 的車都一小時百元左右啊 一小時兩三百
denny528: 是加購安心保險吧? 租irent本來就有基
denny528: 本保險 那個安心是看個人要不要加購 加
denny528: 購的話就是撞到車完全不用賠 我是覺得
denny528:  一台幾十萬的車 一小時多花60 70就可
denny528: 以免賠 是很安心沒錯啦 但你不買也可以
denny528: 啊
anyu0805: 跟在台北擁有一台車 2800一天便宜啊"
ptt,M.1776827618.A.29F,https://www.ptt.cc/bbs/Gossiping/M.1776827618.A.29F.html,Gossiping,Re: [問卦] 租IRent是不是很不划算？,fatslave (),Wed Apr 22 11:13:36 2026,,還車,每小時累積起來其實也不小 wbt77hsy: 優點主要是全自助 去計程車到不了的地 wbt77hsy: 方很方便 要深夜還車也行 mopepe5566: 很多年輕人租來開去偏僻地方 mopepe5566: 跟女朋友打個砲 wbt77hsy: 另,"很划算啊

你說一小時2 300 那是定價 只有春節才收這個價格

可是實際租用  先買好時數

平日1-5 一小時99
假日6-日 一小時160

不定期又一直送一小時免費 30分鐘免費的折價券

平日租車經常都0元或50

保險保即時保 三小時84

里程費一公里3.5

到底哪裡貴

前幾天西門到淡水來回一小時 只收里程費112
https://i.mopix.cc/0r8usR.jpg

到底哪裡貴？

沒錢妳可以走路

※ 引述《uukr (uukr)》之銘言：
: 如題，租Irent是不是很不划算，一個Toyota 最基本的車型一小時要2-300你租個8小時
都
: 2-3000，如果想出去玩租這點時間根本不夠用，租太久又很貴，到底什麼樣的人會租ir
en","wbt77hsy: 開長途還是滿貴的啦 尤其油電車還收跟
wbt77hsy: 汽油車一樣的里程費 高速也沒有20公里
super88168: 短租 方便  價格尚可接受
wbt77hsy: 免費 保險每小時累積起來其實也不小
wbt77hsy: 優點主要是全自助 去計程車到不了的地
wbt77hsy: 方很方便 要深夜還車也行
mopepe5566: 很多年輕人租來開去偏僻地方
mopepe5566: 跟女朋友打個砲
wbt77hsy: 另外保險有差異 安心險可免營業損失 吉
wbt77hsy: 時保有額度上限 選擇適合的即可
andy89431030: irent是真的划算 活動折價卷不定期
andy89431030: 送 有追官網就很常收到通知
basslife: 有折價券真的還可以接受
pigvit: 平日一小時99 是每月訂閱的嗎？怎麼我是1
pigvit: 35的樣子"
ptt,M.1776820249.A.7D1,https://www.ptt.cc/bbs/Gossiping/M.1776820249.A.7D1.html,Gossiping,[問卦] 租IRent是不是很不划算？,uukr (uukr),Wed Apr 22 09:10:47 2026,,還車、拍照,"來說 kutkin: 可以去訂閱呀 一個月10000上下 kutkin: 不用就退訂 kutkin: irent每次都要拍照 kutkin: 久了也是很煩 Padfoneman: 至少沒人敢靠近你 kutkin: 你自己不找小蜜蜂點交 都要自助
---
p296633: 還沒算上折舊耶 schumi7401: 一個月開不到兩次車租就好常開再買 zxcv40604: 到點就還車要離開再租 哪有人租八小啦 p1227426: 日本便宜租 attpp: 短期 ALDNOAH5566: 每週開不到一天
---
車便宜 loloool: 搬家很好用 boringuy: 大概是租車都不加油還人家的吧 mr2gts: 好奇每一次使用後還車 都有工作人員去清 mr2gts: 潔嗎 不然上一個摸過方向盤的手不知道摸 mr2gts: 過什麼 mtclimber:","如題，租Irent是不是很不划算，一個Toyota 最基本的車型一小時要2-300你租個8小時都快
2-3000，如果想出去玩租這點時間根本不夠用，租太久又很貴，到底什麼樣的人會租irent?","Byzantin: 說車子是負資產的人很愛
fatdoghusky: 你租整天的還不如去門市租 irent就是
fatdoghusky: 給你方便租幾個小時這樣
seraphic298: 一開還可以 後來一直漲價就不划算了
david7796: 可以報公帳的，只是要開一段沒有要開
david7796: 整天的
a40494: 短時間要用車的很划算啊
preisner: 現在不是平日125/h, 假日185/h 嗎
preisner: 10~24小時都算10小時價
wiork: 以前就算過，跟計程車差不多，還要自己承
wiork: 擔風險
syldsk: 看地方啊，比如你高鐵出來下個地方計程車
syldsk: 回程不好叫你就會考慮開車
wiork: 中南部出去玩，我就可以考慮，但其實中都
wiork: 有規劃好行程，也可以租機車
SeaForest: 偶爾一日遊很方便啊 要過夜去車行租車
SeaForest: 比較划算
kutkin: 所以愈來愈貴好像還虧錢呀
SeaForest: 或是要搬東西 租一台載貨無壓力
kutkin: 剩下2486才去租
kutkin: irent每年旅展有時數 要租要用時數
kutkin: 我之前買50/8000都還沒有用
knives: 不然你自己買車
warfarin: 還是划算！
warfarin: 沒車的人來說
kutkin: 可以去訂閱呀 一個月10000上下
kutkin: 不用就退訂
kutkin: irent每次都要拍照
kutkin: 久了也是很煩
Padfoneman: 至少沒人敢靠近你
kutkin: 你自己不找小蜜蜂點交 都要自助了
kutkin: 結果路邊租還比定點貴
sazaby: 車上打炮的人很多
preisner: 那是定價,哪次有依定價在算的
wiston1419: 10-24小時算10小時你怎不回？裝死？
AirGod: 珍惜生命，遠離iret
wiston1419: 住台北+用車頻率低 大概一週一次的話
wiston1419:  irent贏買車
Shinpachi: 我有車也會用irent，因為去台東之類的
Shinpachi: 地方玩就不想開這麼遠很累，搭火車然
Shinpachi: 後當地租車輕鬆多了
preisner: 路邊租還比定點貴,很合理啊
cp296633: 養車不開出去都要月噴五千起了
cp296633: 車位租金強制險燃料費牌照稅定期保養
cp296633: 還沒算上折舊耶
schumi7401: 一個月開不到兩次車租就好常開再買
zxcv40604: 到點就還車要離開再租 哪有人租八小啦
p1227426: 日本便宜租
attpp: 短期
ALDNOAH5566: 每週開不到一天的可以
starenny: 如果只是偶爾租的話應該還算划算的吧
ilikeroc: 在雙北的話是個好選擇 因為平常不用車
Thruse: 光停車月費一個月就3.4千 偶爾租是可以啦
alex00089: 還好吧？都租不到耶
J002: 推難叫車就Irent
dad4: 租車很雷耶，開車門像開潘朵拉盒子一樣
TheWho: 雙北的話 坐uber就好
axsd: 去日本開車還比較便宜又好開
iuytjhgf: 窮人去買二手就好了拉
wiston1419: https://i.mopix.cc/DI4m5R.jpg
wiston1419: 一小時125啦 在那邊雲欸 做點功課再
wiston1419: 來噴吧
uukr: https://i.imgur.com/DPtyum9.png
uukr: 你的台北市怎麼跟我的台北市不一樣價格啊？
wbt77hsy: 因為你用同站 他算進去里程費跟保險
wiston1419: 預估是含油錢= = 你實際租一天不會每
wiston1419: 個小時都在跑 假設你平日兩天一夜玩台
wiston1419: 北-宜蘭 租24小時可以落在兩千內
uoyevoltnaw: 50萬可以租1666個小時，自己想
uoyevoltnaw: 用300算喔，沒必要還硬買車的真的ㄎ
uoyevoltnaw: ㄅ
irvinglove: iRent又不是主打划算 是給你臨時且短
irvinglove: 途的很好用 又比搭車便宜
loloool: 搬家很好用
boringuy: 大概是租車都不加油還人家的吧
mr2gts: 好奇每一次使用後還車 都有工作人員去清
mr2gts: 潔嗎 不然上一個摸過方向盤的手不知道摸
mr2gts: 過什麼
mtclimber: 還行啦你一個月保險車位（假設只租工作
mtclimber: 地一個）油錢隨便都5000+，還沒算車子
mtclimber: 本身的價格，用車頻率少的話iRent可以
mtclimber: 租很多趟了
perseus419: 這問題不是跟娶老婆跟鬆一下比一樣嗎
perseus419: ？
basslife: 靠北你不知道同站和隨租價格還不一樣喔
basslife: 如果是台北比較會保養 其他縣市感覺偶爾
basslife: 但其他縣市使用量也沒台北多 所以也還行
bananazhu: 蛤哪裡來的300 不是一小時125???
MoneyDay5566: 盤子島
robinsonXD: 漲價了嗎？？
peishan: 3000怎麼算的 而且你租10-24小時也只給你
peishan: 算10小
c800: 你是第一天租irent嗎 假日185還好
c800: 吧 平常出去玩大家平分根本也沒多
c800: 少
shakebombom: 前陣子出去租一天下來車資也才一千
shakebombom: 多 剩下等於給你免費開很爽欸
kabukiryu: https://i.mopix.cc/o0PM8E.jpg
kabukiryu: 噗知道，我有時候去新竹出差，回新北
kabukiryu: 時不搭高鐵偏偏要租irent。搭高鐵290
kabukiryu: 元+捷運費用，搭國道客運1百多元，租ir
kabukiryu: ent路邊租還400到600元不等。
tzuyun39: iRent就是給你短時間內要用車 因為車多
tzuyun39: 很能即時取車 而且一小時才100 根本超
tzuyun39: 便宜
ChanteYUYU: 每次出去玩最愛租irent 租長時間單日
ChanteYUYU: 最高才收10hr租金 我是覺得很划算
bear0525: 好不容易最近iRent車況變好了，拜託你這
bear0525: 種雲的不要去租"
ptt,M.1759107194.A.173,https://www.ptt.cc/bbs/Gossiping/M.1759107194.A.173.html,Gossiping,[新聞] 共享機車租借量下滑 桃園iRent退場,wu73 (かつ),Mon Sep 29 08:53:12 2025,,停車格,路邊租還的iRent在7月1日已正式退場，就僅剩GoShare一家 營運，強調已要求業者增加車輛，並擴大營運範圍。 路邊停車格除了停滿自用摩托車，還停有幾台共享電動機車，主打路邊隨租隨還，有民眾 覺得短程租借代步很方便，但也有民眾覺得車少、App,"1.媒體來源:PTS
2.記者署名:詹淑雲 / 地方報導
3.完整新聞標題:共享機車租借量下滑 桃園iRent退場
4.完整新聞內文:詹淑雲 / 地方報導
https://youtu.be/UpPCEUgrdog
桃園市原有共享機車GoShare、iRent插旗營運，但審計處查核發現，共享運具租借量下滑
，未達目標值。交通局證實，路邊租還的iRent在7月1日已正式退場，就僅剩GoShare一家
營運，強調已要求業者增加車輛，並擴大營運範圍。
路邊停車格除了停滿自用摩托車，還停有幾台共享電動機車，主打路邊隨租隨還，有民眾
覺得短程租借代步很方便，但也有民眾覺得車少、App也不好用。

桃園陳先生表示，「很久之前有用，但發現操作、還有那個安全帽好臭，很麻煩啦，後來
就不用了。」

桃園張先生則認為，「對老人家來講，他們也不會用那些App什麼的，他們可能不見得會
去弄。」

桃園市2019年開始推動低碳共享機車，也列為溫室氣體減量方案之一，原有GoShare、
iRent插旗營運，審計處查核發現，去（2024）年訂有共享汽、機車延車公里1519萬、535
萬公里，使用累計需達31萬及114萬人次等目標，皆未達標，還有逐年下滑趨勢，iRent共
享機車部分被證實7月1號已正式退場。

桃園市交通局運輸規劃科長邱汶栩指出，「因為電池系統汰換不如預期，因此iRent在今
年7月1日正式退出桃園市的營運範圍。」

交通局表示，疫情解封造成國人對國內旅遊需求下滑，使得共享運具的租借量及行駛里程
數下降，目前桃園雖只剩1家GoShare共享機車，仍有1000輛，只比之前少了190輛，未來
也會要求營運商加強調度管理，並評估擴大服務範圍和投車數。

姜筑/編輯



5.完整新聞連結 (或短網址)不可用YAHOO、LINE、MSN等轉載媒體:
https://news.pts.org.tw/article/772590","StylishTrade: 台灣人誰沒機車 還要租?
SaintSeven: 酵死，南部火車站出來一堆租機車ㄉ店r
SaintSeven: 沒人租倒一家，還要去沒倒的要增車==?
Rimi5566: 主要還是租車店沒倒的原因
mingchaoliu: 共享機車只會佔用稀少的機車車位，將
mingchaoliu: 內部成本外部化，垃圾服務，倒了剛好
duxxlux: 硬要綁支付，就bye了
ginwer: 我覺得很棒啊 主要是資費吧 沒騎多久等個
ginwer: 紅燈就50、60我乾脆計程車80還省事一點
yafx4200p: irent,機車 台北能見度也越來越低
TF00207374: 附近只看到wemo
nolie1228: 高雄irent帽子又髒又臭"
ptt,M.1745238302.A.729,https://www.ptt.cc/bbs/Gossiping/M.1745238302.A.729.html,Gossiping,[問卦] 租irent去開房間會很LOW嗎？,howard416 (哈茲哈茲),Mon Apr 21 20:25:00 2025,,還車,: 是不是真的沒去過汽旅阿? MarcPolo: 不會 W12: 我都老漢推學妹進去 給你參考 steven005: 先還車再走進去比較省錢 steven005: 擺了為 不是只有你這樣做 Forcast: 滑進去 Forcast: 新聞有報嗎,"小弟弟我沒開過房間
但又沒車為了開房買車好像不划算
那如果租車去開房會不會被對方笑？
-----
Sent from MeowPtt on my iPhone","syntax123: 走進去都可以
NENE31: 我都走路進去，供您參考
fp737: 是不是真的沒去過汽旅阿?
MarcPolo: 不會
W12: 我都老漢推學妹進去 給你參考
steven005: 先還車再走進去比較省錢
steven005: 擺了為 不是只有你這樣做
Forcast: 滑進去
Forcast: 新聞有報嗎
bobocatcat: 你可以租ubike 去開房
st090663: 不會，只要有付錢爬進去都行
LeonardoChen: 我看你應該是沒去過
razan: 被仙人跳才會哭
babayaga: 你的對方如果是指櫃檯那無所謂 你要騎
babayaga: 車走路搭小黃都可以進去 退房時也能幫
babayaga: 叫小黃
Lailungsheng: 阿肥哥超愛跟irent去開房間
bairn: 我都騎腳踏車去
selfhu: 走路+1
amury: 還真的看過
lolen: 可以挑戰兩人騎ubike或是租goshare進去開房
imblg: 誰管你怎麼進去，錢拿得出來就進去
heavenbeyond: 你為什麼不直接在車上車震就好了
SSbb5566: 你長的帥妹子都會開車接你 ㄏ
Mei5566: 大學生都騎車"
ptt,M.1744945451.A.188,https://www.ptt.cc/bbs/Gossiping/M.1744945451.A.188.html,Gossiping,[問卦] 有人被irent求償過嗎？,c24253994 (♡死盼子),Fri Apr 18 11:04:07 2025,,還車,下一個沒注意叫他再賠一次啊 calance: 有被罰過 不過我是後車廂未清 租兩天一包 calance: 垃圾放後車廂還車忘記 被罰1800好像 然後 calance: 扣點扣到根本不可能再租 就自己買車了 IcoolIam: 買保險 車頭撞,"https://i.imgur.com/fEAEtmO.jpeg
現在路上到處都是
撞的咪咪毛毛的Prius c
各種開車新手的傑作
難道這些人都沒有被求償過嗎？
有沒有irent佛心的八卦？","kutkin: 你去搜和雲 滿滿的支付命令
kutkin: 他們收錢又不是馬上修
linderberg: IRENT某部分是靠這賺錢  要保營業險
k63815: 租irent車震會被告嗎
kutkin: 你為什麼不怪和雲爛車不馬上拿去修
tanby: 拿到賠償了 但是車子還是沒送修
powerggyy: 能躲多遠就躲多遠
kutkin: 整天在那酸使用者
kutkin: 你這種他們都會追究 但不會立刻修
Beramode: 租車可以加買保險不是嗎 公司不修可能是
Beramode: 想說馬上又會撞
glacialfire: 撞10次 修1次就好 幹嘛急著修
rs2016: 幹嘛修 下一個沒注意叫他再賠一次啊
calance: 有被罰過 不過我是後車廂未清 租兩天一包
calance: 垃圾放後車廂還車忘記 被罰1800好像 然後
calance: 扣點扣到根本不可能再租 就自己買車了
IcoolIam: 買保險 車頭撞爛了都不會要你賠 只是會
IcoolIam: 被註銷與會員而已
Bears: 車震過好幾次沒事 但真的太擠
c24253994: 我有車我幹嘛開他們的XD
c24253994: 矮噁 真的有人在租車裡面車震喔嘔嘔嘔"
ptt,M.1740825411.A.53F,https://www.ptt.cc/bbs/Gossiping/M.1740825411.A.53F.html,Gossiping,[問卦] 有大眾+Irent +計程車，還需要買車嗎？,Hosh (H),Sat Mar  1 18:36:49 2025,,停車費,"eal: 等車時間 用車會受限 ppp123: 台北市不用 tallhigh: 其實雙北真的不用 ppp123: 台北市停車費59元起跳 貴鬆鬆 sdf90258: 只限雙北 南部很難這樣玩 HisVol: 你沒遇過上下班時間突然遇到大雨，計程
---
isVol: 車就是買個不受限的自由 your0207: 停車位很受限吧 OOQ: 我家車子處理掉6年了，每年省了好幾萬停車費 zxcvctk: 我自己就是這樣做 目前一個小孩 養到三 zxcvctk: 歲 沒問題 但多一個小孩就不太行了 big","晚安晚安
阿肥啦
最近有點常搭計程車，雖然不算便宜但因為整年下來次數不算多所以也比養車便宜

後來在思考如果有長途旅程的大眾運輸+租車服務的irent在+隨摳隨到的計程車，這樣還
有需要買車嗎？

是不是可以省下一筆買車錢來吃大餐了？
有卦嗎？","kent: 這樣交不到女朋友
cs09312: 你打算單身一輩子的話 是
boxmeal: 等車時間 用車會受限
ppp123: 台北市不用
tallhigh: 其實雙北真的不用
ppp123: 台北市停車費59元起跳 貴鬆鬆
sdf90258: 只限雙北  南部很難這樣玩
HisVol: 你沒遇過上下班時間突然遇到大雨，計程車
HisVol: 完全叫不到
HisVol: 有時候想去鄰近縣市的郊區半日遊一日遊，
HisVol: 大眾運輸不是要轉車好幾次就是時間太久，
HisVol: 計程車去程可以但回程叫不到，iRent不是自
HisVol: 己的車，小孩汽座、玩沙器材跟小帳篷都很
HisVol: 難帶
HisVol: 有太多情境會讓你的移動變得大幅受限，買
HisVol: 車就是買個不受限的自由
your0207: 停車位很受限吧
OOQ: 我家車子處理掉6年了，每年省了好幾萬停車費
zxcvctk: 我自己就是這樣做 目前一個小孩 養到三
zxcvctk: 歲 沒問題 但多一個小孩就不太行了
bigflyqq: 家裡養一台toyota平均一年10萬
bigflyqq: 有賺到那邊就養，錢賺了就是要花"
ptt,M.1751360595.A.15B,https://www.ptt.cc/bbs/Lifeismoney/M.1751360595.A.15B.html,Lifeismoney,[情報] iRent 輸入 包山包海 有大禮包,kevenshih (匆匆那年),Tue Jul  1 17:03:13 2025,,還車,車子60分 hsupochun: 已拿，感恩 sam91305: 已用感恩 hsupochun: 昨日在台北借車，新北還車，愉快使用， hsupochun: 感謝 samsam1027: 8月可輸入 出去玩八 s95187463: 謝謝樓上s,"各位
如題

iRent 現在感覺在推共享汽車了

有折扣碼。包山包海 可以領取大禮包

一堆折扣券就不詳述了

有需要者自取之","joker4946: 啥優惠都不說，樓下輸
kenlin589: 是啥優惠
yeary2k: https://i.imgur.com/etQdLeJ.jpeg
yeary2k: 幫大家輸入了
LastAttack: 有包莖嗎？
IsadQQ56: 有換有推
qss05: 這麼小氣有像要推的意思嗎…
kkrichard: 有拿有推
li72716: 6分鐘.....
maxwells: 又難找又難還
ceramicfa: 明明蠻好用的
neweb: 讚
chien0115: 感謝
PCMAN2005: 沒用過，鄰居家一直在門口，都快當自
PCMAN2005: 家車了，可以這樣？
Erts: 機車台中好用，桃園基本上都沒車
upeo: 車子60分
hsupochun: 已拿，感恩
sam91305: 已用感恩
hsupochun: 昨日在台北借車，新北還車，愉快使用，
hsupochun: 感謝
samsam1027: 8月可輸入 出去玩八
s95187463: 謝謝樓上sam大，第一次要用irent租汽車
s95187463: ，領到了"
ptt,M.1743519327.A.70C,https://www.ptt.cc/bbs/Lifeismoney/M.1743519327.A.70C.html,Lifeismoney,iRent 汽車折價卷,aEDIoWei (勞工硬起來),Tue Apr  1 22:55:25 2025,,還車、還不了車,p.jpeg danny1011129: 限路邊使用，路邊有夠難租 chou6099: 推推 kinfc2001: 路邊還車難找停車位 minipc: 租了就還不了車 neweb: thanks aa1052v: 找到天涯海角啊~ skymiller: 已領，雙北以外好用 waitin,"天涯海角

30分鐘兩張

https://i.imgur.com/mYSbUBp.jpeg","danny1011129: 限路邊使用，路邊有夠難租
chou6099: 推推
kinfc2001: 路邊還車難找停車位
minipc: 租了就還不了車
neweb: thanks
aa1052v: 找到天涯海角啊~
skymiller: 已領，雙北以外好用
waiting0212: 找車位真的要找到天涯海角
kkrichard: 已收，謝謝
HsaFie: 感謝分享
PBfire: 不實用但感謝分享
s90256: 券"
ptt,M.1720353881.A.588,https://www.ptt.cc/bbs/Lifeismoney/M.1720353881.A.588.html,Lifeismoney,[情報] irent旅遊台灣-優惠券,pchunters (齁齁齁),Sun Jul  7 20:04:38 2024,,還車,emily770825: 推 cityman9999: 天氣熱30分鐘可以租車進去吹個冷氣 cityman9999: 再還車XD OnB0930: 感謝已領 luther0583: 汽車低消60分，所以拿30分純吹冷氣還 luther0583:,"官方網頁
https://traveltaiwan.irentcar.com.tw/

登入後，點下方「每日領獎」
https://imgur.com/I9atBLC

本肥是連續兩天拿到30分鐘折價券
（不過使用期限比較短）
https://imgur.com/K8WiJ6L

~~~
然後有要去台南租車的
可以輸入碼「臺南芒果節」，即可獲得汽車折抵券30分鐘及機車前六分鐘各8張，共獲得288
分鐘免費折抵券

新聞內容：
iRent今年響應「2024 臺南國際芒果節」，特別提供台南地區限定租車優惠，即日起至7／3
1（三），只要下載iRent App並輸入兌換碼「臺南芒果節」，即可獲得汽車折抵券30分鐘及
機車前六分鐘各8張，共獲得288分鐘免費折抵券，邀請民眾「開 iRent、遊台南、吃芒果」
，一同體驗夏日紅寶石的魅力與臺南之美。","joeliu109: 已領，謝謝。30分鐘效期到7/14
snowbanana: 每日領獎的30分鐘只有7天效期
hotcurry: 感謝 領到機車前六分免費
hung19890901: 有領有推
mystage: 推
shyang1028: 推
yankslakers: 是只要在該縣市租車就可以集一章 不
yankslakers: 用騎去它上頭推的景點吧？
wayne85626: 感謝 領到7/14前汽車60分鐘折抵卷
gnor: 推
jessicaabc98: 推
qa1724: 推
dowbane: 只推不領 洩漏用戶情報的公司的不值得
YTVW: 珍惜生命，遠離_____
emily770825: 推
cityman9999: 天氣熱30分鐘可以租車進去吹個冷氣
cityman9999: 再還車XD
OnB0930: 感謝已領
luther0583: 汽車低消60分，所以拿30分純吹冷氣還
luther0583: 是要自費30分的錢
luther0583: 集章不用到特定地點也不用像注意事項
luther0583: 寫的要熄火1分，集章的券效期90天
luther0583: 2個紀念章的活動不限一次，所以4縣市
luther0583: 可以領兩次，依此類推
yankslakers: 感謝L大解釋~
xhl12000: 這幾天開始抽得到60分鐘券了
xhl12000: https://i.imgur.com/asJLtVd.jpeg"
ptt,M.1720268910.A.2E6,https://www.ptt.cc/bbs/Lifeismoney/M.1720268910.A.2E6.html,Lifeismoney,[情報] iRent App 輸入兌換碼「kkday好朋友」,pchunters (齁齁齁),Sat Jul  6 20:28:28 2024,,還車,還有 yankslakers: 沒了QQ maxLOVEmimi: 沒了…. luther0583: iRent怠速會在還車後才通知，不痛不癢 luther0583: https://i.imgur.com/m0s1Z9R.png,"好康必領！新朋友/老朋友 KKday 專屬 iRent 抵用券（詳見注意事項）

新會員於 iRent App 輸入兌換碼「kkday新朋友」，可兌換 iRent 折抵券 汽車60分鐘1張+
機車前6分鐘2張 (數量 500)

iRent老朋友於 iRent App 輸入兌換碼「kkday好朋友」，可兌換 iRent 折抵券 汽車30分
鐘1張+機車前6分鐘1張 (數量 500)

https://m.kkday.com/zh-tw/promo/irent?cid=19317&ud1=PMax02&ud2=Brand","SteChang: 已領 感恩
warm0808: 已換
seadown: 已領
snowbanana: 已領
Yan964: 有
hung19890901: 有領有推
jeffyang666: 已領
shyreen: 感謝
shane2007: 感謝～
redant5566: 已領 推推！
beatifiez: 已領 感謝
Danbingko: 還可以換 感謝
alan0419: 已領，感謝
pmes9866: 推
attiude460: 已領
whshvaca: 領，感謝推
a88573081: 謝謝分享
yy45: 已領，感恩
t73226: 已領 感恩
tonyair: 有領有推
chiarefu: 謝謝分享
BREAKFAST204: 已領  感謝
wayne85626: 成功領取，推推
gazelle: 有領有推，謝謝
brokeback: 原地怠速吹冷氣會叫嗎？我記得格上的會
pchunters: irent不會，我都18度強風催下去
undershooter: 沒了
jim8q9a63: 沒了
a22530722: 感謝分享個資
bernardROC: 沒了sad
oldneo123: 領到了 謝謝
maxwells: 反推有夠難用停車的能地方少超多
ChangHash: 還有啊？
co66: 沒了
noleese: thx
byetwotwo: 沒了
twbroccoli: 沒了
greenwalker: 沒了QQ
landattack: 已兌換完畢
ba5600: 嗎剛剛點還有耶
curieux: 新朋友還有
yankslakers: 沒了QQ
maxLOVEmimi: 沒了….
luther0583: iRent怠速會在還車後才通知，不痛不癢
luther0583: https://i.imgur.com/m0s1Z9R.png"
ptt,M.1712794147.A.EC3,https://www.ptt.cc/bbs/Lifeismoney/M.1712794147.A.EC3.html,Lifeismoney,[情報] iRent路邊租還價格補貼新案,NCTULaoda (交大Kobe™),Thu Apr 11 08:09:05 2024,,還車,停車要加收錢的意思？ dck2000: 這麼近是不是叫uber划算，開irent 去萬 dck2000: 一找不到車位還車不就囧了 TurtleGods: 笑死，為了你的跨縣市，現在車子沒 brian751204: 這根本不是什麼促銷 只是找,"https://i.imgur.com/TGpoYMF.png

1. 桃園/基隆租 雙北還 折50
2. 新竹租 雙北還 折150
3. 新竹租 基隆/桃園還 折100

看起來應該是嫌新竹車太多
（4/17 10:00開始實施）","jerrylin: 真複雜的方案
black1x2y3z: 爛
wanubz9v: 靠杯 我都台北租新竹還 直接加150 這是
wanubz9v: 在搶錢吧
Greedguilty: 桃園都沒車
aimlsa: 最近車真的很少 根本租不太到
kevenshih: 還有line go, zipcar ，格上可以選
jameshcm: 租車還要算數學，抱歉，我租不了
waiting0912: 太貴
upeo: 好奇問，這個制度是我從林口要開去林口長庚
upeo: 停車要加收錢的意思？
dck2000: 這麼近是不是叫uber划算，開irent 去萬
dck2000: 一找不到車位還車不就囧了
TurtleGods: 笑死，為了你的跨縣市，現在車子沒
brian751204: 這根本不是什麼促銷 只是找免費工讀
circa123: 路邊現在很難找到
sss167943: 另類移車小幫手
logoaj: 早就開始了，不是嗎？新竹沒什麼車了
lizardc1: 新竹人太有錢都自己開私家車
lingerptt: 幹嘛找自己麻煩，還有找車位大事
Quart566: 越來越爛了，準備砍帳號不用了～
irene092: 至少其他地方沒收到150，而且這也不會是
irene092: 長期的制度"
ptt,M.1687176136.A.FC4,https://www.ptt.cc/bbs/Lifeismoney/M.1687176136.A.FC4.html,Lifeismoney,[情報]  iRent輸入兌換碼送汽機車折抵券,yahahah (ya~),Mon Jun 19 20:02:14 2023,,還車,"服也不理 vet1242000: 用irent按app租車要仔細看不然會以各 vet1242000: 種名目收錢，然後要還車時app秒數跳的 vet1242000: 特別快，還車一定要小心確認確實有歸 vet1242000: 還(按下還車鈕不等於已完成歸還手續， vet1242000: 還是會持續計費）irent就算推出再多活 vet1242000: 動也
---
個資 u6vu040531: 超過40萬筆 流通九個月 ：） iYolanda: 感謝分享 irene092: 應該是按還車就停止計費吧?只是介面要 irene092: 等他跑一下 mini0818: 感謝分享 OSullivan: 我也有還機","快月底才發現iRent六月的優惠券，不拿白不拿：
 
 https://i.imgur.com/VDYiwT8.jpg
 
1.新舊會員都能拿
優惠碼：六月自由學分
平日汽車30分鐘折抵券*3
假日汽車30分鐘折抵券*1
機車前6分鐘折抵券*6
 
2.新會員專屬
優惠碼：Hello新朋友
汽車60分鐘折抵券*1
機車前6分鐘折抵券*2
 
加碼的部分
汽車單筆租滿10小時都有再加送60分鐘折抵券
平日送一張，假日送兩張
可以先領起來
用不到也沒差","ex250203: 個資
yiche: 只有平日券*2 沒給我假日券zZ
yiche: 機車券也只有6分鐘 *4
judy2475: 沒有假日券＋1
cathyjwt: 領
ransan: 前面過期也沒辦法 剩下的不無小補
terry0201: 領推
pchunters: 推，先領再說
coolecco: irent煙味超重  客服也不理
vet1242000: 用irent按app租車要仔細看不然會以各
vet1242000: 種名目收錢，然後要還車時app秒數跳的
vet1242000: 特別快，還車一定要小心確認確實有歸
vet1242000: 還(按下還車鈕不等於已完成歸還手續，
vet1242000: 還是會持續計費）irent就算推出再多活
vet1242000: 動也不租
GoGoJoe: 我寧願騎電輔ubike
willy361: 勿忘個資
u6vu040531: 超過40萬筆 流通九個月 ：）
iYolanda: 感謝分享
irene092: 應該是按還車就停止計費吧?只是介面要
irene092: 等他跑一下
mini0818: 感謝分享
OSullivan: 我也有還機車的時候卡bug被多算10分鐘
OSullivan: 但客服死不退我錢
moses801: i app 超爛 但感謝
san5229: 卡bug的可以跟客服說會退錢
mio8390: 路邊停車停白線要收錢喔~ $3000
yiche: 瞭改 謝謝分享
sfarer: 連線反應要算，多加一兩分鐘
qas222: 才剛還完車 可惜太慢看到了
ch12789: 個資
a130841412a: 個資 然後還沒有給我補償的那個卷qq
jc761128: 個資裝死後我就刪APP了"
ptt,M.1680792760.A.9C9,https://www.ptt.cc/bbs/Lifeismoney/M.1680792760.A.9C9.html,Lifeismoney,[情報] iRent汽車30分鐘折抵券4張,oamCNU (Cmon),Thu Apr  6 22:52:38 2023,,還車,行 hsuan0819: 之前租irent汽車，面板有警示燈壞掉. hsuan0819: 車門壞掉不能開，打給客服，要我還車然 hsuan0819: 後沒有配套，不然就是繼續使用，超不 hsuan0819: 推薦！！！ noleese: 個資,"兌換碼：「四月驚喜彩蛋」

https://i.imgur.com/Kb37vVq.jpg

1. 兌換方式：開啟【iRent APP】→點選左上角【≡】選單→點選【優惠管理】→【優惠
券】→【優惠券兌換】，輸入兌換碼即可兌換。

2. 「開啟你的每週彩蛋」活動期間於iRent APP輸入本活動之兌換碼，則最多可獲得「驚
喜彩蛋汽車平日30分鐘折抵券*3張(以下簡稱 “平日折抵券”)、驚喜彩蛋汽車假日30分
鐘折抵券*1張(以下簡稱 “假日折抵券”)，共計4張折抵券」。

3. iRent會員得在兌換「開啟你的每週彩蛋」折抵券後，自2023/4/6起至2023/4/28，依
照領取之折抵券效期(本活動贈送之平日折抵券共3張、效期如下：第一周效期為4/6-4/14
、第二周為4/17-4/21、第三周效期為4/24-4/28)使用。本活動提供之1張假日折抵券共可
用於活動期間(2023/4/6 - 2023/4/28)之假日(4/8, 4/9, 4/15, 4/16, 4/22, 4/23) ，
不得使用於平日，過期亦不得要求補發。","chung917: 官方出來洗地了
videoproblem: 台南跟高雄路邊租還不整合
neo8665: 個資 滋滋
tim96tim: 個資只值30分鐘～
u6vu040531: 讚
McFc: 個資不值錢
wanubz9v: 不爽不要用
rich55720: 生意不好，牛肉太少
yankslakers: 難用 給我機車時數比較實在 不要券
louis903: 記得不要刷卡，不過應該就不能用了
ltl1221: 每次租iRent都會一肚子氣..另外兩間好多
ltl1221: 了
moses801: i爛
raykyo: App難用
HaiirotoAo: App比IE還更慢 爛到不行
hsuan0819: 之前租irent汽車，面板有警示燈壞掉.
hsuan0819: 車門壞掉不能開，打給客服，要我還車然
hsuan0819: 後沒有配套，不然就是繼續使用，超不
hsuan0819: 推薦！！！
noleese: 個資
EthereumPTT: 個資
w20615: 只有車多的優點而已，費率比別人貴，車又
w20615: 爛
u92202: 2小時換個資，划算
iYolanda: 個資問題不是有說都有加密嗎 資料是在
iYolanda: 銀行那
PPPGGG: 不能刪信用卡真的很麻煩
lydia09: 推 已經換了
minlochen: 個資 扣分
rz759: 很少用，但還是領一下
terfd: 新聞說40萬個資外流自己注意喔
Tristanh: App難用又有個資外流
elecfan: 補推，iRent的租金還是比較便宜
flowersuger: 個資外流
ch12789: 個資"
ptt,M.1674102847.A.35A,https://www.ptt.cc/bbs/Lifeismoney/M.1674102847.A.35A.html,Lifeismoney,[情報] irent機車時租優惠活動,juliai (六賴),Thu Jan 19 12:34:05 2023,,還車、不能還車、拍照,"電話去延長使用期限 GoGoJoe: 好 過年就騎irent回澎湖 hahawo: app真的很慢，不關借車開車廂開電池還車 hahawo: 拍照都要看它 轉～轉～轉～轉～ xxsiang: 小心隨便被扣錢 pchunters: 最爛的是，還車結帳最後跑出錯誤畫面 pchunters: ，跳出來後發現已經結帳完成 kittyIloveU: APP我用還可以欸 y
---
: irent車維護有夠爛 連續2次騎到電池有問 AHEAD099: 題的騎到斷電 liyahui: 有次跨年夜溫度9度不能還車，打客服快40 liyahui: 分鐘才接， liyahui: 其中一位朋友用臉書找客服，當時線上完全 liyahui:","https://i.imgur.com/a4Z7rtt.jpg

irent時租活動
4小時260元
8小時400元
另外還有長時數像是24、36小時等等
https://www.irentcar.com.tw/UPLOAD/event/111event/2253/index.html

有興趣的連結點進去自己看
目前一般機車租金是前6分鐘15元，後面每分鐘2.5元
最便宜的方案一分鐘只要$0.35元
買這個方案是划算不少","yankslakers: 威摩租一天是$350 不懂跟進怎會這樣
cuteman0725: app這麼慢 怎會有自信提出這價格
iYolanda: 推 8小時400真的便宜
u6vu040531: 便宜不用加油 但速度不快
cityman9999: 速度是要多快?
hsiaulong: wemo會受限於要找到下一台有電的車
hsiaulong: irent可以找車，也可以找換電站
JCK0417: app真的跑很慢
jdcbest: 若要24小時，則wemo的24小時$350比較實惠
jdcbest: irent的app真的比另兩家難用
a08155556: wemo騎離範圍就沒電了,irent至少可以換
mio8390: 小心被罰錢
purple7329: 春節不能折抵，2小時多沒了QQ
purple7329: http://i.imgur.com/UfLM0ri.jpg
purple7329: 累積600分鐘24H 0元
kawaiimon: irent有power模式可以騎比較快
Ping0502: 還行拉 有送里程額度不錯啊
a0929935070: irent app 是我這輩子用過最難用的ap
a0929935070: p
a0929935070: 只要轉圈圈都10-20秒起跳
shenomanonn: irent春節不能折抵購買的時數，租車
shenomanonn: 前不會提醒，請注意不要白花錢
DSB520: 爛死 今天起不能用原本時數折抵 公告又小
DSB520: 今天被收兩次 我還以為是我問題
DSB520: 然後也漲價了
DSB520: 樓上p大可以打電話去延長使用期限
GoGoJoe: 好 過年就騎irent回澎湖
hahawo: app真的很慢，不關借車開車廂開電池還車
hahawo: 拍照都要看它 轉～轉～轉～轉～
xxsiang: 小心隨便被扣錢
pchunters: 最爛的是，還車結帳最後跑出錯誤畫面
pchunters: ，跳出來後發現已經結帳完成
kittyIloveU: APP我用還可以欸
yankslakers: 樓上 還沒而已 總有一天雷到你
andy3021515: Irent整個系統非常不穩定，工程師請
andy3021515: 自己去用用看wemo goshare 的系統，
andy3021515: 好用多了
caihuayang55: 推iRent
god70541: irent app真的爛
cc53145: 沒車才是重點     數量變這麼少.........
spring28892: irent就只願意花低薪請工程師阿 ㄏㄏ
im33024: App跟狗屎一樣 能不用就不用 GoShare好
im33024: 多了
newpttman: app真的爛，客服還不能聯繫，不如go s
newpttman: hare
purple7329: 打客服換電獎勵沒辦法延長耶 ，
purple7329: 哪來假消息？
Workshy: irent免費我都不想用
yankslakers: 刷電王紫哥怎麼會天真到信鄉民亂講
yankslakers: 他可能是誤會你用買的時數啦
vivianleee: 卡是之前吧，最近用沒什麼問題
ooxxboy: irent的車品質不一，騎過時速最高30，比
ooxxboy: 電動腳踏車鳥，而且app不友善，不常用的
ooxxboy: 人可能開始騎已經過三分鐘
ooxxboy: 而且租八小時400不便宜吧，傳統租機車一
ooxxboy: 天也才多一點而已
jdes973241: irent app有夠爛，每次都轉半天，浪費
jdes973241: 我的錢，上次還騎到一半直接無預警拋
jdes973241: 錨，差點被後車撞死
jdes973241: wemo才$350/天，不管騎乘上還是app使
jdes973241: 用體驗上都屌打irent，更不用說$400這
jdes973241: 個價格我乾脆去租傳統油車就好，幹嘛
jdes973241: 騎這破爛車氣死自己
jdes973241: 原來irent 24hr要$520，還真敢開價
AHEAD099: irent車維護有夠爛 連續2次騎到電池有問
AHEAD099: 題的騎到斷電
liyahui: 有次跨年夜溫度9度不能還車，打客服快40
liyahui: 分鐘才接，
liyahui: 其中一位朋友用臉書找客服，當時線上完全
liyahui: 沒人回，1/2x客服回覆若還需要服務可以再
liyahui: 私訊小編
liyahui: 以上是講汽車
breakhart: 打不進去可能就要留言請客服回電"
ptt,M.1672890121.A.F95,https://www.ptt.cc/bbs/Lifeismoney/M.1672890121.A.F95.html,Lifeismoney,[情報] iRent北區小隊滿資格送時數,Josuia1018 (LemonADE),Thu Jan  5 11:41:58 2023,,還車,"車記得加買保險 祝各位開車愉快 以下細則 活動規則(達成條件送時數折抵券) 一、基本規則：每周五結算一次，符合取還車條件即贈送(依筆數計算)： (1)桃園、基隆取車，台北市、新北市指定區還車 →送汽車30分鐘/筆 (2)新竹取車，台北市、新北市指定區還車 →送汽車60分鐘/筆 *迎春周加倍送：2023/1/16(一)~1/20(五)，「從桃/竹/基取車→雙北還車」，額外贈送 汽車60分鐘/筆(不適用下方加碼贈規則) 二、加碼贈規則： (迎春周(1/16~1/20)不適用) 1. 達標加碼贈： 每周結算「桃/竹/基取車→雙北指定區還車」合約數 減「雙北指定區取車→桃/竹/基還 車」合約數達1筆以上，額外贈汽車30分鐘/筆(以相減後合約數計算，舉例：該週
---
/竹/基合約數1筆，則額外贈送30*2筆=60分鐘) 2. 週五加碼贈： 「二月起」每週五「從桃/竹/基取車→雙北指定區還車」，每筆額外贈送汽車30分鐘 pk082828: 這算路邊租還對嗎 brokeback: 三寶真的不要開車，無關買不買保","三寶們的福利來了
https://reurl.cc/gQjqzQ
登記滿資格就送時數 誠心提醒不懂開車記得加買保險
祝各位開車愉快


以下細則


活動規則(達成條件送時數折抵券)
一、基本規則：每周五結算一次，符合取還車條件即贈送(依筆數計算)：
(1)桃園、基隆取車，台北市、新北市指定區還車

→送汽車30分鐘/筆

(2)新竹取車，台北市、新北市指定區還車

→送汽車60分鐘/筆

*迎春周加倍送：2023/1/16(一)~1/20(五)，「從桃/竹/基取車→雙北還車」，額外贈送
汽車60分鐘/筆(不適用下方加碼贈規則)


二、加碼贈規則： (迎春周(1/16~1/20)不適用)
1. 達標加碼贈：
每周結算「桃/竹/基取車→雙北指定區還車」合約數 減「雙北指定區取車→桃/竹/基還
車」合約數達1筆以上，額外贈汽車30分鐘/筆(以相減後合約數計算，舉例：該週往雙北
合約數3筆，往桃/竹/基合約數1筆，則額外贈送30*2筆=60分鐘)
2. 週五加碼贈：
「二月起」每週五「從桃/竹/基取車→雙北指定區還車」，每筆額外贈送汽車30分鐘","pk082828: 這算路邊租還對嗎
brokeback: 三寶真的不要開車，無關買不買保險
f8902034: 這個操作很厲害
f8902034: 把外縣市的車往台北市調
f8902034: 然後春節的時候狠狠賺一筆返鄉租車潮
Mikami1930: 推 感謝分享"
ptt,M.1667447237.A.E11,https://www.ptt.cc/bbs/Lifeismoney/M.1667447237.A.E11.html,Lifeismoney,[情報] iRent線上旅展最高每小時折85元,gmmrr18 (shark),Thu Nov  3 11:47:15 2022,,扣款,掉平日時數，選部分折 tim007: 抵，就只輸入假日的時數，另外，可以在扣 tim007: 款頁面確認金額就能知道是否扣款正確 tim007: 10個小時算一天，禮拜五算平日，禮拜五租1 tim007: 0小時，就算跨到假日還是平日價 qua,"時間：11/3~11/9
優惠內容：
1.iRent 20hr租車券3100元
2.iRent 50hr租車券7750元
換算下來都是155元/hr
還有和運的平日限時券及一日租車券
另外任買一件商品，就送大禮包乙組
(iRent汽車折抵券30分鐘*1、機車折抵券5分鐘*2)

整體優惠算還不錯
以假日要租比較貴一點的車來說
像目前專案價CC要240元/hr
用這次租車券最多就可以每小時多折85元
有用車需求的可以先買起來之後慢慢用

網址：https://www.irentcar.com.tw/UPLOAD/event/111event/2226/index.html","canlest: 雙11真的這種帳號特多
violinboy168: 我平日租一小時110就好了，幹嘛跟你
violinboy168: 買155
uke823: 假日168起跳啊== 能租平日便宜假誰要租假
uke823: 日 到底有什麼問題
jeremy84518: 根本沒便宜多少…
vivianleee: 感謝分享！
tim007: 155能租到240的休旅
tyuiop102: 如果要假日租兩天cross 買20小時是不是
tyuiop102: 薛翻@@
miuky88: 這租車卷還要另外付里程費用嗎
nikidd: 回樓上的，應該是要另算里程費用
yiche: 有同疑問，謝謝樓上n大。
canlest: CC車很少..要搶得到
insu36: 如果租期是五~日，不知道會怎麼扣耶？ ？
insu36: 優先扣假日嗎？
kiwiwoo: 以前是130
scottie5138: 期限是2023/1/15 超短 各位小心
kiwiwoo: 贈送的禮包才是樓上那時間
taiwansupply: 大當機到現在一堆人都還沒收到退款
taiwansupply: 退時數，雨中罰站三四小時算活該
hahawo: 有什麼好噓的，這個到年底社團還是會有人
hahawo: 在徵
irene092: 其實就算買來假日租一般車也有便宜
TSMCfabXX: 沒錯, irent 好難用, 大家都不要租,
TSMCfabXX: 我來租就好了
canlest: 買起來慢慢用就是誤導人
iYolanda: 假日專案價最低168元 這個連假日都155
iYolanda: 元當然有便宜....
wmdlifecoba: 慢慢用到底哪裡誤導? 買的時數券可以
wmdlifecoba: 用到明年年底，確定有在看內容...
tim007: 只有抵用租車費，里程和過路費另外算
tim007: 平日跨假日，要先扣掉平日時數，選部分折
tim007: 抵，就只輸入假日的時數，另外，可以在扣
tim007: 款頁面確認金額就能知道是否扣款正確
tim007: 10個小時算一天，禮拜五算平日，禮拜五租1
tim007: 0小時，就算跨到假日還是平日價
qualia1: 感謝分享，剛好年底有要用車
yummy8765: 純噓“慢慢用“&沒寫出券到期日（推文
yummy8765: 有）
alstonfju: 平日用go smart就好了才88，這種券當然
alstonfju: 是要假日用阿，推文裡說的期限也不對，
alstonfju: 這次買的時數期限到明年底
mio8390: irent停白線罰三千還有人在用喔?"
ptt,M.1666768775.A.1D3,https://www.ptt.cc/bbs/Lifeismoney/M.1666768775.A.1D3.html,Lifeismoney,[情報] iRent邀請好友拿100元711禮券,rachechen (芮蒂),Wed Oct 26 15:19:32 2022,,還車,landa: 感謝分享 7-11禮券不知道還有沒有QQ wsxe2007: 有夠難用 整天等他轉圈圈就好 RELIC: 還車轉圈圈 Ping0502: 我還車都蠻順的啊,"iRent新的會員活動
活動網址：https://irentcar.pythonanywhere.com/
活動時間：10/26~11/30
活動內容：
1.成功推薦1位好友審核通過成為iRent會員，即享「iRent汽車1小時折抵券」抽獎資格(
抽出100名)
2.好友推薦人數達到3位，即送100元7-11禮券乙張！(限前333名，送完為止)
3.新加入iRent送60分鐘汽車時數

而且既有的好友推薦時數 看起來還是可以拿
等於推薦3人就有90分鐘時數(最高180，如果拉來的人有租車) + 7-11禮卷X1 + 抽1小時
折抵券

這次獎品還滿多
大家可以趕快推薦一下
朋友加入也可以拿時數 還不賴","elise234: 折扣碼跟新會員時數是不是可以疊加?
kittyIloveU: 推 剛剛把同事加一加了 希望有拿到
kittyIloveU: 禮券
cs23915696cs: 感謝分享
yankslakers: 邊緣人QQ
s1024325: 樓上QQ
Heng1018: 6樓88
Klauhal: 自殺
irene092: irent優惠真的多
iYolanda: 感謝分享 7-11禮券不知道還有沒有QQ
wsxe2007: 有夠難用 整天等他轉圈圈就好
RELIC: 還車轉圈圈
Ping0502: 我還車都蠻順的啊"
ptt,M.1664824404.A.EA7,https://www.ptt.cc/bbs/Lifeismoney/M.1664824404.A.EA7.html,Lifeismoney,Re: [情報] Irent感謝祭折抵券$1500,taiwansupply (島國補給站),Tue Oct  4 03:13:22 2022,,還車、還車失敗,"份才可以折抵 例如騎乘七分鐘，只收你6分鐘錢，第7分鐘直接用5分鐘折抵券折掉不收費 但實際情況是 每次騎乘超過6分鐘才還車的話 系統會預設要你用掉本週折抵券 如果你不要使用的話就要在打勾欄位再點一次取消選取 實際使用經驗如果該次騎乘時間低於10分鐘 我會勾選取消使用折抵券 超過11分鐘就用系統預設勾選來還車結帳.... 但一個禮拜過去了 每次超過11分鐘的行程沒取消使用折抵券（就是要用券） 但結帳結果反而沒有5分鐘折抵券出現
---
租了6小時的樣子，不算短租 yummy8765: 但我之前也被這個爛app搞過，第一次租 yummy8765: 汽車，還車沒有跳成功頁面就直接退出， yummy8765: 結果我隔了兩小時才發現時間還在繼續 yummy8765: 算，還因為我逾時還車扣我信用分數 u6vu040531: 汽車租過兩次1小時都能折抵半小時 ltlai: 這哪招？其他成功回報的推文怎麼被修了？ ltlai: 三家都有用，要講還車20分鐘就有點誇張了 shun7912: https://i.imgur.com/FBVPL75.jpg shun791
---
erda: 話說我早上分享租車一小時可折抵30分鐘的推 nerda: 文真的被刪除了，應該原po誤刪吧？ nerda: 還車有80%機會碰到閃退，要再自已重開app重 nerda: 開看一次，以免還車失敗被扣錢 applejuice23: 上次系統當掉 根本沒騎到車還被扣 applejuice23: 錢 寫信給客服也沒回沒
---
鐘成功 khljgkjpp52: 汽車同站租還的小心，停車位被停滿只 khljgkjpp52: 能等別人出來有空位了才能還車","※ 引述《littlechief (bebe)》之銘言：
: https://i.imgur.com/QlPJnSr.jpg
: 連結在此
: https://ourl.tw/FMS5z4
: 平日才能用
: 留言補充兌換碼都一樣
: 2022thankful
這個活動上線一段時間了
發現下面這個問題大家要小心一下

每週會送你5分鐘機車折抵券
遊戲規則：超過6分鐘的部份才可以折抵
例如騎乘七分鐘，只收你6分鐘錢，第7分鐘直接用5分鐘折抵券折掉不收費

但實際情況是
每次騎乘超過6分鐘才還車的話
系統會預設要你用掉本週折抵券
如果你不要使用的話就要在打勾欄位再點一次取消選取

實際使用經驗如果該次騎乘時間低於10分鐘
我會勾選取消使用折抵券

超過11分鐘就用系統預設勾選來還車結帳....
但一個禮拜過去了
每次超過11分鐘的行程沒取消使用折抵券（就是要用券）
但結帳結果反而沒有5分鐘折抵券出現
還是全額要自己買單
然後查看優惠券欄位顯示該週尚未使用

就這樣每次APP 都在把人裝肖維
然後過了一週系統自動消失該週折抵券

這活動是擺明要來欺騙社會大眾的嗎？
因為機車都在騙人了，所以汽車就不實驗那免費的30分鐘真偽了

因為沒有實驗騎乘時間低於10分鐘使用折抵券的緣故
所以想問大家是否低於10分鐘的部份系統才會甘願讓大家使用折抵券？
可以全額折抵5分鐘的系統自動忽略這些完美折抵者的存在？","ltlai: 我使用汽機車都有折抵成功，有問題其實可
ltlai: 以問問客服，訂單紀錄上有合約查詢都蠻詳
ltlai: 細的
yummy8765: 我上禮拜用汽車的30分鐘有成功，但我
yummy8765: 租了6小時的樣子，不算短租
yummy8765: 但我之前也被這個爛app搞過，第一次租
yummy8765: 汽車，還車沒有跳成功頁面就直接退出，
yummy8765: 結果我隔了兩小時才發現時間還在繼續
yummy8765: 算，還因為我逾時還車扣我信用分數
u6vu040531: 汽車租過兩次1小時都能折抵半小時
ltlai: 這哪招？其他成功回報的推文怎麼被修了？
ltlai: 三家都有用，要講還車20分鐘就有點誇張了
shun7912: https://i.imgur.com/FBVPL75.jpg
shun7912: 今天才剛用沒什麼問題欸
kimula01: 看成INTEL...
playoffmogi: 看成intel折抵1500...
key88123: 2022thankful是不是不能用了 明明到月底
key88123: 啊 耍白痴了 原來時數跟優惠券分開的
nerda: 請問汽車送20分鐘是不是無法使用？至少要累
nerda: 積有半小時才能抵扣？
nerda: 話說我早上分享租車一小時可折抵30分鐘的推
nerda: 文真的被刪除了，應該原po誤刪吧？
nerda: 還車有80%機會碰到閃退，要再自已重開app重
nerda: 開看一次，以免還車失敗被扣錢
applejuice23: 上次系統當掉 根本沒騎到車還被扣
applejuice23: 錢 寫信給客服也沒回沒處理 再也不
applejuice23: 用
Dybala21: irent的連線真的爛，反映很多次了，為
Dybala21: 什麼不花一點經費修正這個問題？我現在
Dybala21: 有goshare就不用irent
Dybala21: *反應
Harryggg: 請問租汽車一小時折半小時這樣要付多少
Harryggg: 租金？
nerda: 假日就168*1小時+公里數*3+過路費-84元
u6vu040531: 就一小時租金/2+里程啊
gp125: irent 機車難用到爆
gugan123: 發個券限制也太多 現在都騎wemo
takeshi345: 使用沒問題 說實在 我自己用下來還是
takeshi345: 覺得irent最好用
Ping0502: 都折抵成功欸 打電話問客服?
a130841412a: 我自己是成功欸～ 會直接扣掉使用時
a130841412a: 間 比如用了30分鐘 結帳時只會出現25
a130841412a: 分這樣
ms84561011: 租汽車1小時有折抵30分鐘成功
khljgkjpp52: 汽車同站租還的小心，停車位被停滿只
khljgkjpp52: 能等別人出來有空位了才能還車"
ptt,M.1664356777.A.1F1,https://www.ptt.cc/bbs/Lifeismoney/M.1664356777.A.1F1.html,Lifeismoney,[情報] IRent小學堂答題送時數,sky64 (SkY),Wed Sep 28 17:19:34 2022,,還車,不夠了還可以扣汽車 NSyndergaard: 咦我看怎麼好像沒更新 steven199209: 我的經驗是不會自動扣 還車的時候要 steven199209: 注意勾選才有 Melmetal: 感謝樓上們 下次注意 ottontu: 感謝分享,"https://bit.ly/3rlXLcu

9/28又更新了～
10/4前完成最高可以獲得300分鐘
實測過真的有拿到時數！","Melmetal: 想問一下時數怎麼用 租了幾次都沒扣掉
ltlai: 結帳會自動扣除，汽車僅能使用汽車時數，
ltlai: 機車扣機車優先，不夠了還可以扣汽車
NSyndergaard: 咦我看怎麼好像沒更新
steven199209: 我的經驗是不會自動扣 還車的時候要
steven199209: 注意勾選才有
Melmetal: 感謝樓上們 下次注意
ottontu: 感謝分享，拿到20+20分鐘
patrick2000:  有新增什麼單元嗎~為什麼看起來沒
patrick2000: 有更新？
k8530908: 題目沒新增吧  早就都寫完了
nerda: 汽車要租至少一小時才能折抵送的時數
avla12: 沒有更新
hotcurry: 這不是舊的嗎？
jasontim: 晚答題的話贈送的時數會比較晚到期嗎？
ksuenjjr: 一年才過期
Jimmywin: 沒有新的
xxmmyo817026: 沒有
vvBMWvv: TO 1F 我也記得不會自動扣 要自己按扣除
vvBMWvv: 時數 才會去扣除
lidongyun: 謝謝
franck817: 本來有做過了，這次做完有多40分鐘。
franck817: 感謝分享
purple7329: 一週一次5分券才會自己跳
yankslakers: 真的有新的 預授權單元 補課補滿 謝!
bear7731: 謝謝分享
linda7907: 感謝分享
kevin416: 謝謝~
u6vu040531: 沒有 都寫過了
pouy: 有新題目 感謝分享
q684351852: 都寫過了
wunn: 請問汽車租一小時才能折抵，是只能折20分鐘
wunn: ，還是可以一次折60分鐘？
preter0824: 舊的，都寫過了
isthislatte: 填寫過了"
ptt,M.1663734748.A.9AD,https://www.ptt.cc/bbs/Lifeismoney/M.1663734748.A.9AD.html,Lifeismoney,Irent感謝祭折抵券$1500,littlechief (bebe),Wed Sep 21 12:32:26 2022,,還車,次轉圈圈讓你啟動無 taiwansupply: 法發動，換電換好幾個換電站才有電 taiwansupply: 池可以換，還車一直閃退或轉圈圈到 taiwansupply: 天長地久都遠超過送你的幾分鐘 ninehole: 感謝~推! warm0,"https://i.imgur.com/QlPJnSr.jpg

連結在此

https://ourl.tw/FMS5z4

平日才能用
留言補充兌換碼都一樣

2022thankful","sun24220499: 分類
kaiserfhu: 謝謝
syun1994: 兌換碼好像都一樣：2022thankful
abezoumi: 推！一次使用一張30分鐘喔
purple7329: 2022thankful一樣的嗎？
bonbonsfille: 一樣
wadeCC: 每次租車能折抵一次 使用期間一週
wadeCC: https://i.imgur.com/De25VH7.png
braindead: 越晚換可以越後面用嗎
chiarefu: 謝謝 原PO 跟3樓
DSERYU: 要漲價了
panTHT: 謝謝分享
cskevin: 送的時數只能平日 可以周末使用抵價差嗎
nk6100015: 也不知道是不是滿一小才能折一張
maxwells: 感謝分享
zeus7668: 有換有推
NSyndergaard: 要超過一小半折才有用吧
stevechu: 感謝分享
chping0522: 沒寫限制吧
cccydi: 一直顯示找不到券號 有人換成功嗎？
nk6100015: 要要點到優惠券頁籤，不能在時數頁籤
patrick2000: 有拿有推
MissingCat: 回樓上，汽車一次租用最低就是一小時
s13541298: 看成Intel== 484該看眼科了
yht2: 要點優惠卷輸入序號
patrick2000: 想請問，時數跟優惠券是可以同時併
patrick2000: 用的嗎？例如租車一小時，可用一張30
patrick2000: 分鐘優惠券，跟一個30分鐘時數折抵
patrick2000: 嗎？感恩
icrt: 謝謝分享
kevenshih: 機車汽車不能互抵
yankslakers: 有領有推 可以搭換電時數使用 讚啦
maid1214: 領到Tks
briyanc: 感謝分享
s58787: 推
ricky661: 謝謝分享
redspider: 謝謝分享
shine66333: 好讚
luuchien: 謝謝分享
charliebitme: 低調
ja60206411: 感謝分享
xu3xk4: 謝謝分享
roger960: 感謝分享
milk232004: 感謝分享
holycarest: 謝謝
a88242978: 感謝感謝
a130841412a: 感謝分享 雖然有點少的嗚嗚
chopincat: 有拿有推
yummy8765: 某樓猜對了 好像是路邊租還要漲價
nashQ: 感謝
beatnik: 感謝
kiwiwoo: 已公告漲價
Dishitney: 路上看到記得閃
kvn6933630: 兑換不了 按完顯示找不到此序號
nashQ: 樓上 是去「優惠券」區兌換喔 通常點進去
nashQ: 是「時數」區
neweb: Thanks
rtkict: 怕爆
ivanchou: 應該是路邊租還維護成本較高，不過格上
ivanchou: 最近倒是加入路邊租還的行列了
DORAAMON: 讚耶
oklalyt: 按優惠券兑換，跑一跑後沒反應
im33024: +1
tmac829925: 沒反應+1
play7700271: 沒東西
w1477olk: 轉圈圈 轉完504 Gateway Timeout
jimsam: 感覺API壞了 沒有任何反應
cortisol: 沒反應+1
sunkist74: 沒反應+1
ruby31416: 沒反應
shesay: 轉圈圈
clasp: 又可以了
seou: 代碼就3樓那個  不用試了
OnB0930: 已換 謝謝分享
baibai0123: 已換 感謝分享
a100213: 晚上7點整兌換成功了
mono1023: 用卷還可以抵用時數嗎
jo60913: 感謝
purple7329: 77樓可以
mio8390: 感謝irent
ttyy014997: 感謝兌換成功
trainmay: 感謝分享
r51211214: 有領有推
lidongyun: 感謝分享
David2018: 感謝分享！
dadadadada: 謝謝分享
afubo: 剛才租車，時數跟優惠券可併用，我用1張優
afubo: 惠券跟30分鐘把租金抵到0元。
chuck1307: 有領有推
COOLRANDY: 感謝
virgo5168: 感謝分享，想請問板上使用過的，會有
virgo5168: 車種限制？  譬如限使用Yaris而已？
virgo5168:  或是通用？
shawnm80: 大家兌換碼都一樣 幹嘛要驗證電話阿XD
kevin416: 謝謝
kevenshih: 不限
kadngkat: 感謝分享
trainmay: 請問優惠券的汽車可以用在機車嗎？
PBfire: 感謝分享
waterpuppy: 感謝分享
xhl12000: 感恩
EthereumPTT: 感謝
marvelgod: 感謝
purple7329: 一週一張QQ
ipspro: 所以開剛剛好半小時不能折嗎？
s910928: 低消一小時啊
iYolanda: 有領有推 這次大放送真的佛
taiwansupply: 當然佛，因為每次轉圈圈讓你啟動無
taiwansupply: 法發動，換電換好幾個換電站才有電
taiwansupply: 池可以換，還車一直閃退或轉圈圈到
taiwansupply: 天長地久都遠超過送你的幾分鐘
ninehole: 感謝~推!
warm0808: 汽車不能抵機車 汽車要消費1小時單位"
ptt,M.1657598881.A.962,https://www.ptt.cc/bbs/Lifeismoney/M.1657598881.A.962.html,Lifeismoney,[情報] iRent機車時數10分鐘,aava0207 (luckycat),Tue Jul 12 12:07:59 2022,,還車,19: 禮拜五再來換 感謝 jerrylin: 偷時間有意思嗎 應該要擔心使用率太低 mappyme: 可是我最近借車還車都很快耶 sunrise2015: 樓上該不會是irent員工吧？唯一的使 sunrise2015: 用例外 takeshi345: 租還車我是覺得蠻順的 不過他這樣設定 takeshi345: 是因為安全疑慮嗎?,"時數兌換時間：7/12~7/14
使用效期：兌換後4天

序號：iloveSummer","GuoJia: 推，感謝提供
hotcurry: 感謝
ooxxboy: 第一次騎或不常騎的，等用好開始騎車就過
ooxxboy: 5分鐘了，覺得系統不是很友善，安全帽常
ooxxboy: 有狀況
lingerptt: thank
chiayigo: 上次借車，安全帽一個扣環是壞的，另一
chiayigo: 個臭爆
xyz601122: 謝分享
RYcyoci: 感謝分享
edison384: 安全帽真的臭爆
yy5133: 感謝分享
achi820: 推
kevenshih: app偷時間偷得很凶
cwl717033: 已使用 感謝
blackZ2: 偷秒數真的很嚴重
taiwansupply: 送你10分鐘偷你100分鐘的概念
taiwansupply: 每次都會偷你1~2分鐘，為了這兩分
taiwansupply: 鐘打客服要花30~60分鐘不划算
bbbAce: 推，不過app真的需要優化
joliecheer: 已兌換 感謝
edge200519: 禮拜五再來換 感謝
jerrylin: 偷時間有意思嗎  應該要擔心使用率太低
mappyme: 可是我最近借車還車都很快耶
sunrise2015: 樓上該不會是irent員工吧？唯一的使
sunrise2015: 用例外
takeshi345: 租還車我是覺得蠻順的 不過他這樣設定
takeshi345: 是因為安全疑慮嗎?"
ptt,M.1655718527.A.ADA,https://www.ptt.cc/bbs/Lifeismoney/M.1655718527.A.ADA.html,Lifeismoney,[情報] iRent優省車(橘標)租滿時間再送時數,rachechen (芮蒂),Mon Jun 20 17:48:45 2022,,還車,iresworld: 車子很少，不用特別找… prodd: 車子我有一次看到還是在服務區外的荒郊 prodd: 但是怎樣還車很好奇我也不想去借 fatslave: 推過去很難嗎腦殘 like0520: 少得可憐 gp125: 某樓很嗆欸 sen,"https://i.imgur.com/4zQQgtc.jpg
剛剛要租車看到的
汽機車路邊租還找到有橘色標示的優省車
租滿一定時數後(汽車60分鐘、機車6分鐘)
會再贈送免費時數
目前看到機車好像都固定送12分鐘
汽車則有分送30分鐘跟60分鐘的
蠻不錯的是可以當次折抵
近期要租車的版友可以稍微注意一下
但有些地方有有些地方沒有
大家可以找一下","prodd: 橘標沒想像中多
Neil000: 我以為這種是快沒油 沒電的車
iYolanda: 感謝分享
zoe11288338: 能現折真的不錯
Tinjea: 可能是很久沒人騎的車，用這種方式促進使
Tinjea: 用率
neo8665: 整個雙北目前只看到2臺車，真的不用期待
luciferhsu: 月初台北騎過一次 接下來從沒看到過
viresworld: 車子很少，不用特別找…
prodd: 車子我有一次看到還是在服務區外的荒郊
prodd: 但是怎樣還車很好奇我也不想去借
fatslave: 推過去很難嗎腦殘
like0520: 少得可憐
gp125: 某樓很嗆欸
sentimentals: 我上週開了橘標，車子很髒，車況也
sentimentals: 不好，雨刷很卡…
kkmansky: 和泰旗下的，無法推。太噁心
Ping0502: 汽車如果租到折60分鐘的 租一小時不就免
Ping0502: 費
kenny719: 跟格上學的 但格上未清的不髒
takeshi345: 我租到irent車都蠻乾淨的
wishwash: 可以去辦一張玉山數位e卡有10%回饋
itsfated: 我租到的也都蠻乾淨"
ptt,M.1654772135.A.99B,https://www.ptt.cc/bbs/Lifeismoney/M.1654772135.A.99B.html,Lifeismoney,[情報] iRent 共享機車部分車子送12分鐘bug,summer072 (KLU),Thu Jun  9 18:55:33 2022,,還車、無法還車、拍照,"租了 https://i.imgur.com/gPCKCQL.jpg 優惠折抵12分鐘，騎了5分多鐘，12分鐘以下，還車時被扣了13塊（租6分鐘的錢） 覺得很奇怪打去問客服，結果客服居然說，折12分鐘優惠，要騎超過6分鐘系統才會啟用 ，所
---
的告誡文 taiwansupply: 它就算送你100分鐘，也有辦法讓你 taiwansupply: 停在原地200分鐘無法還車，自貼100 taiwansupply: 分鐘以上的錢 u6vu040531: 樓上形容的真生動 taiwansuppl
---
無言 taiwansupply: k大說的偷時間哀怨已經偷很久了，AP taiwansupply: P顯示騎6分01秒按還車系統說你騎了9 taiwansupply: 分鐘，你會為了爭這一兩分鐘打客服 taiwansupply: 專線？（尤其難
---
0 taiwansupply: 分鐘以上等人接電話跟無聊無效的對 taiwansupply: 話時間 mixxx: 上次還車拍照直接死機 原地搞了快10分鐘 wsxe2007: 還要預留時間等他偉大的app真的很難用 iwinlottery: 騎太","換車搞超久&十秒不能重複按指令，這兩個已經不想嘴

iRent有部分機車，會有折12分鐘優惠，今天要租的地方剛好出現下圖這樣的優惠車，就
租了

https://i.imgur.com/gPCKCQL.jpg

優惠折抵12分鐘，騎了5分多鐘，12分鐘以下，還車時被扣了13塊（租6分鐘的錢）

覺得很奇怪打去問客服，結果客服居然說，折12分鐘優惠，要騎超過6分鐘系統才會啟用
，所以我的騎乘還是要被扣錢。

我反問所以騎六分鐘以上0元，六分鐘以下要扣13嗎，客服說：對

我整個？？？？？？？

但實在懶得為13塊一直吵，就這樣肉身測試分享給大家。

輸兩家不說，之後有些路程我寧願騎ubike，也不想再碰iRent了...","taiwansupply: 你都沒搜尋板上關於 哀怨 的告誡文
taiwansupply: 它就算送你100分鐘，也有辦法讓你
taiwansupply: 停在原地200分鐘無法還車，自貼100
taiwansupply: 分鐘以上的錢
u6vu040531: 樓上形容的真生動
taiwansupply: 另外系統送12分鐘的車是沒有依據少
taiwansupply: 人騎就送的潛規則喔
taiwansupply: 看地圖就知道桃園送的機車集中在北
taiwansupply: 桃園，南桃園很少，因為南桃園換電
taiwansupply: 站少到忽略它的存在甚至很多只剩2-4
taiwansupply: 顆洞可以充電，要賺免費12分鐘要花3
taiwansupply: 0分鐘以上當換電志工還貼錢，這生意
taiwansupply: 沒法一直騙下去，所以重點在北桃園
taiwansupply: 區找免費換電志工
wavier: 邏輯爛成這樣，難怪 APP 這麼糞
ms01096: https://i.imgur.com/QqpAe2K.jpg
ms01096: 官方文宣有些規定
ms01096: 至於有些地方只有一家可選，例如台中
ms01096: 寫
Jacquos: 他最近搞東搞西一堆 已經不想租了
kevenshih: 偷時間偷的很誇張
lovehotta315: 扯
g7795: 只能看地圖找車以後就沒騎了
purple7329: 騎6分很難？雖然我有時5分多XD
purple7329: 上次沒按到折抵扣88還好有12分QQ
purple7329: http://i.imgur.com/7HU30Pt.jpg 手殘
kirenenko: 跟客服反應附近充電站一個長年沒一個
kirenenko: 可以用，一個總是全滿可以換但是永遠
kirenenko: 點都是灰色，講了也不改善…
sawe53: 之前租汽車就這樣，被吃幾百跑不掉
FCUGod: 死好
gtsp0964: 釣魚式盈利？
mono1023: 所以他叫-12不是起租免費
aava0207: 這家越來越不ok
sixteen: 台中只有這家可以選擇..真的很無言
taiwansupply: k大說的偷時間哀怨已經偷很久了，AP
taiwansupply: P顯示騎6分01秒按還車系統說你騎了9
taiwansupply: 分鐘，你會為了爭這一兩分鐘打客服
taiwansupply: 專線？（尤其難得不轉圈圈找麻煩的
taiwansupply: 情況）答案肯定不會，因為要浪費30
taiwansupply: 分鐘以上等人接電話跟無聊無效的對
taiwansupply: 話時間
mixxx: 上次還車拍照直接死機 原地搞了快10分鐘
wsxe2007: 還要預留時間等他偉大的app真的很難用
iwinlottery: 騎太快（x)
yankslakers: 週三要更新系統 最近又再雷 卡半天!
zoe11288338: 還好我租的時候系統都正常
Ping0502: 好像本來就有規定吧 不過我每次一定騎超
Ping0502: 過6分鐘 所以沒差
piano6684: 哈！也是不用U bike啦～ 我都選 WeMo 1
piano6684: 元紅標車，抵達家裡的最後一里路！"
ptt,M.1654259848.A.CA2,https://www.ptt.cc/bbs/Lifeismoney/M.1654259848.A.CA2.html,Lifeismoney, [情報] iRent 免費機車時數,purple7329 (堯),Fri Jun  3 20:37:24 2022,,還車、定位、拍照、停車格,".imgur.com/7g49IKd.jpg 輸入iRentLetsRow 沒意外應該是10分鐘QQ 話說最近改版還車強制拍照， 根本看不出車子在哪啊！ 不如恢復填寫地點。 而且有的根本不在停車格！ 客服說可輸入地點我怎找不到？ ----- Sent from JPTT on my Google Pixel 4 XL. kinoko: 拍照時間都算錢 有夠坑 purple7329: 你是不誤會啥了？ BlueBird5566: 拍照是要看有沒有停在合法的位置吧 BlueBird5566: 寫地點一堆人亂寫也沒意義 浪費時間 BlueBird5566: 要找車還是按喇叭最快 blackZ2: 借車的時候 可以看到還車的照片？ purple7329: 以前不行，預約才看得到 cerliv23: 其實不用拍 直接打叉也行 purple7329: 拍照很花時間嗎？保護自己又讓人 purple7329: 好找車；APP爛自會員又互搞XD a89666554: 領！ jar
---
其他兩家慢很多 xup63511: 已領 感謝 inyo: 每次同側都是對向 對向都是同側 不知為何？ DSB520: 拍照比較好找一點 可以稍微看可能位置 irene092: 之前租覺得車蠻好找的啊XD 搭種樹活動每 irene092: 天登入還不用起步價 vuej80124: irent 定位超不準，真的認真寫的又很少","http://i.imgur.com/IUhRaK3.jpg
http://i.imgur.com/7g49IKd.jpg

輸入iRentLetsRow

沒意外應該是10分鐘QQ

話說最近改版還車強制拍照，

根本看不出車子在哪啊！

不如恢復填寫地點。

而且有的根本不在停車格！

客服說可輸入地點我怎找不到？



-----
Sent from JPTT on my Google Pixel 4 XL.","kinoko: 拍照時間都算錢   有夠坑
purple7329: 你是不誤會啥了？
BlueBird5566: 拍照是要看有沒有停在合法的位置吧
BlueBird5566: 寫地點一堆人亂寫也沒意義 浪費時間
BlueBird5566: 要找車還是按喇叭最快
blackZ2: 借車的時候 可以看到還車的照片？
purple7329: 以前不行，預約才看得到
cerliv23: 其實不用拍 直接打叉也行
purple7329: 拍照很花時間嗎？保護自己又讓人
purple7329: 好找車；APP爛自會員又互搞XD
a89666554: 領！
jaren: 謝謝分享
FCUGod: 死好
trainmay: 我覺得拍位子比較好找，有些顯示同側但
trainmay: 其實是對向
a9580385: 之前要換電開了電池蓋卻關不起來，爛死
iamseanx: 覺得app速度比其他兩家慢很多
xup63511: 已領 感謝
inyo: 每次同側都是對向 對向都是同側 不知為何？
DSB520: 拍照比較好找一點 可以稍微看可能位置
irene092: 之前租覺得車蠻好找的啊XD 搭種樹活動每
irene092: 天登入還不用起步價
vuej80124: irent 定位超不準，真的認真寫的又很少"
ptt,M.1652785736.A.33E,https://www.ptt.cc/bbs/Lifeismoney/M.1652785736.A.33E.html,Lifeismoney,[情報] iRent天天登入送機車時數,zoe11288338 (rooftopbae),Tue May 17 19:08:54 2022,,還車、扣款,可以爽騎去車來速篩篩 tracyyu1224: 登入禮機車6分鐘在哪裡會看到呀 suiwwhsnz: 車子壞掉不能騎馬上還車還是會扣款 chiayigo: 效期只有一天啊...謝謝分享,"如題
每天登入iRent活動網站
就會送6分鐘機車時數
假使活動期間每天都登入
算下來總共可以拿到300分鐘
另外完成活動內容分享公開貼文到臉書
會拿到一組推薦碼
分享給朋友用會再多送隨機時數
最高有汽車90分鐘
以上分享給各位
時數留著之後端午節出遊要租車也用的到
網址：https://irent-tree.irentcar.com.tw/","cool211421: 每日登入禮機車時數 6 分鐘，採系統每
cool211421: 日批次匯入，使用效期為 1 日
xu3xk4: 分享朋友的要是新會員嗎？
hotcurry: 感謝分享 點數還沒入帳 不知道期限多久
hotcurry: 啊 推完才看到一樓XD
yankslakers: 痾 原來才一天 那還是別忙了
purple7329: 扣12分活動按太快沒按折抵付了88QQ
purple7329: http://i.imgur.com/wKPDlk0.jpg
hanlovangel: 效期一天
ladyblue: 效期超短的
cpu520: APP實在是... 整個5月換電池都少給分鐘
khastw: 哈哈哈哈1日,是有多怕人來用!
khastw: 好啦往好的方面想起碼補了一下啟動的耗時
breakhart: 感謝分享
pouy: 還行拉 至少不用起步價
gtsp0964: 可能和泰產險部分要賠到脫褲了吧?
iYolanda: 最近不敢搭大眾運輸可以租一下
mario2000: 太好了 可以爽騎去車來速篩篩
tracyyu1224: 登入禮機車6分鐘在哪裡會看到呀
suiwwhsnz: 車子壞掉不能騎馬上還車還是會扣款
chiayigo: 效期只有一天啊...謝謝分享"
ptt,M.1648054972.A.71A,https://www.ptt.cc/bbs/Lifeismoney/M.1648054972.A.71A.html,Lifeismoney,Re: [情報] iRent小學堂送汽車時數20分,taiwansupply (島國補給站),Thu Mar 24 01:02:50 2022,,還車、拍照,"費時數 APP慣性的轉圈圈不理人 換電站也會裝死很久才感應有電池放進來要換電 甚至放入五分鐘了也沒反應... 更多的是還車拍照後APP 又回到原始租車狀態 按操作車輛繼續剛才的還車步驟然後又跳出 無限迴圈還車時間就可以從6分鐘一路跟你玩到一小時 玩累了就打電話進客服人工還車 幸運的系統跳出兩三次就會讓你正常還車 倒楣的就真的要被浪費半小時以上 zeus7668: 最近常發生APP上寫電有85% 租了發動變55 zeus7668:
---
撐到受不了再買車 purple7329: 多夾幾次手後自然會外側放電池了QQ purple7329: 台中愈來愈多G8人還車不寫或亂寫地點 purple7329: https://imgur.com/WZMTz7Y.png mono1023:","※ 引述《kiwiwoo (MI妮)》之銘言：
: 歡慶和雲錢包上線，新增了儲值功能，應該是給沒有信用卡的學生方便使用？
: https://i.imgur.com/OsQlnBW.jpg
: 贈送的時數可使用一年，剛已拿20分汽車時數，不無小補
: 傳送門：https://www.irentcar.com.tw/event/111event/3008/index.html
為了防堵大家拼命換電拿獎勵
所以換電站地點越來越少
然後換電站壞了也不會在 APP 告知
所以經常大老遠跑去換電站
上面貼個故障牌都滿布灰塵了
不過以上這些應該是光陽的問題：）
下一個問題可能光陽跟irent 都有參加
那就是為了防堵大家拿換電獎勵
經常會出現換電前主電力三格都在
換電後主電力三格全消失
就算你換兩顆充飽電池
總電力也只能在70%
完全不給你額外的5+10分鐘獎勵，最多只有兩顆電池5+5的獎勵
中部的顏市換電王有遇過這樣情況嗎？

另外為了消耗大家的免費時數
APP慣性的轉圈圈不理人
換電站也會裝死很久才感應有電池放進來要換電
甚至放入五分鐘了也沒反應...

更多的是還車拍照後APP 又回到原始租車狀態
按操作車輛繼續剛才的還車步驟然後又跳出
無限迴圈還車時間就可以從6分鐘一路跟你玩到一小時
玩累了就打電話進客服人工還車
幸運的系統跳出兩三次就會讓你正常還車
倒楣的就真的要被浪費半小時以上","zeus7668: 最近常發生APP上寫電有85% 租了發動變55
zeus7668: % 騎一下變30%
tim96tim: 原本人少不是問題 人多用電兇就開始這
tim96tim: 樣
yankslakers: 不見得這麼陰謀論 純粹爛+吃定鄉民
wsxe2007: 換電免費仔QQ
Gatubii: 很常被夾到手 然後電池跳不出來 不然就
Gatubii: 是插進去讀不到
purple7329: 光陽主打3.0誰還理你2.0QQ
purple7329: 在埔里撲空後直接先打電話確認
purple7329: 或載ionex APP還比較準
purple7329: 上禮拜騎去紫南宮完全沒問題
purple7329: 核心電池沒電換兩顆也只有70%
purple7329: 核心充滿約3H別問我怎知QQ
purple7329: 所以最好賺的是4x%的車QQ
a0929935070: 加減用囉，撐到受不了再買車
purple7329: 多夾幾次手後自然會外側放電池了QQ
purple7329: 台中愈來愈多G8人還車不寫或亂寫地點
purple7329: https://imgur.com/WZMTz7Y.png
mono1023: 我覺得太陰謀，就純粹爛而已
mono1023: 一直轉跳網頁才煩
rebot: 純粹真的爛+1
lingerptt: 和運客服團隊很優秀，歡迎電話反映解決
kirenenko: 推p大，最近找車子很常原地轉圈圈和練
kirenenko: 習聽聲辨位。椅墊的鎖和電池讀取以及
kirenenko: 換電站沒有電池…希望別家共享機車快
kirenenko: 來~
hsinyeh: irent這批電池買斷的  又不願意花錢買新
hsinyeh: 電池  電池老化可想而知
kevenshih: 偷時間偷得很嚴重
soar: 還有時數能時不會主動通知，預設不折抵很差
trainmay: 請問有人換電被偷時間，告知客服後說會
trainmay: 補，要多久時間才會補嗎？
yankslakers: 恐不會補 我二月十五到現在沒消沒息
purple7329: http://i.imgur.com/5STAsv0.jpg
purple7329: 以系統為準，不要浪費時間跟它爭；
purple7329: 話說剛又忘了折抵6分12塊買發票QQ
yankslakers: 紫哥時數王 怎會花這冤枉錢
toro556613: 我有一次騎上坡 本來75% 騎1分鐘直接
toro556613: 斷電無法啟動 差點摔車
purple7329: 上坡極秏電，此車款勿像我挑戰136
nicklo: 機車車廂常常打不開 APP常當機
purple7329: http://i.imgur.com/6eFJwkF.jpg
purple7329: 今天也遇到，車廂開了換電源打不開
u6vu040531: 不要懷疑irent app就是那麽爛
khastw: 我有一次剛騎沒多久瞬間斷電,只能被迫無警
khastw: 示的慢慢靠邊停,還好後面沒車!事後打電話
khastw: 給和運,就重啟了系統也沒表示什麼,反正是
khastw: 顧客的命嘛!
khastw: 而且你替和運疑難排解~幫和運維修~等待時
khastw: 間,都算你要自己花的錢喔!真的很棒!
khastw: 之前每個禮拜大概租兩次汽車,還有加月繳的
khastw: 活動,這事情之後我發現和運應該有擺爛sop
khastw: 看怎麼嫁禍成本到顧客身上就怎麼嫁禍
khastw: 而且覺得汽車和機車狀況越來越糟,和運也都
khastw: 不換新了,省嘛!反正危險的又不是和運!
khastw: 推回來
bon01215: irent app真的是最難用的 和goshare wem
bon01215: o相比
zoe11288338: 上週換電正常 也有拿到換電時數@@
yankslakers: 真的很常碰到騎一騎熄火 或許要出人
yankslakers: 命才有可能認真改善 但身為媒體廣告
yankslakers: 大金主 一下就會被壓掉吧…
trainmay: 後來反應就有補我換電時數了"
ptt,M.1648032497.A.363,https://www.ptt.cc/bbs/Lifeismoney/M.1648032497.A.363.html,Lifeismoney,[情報] iRent小學堂送汽車時數20分,kiwiwoo (MI妮),Wed Mar 23 18:48:14 2022,,還車、無法還車、扣款、定位,"car.com.tw/event/111event/3008/index.html purple7329: 只有後台客服還車再刷退 purple7329: 跟1次沒按折抵扣了35元QQ nashQ: 推 感謝 hey5566: 全家可以fm p
---
其他推薦的嗎 s911026: 一直按刷到200分了 s911026: 可是當天12點到期0.0 s98091028: 定位系統超爛 車子根本不在顯示的地方 rebot: 小心有免費時數也沒得用 因為定位系統真的 rebot: 超爛 同站租還都已經開回原站點內了 app還 rebot: 一直顯示不在服務範圍無法還車 只能打給客 rebot: 服用人工還車 但是人工還車不能用時數折抵 rebot: 只能全額扣款 爛 nerda: 上次做小學堂得到10分鐘，租車2小時還不能 nerda: 折抵，說送的時數要湊滿30分鐘才能折抵， nerda: 請問是真的嗎？ charliebitme: 是真的啊 你還車就是半小時為單位計 charliebitme: 價阿 wsxe2007: 系統超難用 dk2006: 然後退款會等到天荒","歡慶和雲錢包上線，新增了儲值功能，應該是給沒有信用卡的學生方便使用？
https://i.imgur.com/OsQlnBW.jpg
贈送的時數可使用一年，剛已拿20分汽車時數，不無小補

傳送門：https://www.irentcar.com.tw/event/111event/3008/index.html","purple7329: 只有後台客服還車再刷退
purple7329: 跟1次沒按折抵扣了35元QQ
nashQ: 推 感謝
hey5566: 全家可以fm pay+信用卡?
nick0113: 有拿有推
dk2006: 這家系統爛到爆炸 將來遲早被淘汰
mono1023: 還沒借到車先跳20幾個網頁
chenglihao: 傳聞天天更新app的那個借車系統嗎???
rabbit6642: 不得不說 app真的爛 正在試用其他家
rabbit6642: 有機會就跳
yankslakers: 爛到爆炸+1 最近都少給換電獎勵時數
nick2428: 路邊停車有其他家推薦嗎
Kasterw: app真的爛 有其他推薦的嗎
s911026: 一直按刷到200分了
s911026: 可是當天12點到期0.0
s98091028: 定位系統超爛 車子根本不在顯示的地方
rebot: 小心有免費時數也沒得用 因為定位系統真的
rebot: 超爛 同站租還都已經開回原站點內了 app還
rebot: 一直顯示不在服務範圍無法還車 只能打給客
rebot: 服用人工還車 但是人工還車不能用時數折抵
rebot: 只能全額扣款 爛
nerda: 上次做小學堂得到10分鐘，租車2小時還不能
nerda: 折抵，說送的時數要湊滿30分鐘才能折抵，
nerda: 請問是真的嗎？
charliebitme: 是真的啊 你還車就是半小時為單位計
charliebitme: 價阿
wsxe2007: 系統超難用
dk2006: 然後退款會等到天荒地老大概10天以上
purple7329: 第一次6天就刷退，這次10天了處理中QQ
ronytw: 系統跟app都很爛
iYolanda: 之前租app是都正常，但如果是刷退問題
iYolanda: 應該跟銀行比較有關吧
harryw: 拿了20分鐘也不能用，要湊滿30分鐘才能折
harryw: 抵
tijopig: 這家真的會把因一堆規定自己客人趕走
yankslakers: 樓上哪邊的文法XD"
ptt,M.1646708281.A.D88,https://www.ptt.cc/bbs/Lifeismoney/M.1646708281.A.D88.html,Lifeismoney,[情報] iRent 免費機車時數,PttBladder (Ptt膀胱),Tue Mar  8 10:57:59 2022,,還車、無法還車、拍照,": 推 whiterose: 有領有推 potter583: 領到十分鐘，推推 taiwansupply: 有人最近也是還車拍照完系統自動跳 taiwansupply: 回原始狀態繼續計算租車時間，然後 taiwansupply: 無限迴圈無法還車狀態的嗎？ jaren: 有領有推 syun1994: 感恩的心喔！ majorland: 有人遇到irent只能折6分
---
brant163: 有領有推 taiwansupply: g大，哀怨很賊看準換電獎勵用人工 taiwansupply: 還車就會不見，騎士一定會浪費十幾 taiwansupply: 二十分鐘在玩還車的無限迴圈遊戲 purple7329: APP的問題，有時重開就可以了；還車不 purple7329: 一定可以馬上再借，不知怎麼算的QQ ring5611: 有領有推 laney: 謝謝分享 a
---
slakers: 系統更新前後都這樣出包的節奏~ lizardc1: 佛 taiwansupply: 越來越多的人都遇到無法還車的迴圈 taiwansupply: 事件，看來公司不想改善，騎士只能 taiwansupply: 自求多福 lpr231
---
，遇到第一 a0929935070: 次重啟app,還是不行直接打客服，沒 a0929935070: 客服就煞車加啟動鍵還車，後面在跟 a0929935070: 客服說還車時間，每天借都會遇到， a0929935070: 看卡在哪關的差別 yiehuew: 還是謝謝分享 takeshi345
---
換電說有獎勵，結果換完沒給，難怪很 Syle: 多人寧願騎到剩10% purple7329: 不要剩10％會有少於85％還車只回10分","優惠兌換碼 20220308

使用期限到3/11

實測可領10分鐘

https://imgur.com/ZBHKMUM","jpdakwind: 20220308  （打錯了？
PttBladder: 感謝樓上 剛剛用手機發文編輯失敗 趕
PttBladder: 快換電腦修正
yankslakers: 有領有推~
soy5566: 推
whiterose: 有領有推
potter583: 領到十分鐘，推推
taiwansupply: 有人最近也是還車拍照完系統自動跳
taiwansupply: 回原始狀態繼續計算租車時間，然後
taiwansupply: 無限迴圈無法還車狀態的嗎？
jaren: 有領有推
syun1994: 感恩的心喔！
majorland: 有人遇到irent只能折6分鐘的狀況嗎QQ
garyhsinli: 有，拍完車況直接跳回首頁，一直重複
garyhsinli: 做
byant: 有領有推
ruiyuwu: thank you
mono1023: 比較想知道如何不會跳出一堆網頁
brant163: 有領有推
taiwansupply: g大，哀怨很賊看準換電獎勵用人工
taiwansupply: 還車就會不見，騎士一定會浪費十幾
taiwansupply: 二十分鐘在玩還車的無限迴圈遊戲
purple7329: APP的問題，有時重開就可以了；還車不
purple7329: 一定可以馬上再借，不知怎麼算的QQ
ring5611: 有領有推
laney: 謝謝分享
amysyuan: 有領有推
foreverijj: 有領有推
winnie1099: 我也都只能折6分鐘，然後打電話給客
winnie1099: 服，他們意思是只有我這樣，叫我下次
winnie1099: 折抵要錄影，後來的每次都是只能折6
winnie1099: 元
winnie1099: 分鐘
hsinyeh: 我也是都只能折六分鐘
yankslakers: 又出包了 每次騎哀怨都是一場冒險！
yankslakers: 系統更新前後都這樣出包的節奏~
lizardc1: 佛
taiwansupply: 越來越多的人都遇到無法還車的迴圈
taiwansupply: 事件，看來公司不想改善，騎士只能
taiwansupply: 自求多福
lpr2311: 今天用折10分鐘成功
brokeback: 自從被恐嚇要罰一千就不騎了
a0929935070: 習慣就好，都廢那麼久了，遇到第一
a0929935070: 次重啟app,還是不行直接打客服，沒
a0929935070: 客服就煞車加啟動鍵還車，後面在跟
a0929935070: 客服說還車時間，每天借都會遇到，
a0929935070: 看卡在哪關的差別
yiehuew: 還是謝謝分享
takeshi345: 重開看看 不然就打給客服處理 之前問
takeshi345: 客服處理速度蠻快的
MissMolly: 感謝分享 我系統正常欸
Syle: 我很常換電說有獎勵，結果換完沒給，難怪很
Syle: 多人寧願騎到剩10%
purple7329: 不要剩10％會有少於85％還車只回10分"
ptt,M.1644823101.A.D3D,https://www.ptt.cc/bbs/Lifeismoney/M.1644823101.A.D3D.html,Lifeismoney,[情報] iRent 機車時數10分鐘,a9580385 (yee),Mon Feb 14 15:18:17 2022,,拍照,r.com/XEj9ZET.jpg purple7329: 跟客服反應也是以官方為主， purple7329: 除非你有拍照，誰換電會拍？ purple7329: http://i.imgur.com/b2P97h3.jpg purple732,"輸入
love202202

2/17到期
http://i.imgur.com/ZHipggd.jpg

-----
Sent from JPTT on my Google Pixel 5.","steven0718: 推
vivibo: 推 謝謝
dance1279: 已換到～感謝分享
libra940702: thanks
meeho31019: 有領有推！
purple7329: http://i.imgur.com/5hJqMTZ.jpg
purple7329: 感謝，換了250次
DeepBlue10: 樓上車車自由
locekyper: 感謝分享
lemonsong: Tks
yankslakers: 有領有推
jkkert: 車車自由 XD
yankslakers: 紫哥 顏市專業換電師捏 真佩服
purple7329: 反串真的要先講，竟然有人寄信問我
akumahirosi: 有拿有推～
chan85y: 感謝分享 一直按換了5次
yankslakers: 沒反串啊 真心佩服 最近半夜都要跟
yankslakers: 官方的搶換電 好競爭呀
amudi: 可是之前換電經驗 有時候換兩次卻沒給
purple7329: http://i.imgur.com/XEj9ZET.jpg
purple7329: 跟客服反應也是以官方為主，
purple7329: 除非你有拍照，誰換電會拍？
purple7329: http://i.imgur.com/b2P97h3.jpg
purple7329: http://i.imgur.com/DumuyKC.jpg
purple7329: 爛APP，後來也懶得跟客服反應
dong08111: 推 謝謝
liao0216: 拿到了 謝謝
andre850107: 垃圾app 新註冊等N天 客服電話不接
j7286656: 謝謝分享
skyfall: 謝謝分享
jkkert: 有領有推
Ping0502: 推 最近APP好用很多了吧
taiwansupply: 最近APP狂迴圈就只是為了讓大家多付
taiwansupply: 點錢"
ptt,M.1639402556.A.619,https://www.ptt.cc/bbs/Lifeismoney/M.1639402556.A.619.html,Lifeismoney,[情報] iRent參加活動並分享送66分鐘免費,gmmrr18 (shark),Mon Dec 13 21:35:54 2021,,還車,.com.tw/achievement2021/ purple7329: 現在前6分鐘免費 yankslakers: 租還車剛好六分鐘 精算師來著~ kev2345: 還沒拿到60 purple7329: http://i.imgur.com/,"https://i.imgur.com/MSGSc3o.jpg
先上圖

iRent的里程碑活動 活動的時間到月底
參加解鎖里程碑 不限新舊會員直接送6分鐘時數
另外完成活動分享結果到fb後填寫表單
會再多送60分鐘時數(這個也是不限新舊會員)
玩個遊戲可以拿到66分鐘
如果是新會員可以多拿60分鐘 最多拿126分鐘
年底跟年初應該蠻多出遊機會的
剛好趁這波拿免費時數 之後租車可以用
分享給大家

網址：https://irentcar.com.tw/achievement2021/","purple7329: 現在前6分鐘免費
yankslakers: 租還車剛好六分鐘 精算師來著~
kev2345: 還沒拿到60
purple7329: http://i.imgur.com/kiZN8di.jpg
purple7329: 剛不該點小學堂，1/12 222分
takeshi345: 推！現在好像還有推薦人加碼 每推薦一
takeshi345: 個人送120分鐘
qqq15963: 佛心來的…也來玩一下賺個時數
yankslakers: 推一人30 對方用了再30 加碼送60=120
isgreenmo: 感謝分享~
wawaee99: 謝謝分享
lalasnow: 前6分鐘免費是汽車機車都有嗎？
amudi: 其實不用參加也沒差 已經有六分鐘免費
nick2428: 前六分鐘免費到何時？
clasp: 請問折抵時 可以自己選擇折汽車時數嗎
kevenshih: 13-31日，前6分免費
LAWfOREVER: 有app還得填個資？？….嗯…..
wooshiverson: 還要登表單 真麻煩
rses99: 上傳照片有夠難用
kittyIloveU: 謝謝分享
grdobrg: 感謝分享～
tayajojo: 推個 感謝
Ping0502: 應該是要個別贈送吧 我是覺得填一下拿60
Ping0502: 分鐘還可以
wsxe2007: 難用
zoe11288338: 參加之後分享測驗結果會再多送60分
zoe11288338: 鐘啊 所以還是要參加啊
cpu520: 越騎分鐘數越多 都騎不完了 app 弄好比較
cpu520: 重要
bufater: 想請問,這免費時數是何時到期阿?想說要
bufater: 是壓在12/31那天在拿,能用到1月底之類的
bufater: ?
zwgc: 樓上 那天折扣碼應該也不會給你用了吧 那天
zwgc: 是除夕 依照去年的規則 全部都是用原價計算
bufater: 原來！謝謝樓上的分享！本來想說可以壓
bufater: 在1月使用,果然還是太天真‥謝謝分享！"
ptt,M.1638889477.A.802,https://www.ptt.cc/bbs/Lifeismoney/M.1638889477.A.802.html,Lifeismoney,[情報] iRent 機車12/13~31 前6分0元,a9580385 (yee),Tue Dec  7 23:04:33 2021,,還車、扣款、GPS、拍照,"ent 乾脆還是自己騎車 AdPiG: 除非趕時間 畢竟irent急速比viva快 Yuwuen: irent停紅燈可以還車再借嗎? 沒試過 amudi: 不然就建議自己戴安全帽 直接省時間 amudi: 停等紅燈還車 APP也要你強制拍照 Yuwuen: 挖現在還車要強制拍照喔 太久沒借ir了 amudi: GOSHARE可拍或不拍 但IRENT是必須要拍 amudi: 甚至連位置也都要輸入跟拍照 amudi: 不過 之前租過IRENT一台機車曾最高速度 amudi: 有到70的 hubertmax: 推 dola
---
完切到另一顆又可以衝很快 a120463: 兩個電池切換會卡一下，又沒地方換電池 jaxk22: irent其實不用強制拍照，但強制輸入地點倒 jaxk22: 是真的，但問題是輸入地點之後下一個人根 jaxk22: 本看不到上一個人輸入在那，輸入心酸的 googleeeeeee: irent可以看得到上一個人還車的輸 googleeeeeee: 入地點 wanubz9v: goshare一顆電池的車有急速功能嗎 不然 wanubz9v: 真的超慢的 yankslakers: 哀怨不用強制拍照 但最好輸入地址 yankslakers: 訂了車往上滑資訊才看得到車確切位置 handsome8888: 全部拍照就好了 mono1023: irent還車地很多人都只打空格好嗎 mono1023: （會不會說出來更多人這樣） mono1023: 不過最近gps有比較準 mono1023: 更新後會閃退 還跳10個宣傳網頁 傻眼 jric: 租第一次把安全帽拿好還車， jric: 再租第二次直接發動騎車 chan85y: 沒比較便宜那我租狗血就好了 車難騎App難 chan85y:
---
k: 之前遇過上一個人疑似還在自家社區停車 beatnik: 場，訂了後完全找不到車 purple7329: IRent還車拍照填地址擇一；取車卻不顯 purple7329: 示照片浪費時間找車QQ Jimmywin: 車況爛 wsxe2007:
---
: 1.5元 2元還勉強可以 2.5元不租goshare或w symeng: emo的是白癡嗎 g85828899: 被扣款兩次真的有省到 SUZUKI5566: 還車超慢也在算錢，有夠爛 suiwwhsnz: GoShare貴死了4km要50元 a159753: 4km騎50元是騎了多
---
: irent買訂閱制還是比其他家便宜拉 還 Mikami1930: 是會租 cutesuper: app真的糟糕 不過還車沒有強制拍照啦 iYolanda: 還是照騎 irent比較多優惠 vivianleee: 現在什麼東西都在漲啊 irent只是改回 vivianleee: 原價也合理吧 oxlittle: 還車地點: OAO handsome8888: goshit 隔壁盤子 handsome8888: 根本","如題
12/13~12/31租借機車起跳價前6分鐘0元
但第7分鐘起每分鐘""恢復""為2.5元
自上次從1.5元/分""恢復""為2元/分後
這次已經是第二次恢復了...


圖片擷取自app
http://i.imgur.com/JzxVQYN.jpg

-----
Sent from JPTT on my Google Pixel 5.","amudi: 算是恢復原價?
amudi: 但這樣就跟GOSHARE收費方式沒什麼不同了
a9580385: 看起來就是恢復最原始的價錢了，等於跟
a9580385: Goshare只差在起跳價
ashianQQ: 搞完置物箱戴完安全帽剛好六分鐘，還是
ashianQQ: 租goshare比較好
destiny3952: 車廂的問題感覺最近有好一點
amudi: 元旦就直接選GOSHARE吧 至少安全帽的問題
wavier: 唯一的優勢（便宜）沒了，直接跳槽，哈哈
amudi: 扣除一分鐘的前置時間 至少還有五分鐘能用
googleeeeeee: irent也那麼不堪嗎？我覺得我都超
googleeeeeee: 快的，都還完車再開車廂拿東西，或
googleeeeeee: 第一次打開就塞抹布
AdPiG: 台中只有irent 乾脆還是自己騎車
AdPiG: 除非趕時間 畢竟irent急速比viva快
Yuwuen: irent停紅燈可以還車再借嗎? 沒試過
amudi: 不然就建議自己戴安全帽 直接省時間
amudi: 停等紅燈還車 APP也要你強制拍照
Yuwuen: 挖現在還車要強制拍照喔 太久沒借ir了
amudi: GOSHARE可拍或不拍 但IRENT是必須要拍
amudi: 甚至連位置也都要輸入跟拍照
amudi: 不過 之前租過IRENT一台機車曾最高速度
amudi: 有到70的
hubertmax: 推
dola1210: 雖然irent急速是比較快啦 但總覺得gosha
dola1210: re好騎很多
AdPiG: 只是irent的電池很奇葩 一顆用到快沒電就
AdPiG: 會變慢 完全用完切到另一顆又可以衝很快
a120463: 兩個電池切換會卡一下，又沒地方換電池
jaxk22: irent其實不用強制拍照，但強制輸入地點倒
jaxk22: 是真的，但問題是輸入地點之後下一個人根
jaxk22: 本看不到上一個人輸入在那，輸入心酸的
googleeeeeee: irent可以看得到上一個人還車的輸
googleeeeeee: 入地點
wanubz9v: goshare一顆電池的車有急速功能嗎 不然
wanubz9v: 真的超慢的
yankslakers: 哀怨不用強制拍照 但最好輸入地址
yankslakers: 訂了車往上滑資訊才看得到車確切位置
handsome8888: 全部拍照就好了
mono1023: irent還車地很多人都只打空格好嗎
mono1023: （會不會說出來更多人這樣）
mono1023: 不過最近gps有比較準
mono1023: 更新後會閃退 還跳10個宣傳網頁 傻眼
jric: 租第一次把安全帽拿好還車，
jric: 再租第二次直接發動騎車
chan85y: 沒比較便宜那我租狗血就好了 車難騎App難
chan85y: 用 毫無競爭力
braintu: 怎麼沒人討論wemo
beatnik: 之前遇過上一個人疑似還在自家社區停車
beatnik: 場，訂了後完全找不到車
purple7329: IRent還車拍照填地址擇一；取車卻不顯
purple7329: 示照片浪費時間找車QQ
Jimmywin: 車況爛
wsxe2007: 等app大概時間就差不多了
cities516: 看到大家都在噴哀怨的app我就放心了
yavakaka: 垃圾糞app還想漲價、真的垃圾
yavakaka: 漲價還包裝成優惠呵呵
tealee: 連線完到可以騎差不多也六分鐘
MbvLectA: 轉完圈圈租車完成剛好6分鐘
leehiyi1997: 我都輸入自己找
oldman315: 垃圾app
sbtiagr: Wemo P模式極速也可以 70 很棒
symeng: wemo：怎麼都沒有人討論我
symeng: 1.5元 2元還勉強可以 2.5元不租goshare或w
symeng: emo的是白癡嗎
g85828899: 被扣款兩次真的有省到
SUZUKI5566: 還車超慢也在算錢，有夠爛
suiwwhsnz: GoShare貴死了4km要50元
a159753: 4km騎50元是騎了多久阿 又不是算里程
hsinyeh: 起跳價25的車  騎十五分鐘左右差不多阿
epidemic000: irent的安全帽罩 超藏晚上根本看不到
Mikami1930: irent買訂閱制還是比其他家便宜拉 還
Mikami1930: 是會租
cutesuper: app真的糟糕 不過還車沒有強制拍照啦
iYolanda: 還是照騎 irent比較多優惠
vivianleee: 現在什麼東西都在漲啊 irent只是改回
vivianleee: 原價也合理吧
oxlittle: 還車地點: OAO
handsome8888: goshit 隔壁盤子
handsome8888: 根本"
ptt,M.1637118098.A.6AA,https://www.ptt.cc/bbs/Lifeismoney/M.1637118098.A.6AA.html,Lifeismoney,[情報] iRent 10分鐘時數,a09728347966 (帥哥早餐好囉 ),Wed Nov 17 11:01:35 2021,,還車、拍照、罰單,"] iRent 10分鐘時數 輸入 : iRentBD 即可領10分鐘時數 10分鐘加減領 可用抹布夾在車廂之間，省還車時間。 https://i.imgur.com/8jBOklU.jpg linablue: 推省開關車廂還車時間ww app超慢... jeff112987: 推推 有時app跑超慢QAQ hellomellow: 只到11/1
---
ko: 有時慢到懷疑是app設計不良，還是設計 kirenenko: 太精良(故意XD mz004912: 說個笑話領車還車之後還有3分鐘可騎…… ww0976204: 是機車的十分鐘喔不是汽車 shine66333: 謝謝領到了 afubo:
---
: 抹布就是永遠不要讓車廂鎖住 mono1023: 墊在卡準那邊（對折才夠厚） yankslakers: 哇更進化了 租還車恐十分鐘外加閃退 yankslakers: 推十樓 真的很常少給換電獎勵 morgan1317: 推 chan85y: 不用墊抹布啦 還車之後還能打開車廂一次 wsxe2007: 有的車還沒有抹布勒 vickie922149: 感謝 afubo: 換電獎勵經
---
mudi: 才可以再按 後車箱才會開得成 amudi: 建議最好有安全帽就自備 就可以省開車廂 amudi: 時間 只是還車最好要預留1分鐘 wanubz9v: irent的app從開始以來到現在都超慢的 wanubz9v: 個人感覺最順的是
---
打不進去用li zoe11288338: ne留言也蠻快處理的 molsmopuim: wemo還會亂停權 每次停都有拍照在合法 molsmopuim: 車格 結果沒多久要登入說沒繳違規停車 molsmopuim: 費被停權 是在哈囉 molsmopuim: （違規停車罰單","輸入 : iRentBD 即可領10分鐘時數

10分鐘加減領

可用抹布夾在車廂之間，省還車時間。

https://i.imgur.com/8jBOklU.jpg","linablue: 推省開關車廂還車時間ww app超慢...
jeff112987: 推推 有時app跑超慢QAQ
hellomellow: 只到11/19，三天
tako2008: 推
kirenenko: 有時慢到懷疑是app設計不良，還是設計
kirenenko: 太精良(故意XD
mz004912: 說個笑話領車還車之後還有3分鐘可騎……
ww0976204: 是機車的十分鐘喔不是汽車
shine66333: 謝謝領到了
afubo: 推抹布招，他們的APP跟系統真的又慢又爛，
afubo: 電量顯示常不準或瞬間減少，換電獎勵分鐘
afubo: 數還會少給。
nerda: 抹布什麼招？
kimtopher: 按三次可領三次？
Tristanh: 不懂抹布是要何時夾？
rebot: 感謝分享
luther0583: 會漏時數也會漏發票，回報後還要自己
luther0583: 主動去追縱，心累
whoisfriday: 抹布是永遠夾著!永遠!!
pp4419: 請問抹布是開始騎之前夾？
mono1023: 抹布就是永遠不要讓車廂鎖住
mono1023: 墊在卡準那邊（對折才夠厚）
yankslakers: 哇更進化了 租還車恐十分鐘外加閃退
yankslakers: 推十樓 真的很常少給換電獎勵
morgan1317: 推
chan85y: 不用墊抹布啦 還車之後還能打開車廂一次
wsxe2007: 有的車還沒有抹布勒
vickie922149: 感謝
afubo: 換電獎勵經常少給就算了，聯繫客服還會被
afubo: 嘴系統就是這樣顯示，態度真的會令人生氣
soy5566: 爛app體驗超爛
epidemic000: app超慢 被其他兩家屌打
syun1994: 記得app有大改版過，但還是看不到同業車
syun1994: 尾燈，錢丟進水裡面XD
Tristanh: App真的很難用，速度超慢
frando: 感謝分享
akumahirosi: 感謝！
amudi: 租車拍完照後 會耗10秒 開車廂再花7-10秒
amudi: 萬一後車箱還是開不起來 要等10-15秒
amudi: 才可以再按 後車箱才會開得成
amudi: 建議最好有安全帽就自備 就可以省開車廂
amudi: 時間 只是還車最好要預留1分鐘
wanubz9v: irent的app從開始以來到現在都超慢的
wanubz9v:  個人感覺最順的是wemo 可惜wemo太摳根
wanubz9v: 本沒優惠很少用
axd829x: 系統真的有夠慢
snoopy7214: 推
lingerptt: 健康平安
jamesporter: 謝謝分享抹布招式，app超爛
IfIcouldfly: iRent客服真的態度都很差，一副「就
IfIcouldfly: 是這樣，不然你要怎樣，不爽不要用」
IfIcouldfly: 的那種語氣
yankslakers: 剉賽 我一直閃退 是不是被盯上了@@
yankslakers: ㄟ？可以了 看來只是單純app爛
dr3000: 我更新前和更新後都閃退
cka: App真的太慢
s98091028: 推抹布招 iRent app真的爛炸
zoe11288338: 我遇到的客服都不錯欸? 打不進去用li
zoe11288338: ne留言也蠻快處理的
molsmopuim: wemo還會亂停權 每次停都有拍照在合法
molsmopuim: 車格 結果沒多久要登入說沒繳違規停車
molsmopuim: 費被停權 是在哈囉
molsmopuim: （違規停車罰單"
ptt,M.1636513125.A.A67,https://www.ptt.cc/bbs/Lifeismoney/M.1636513125.A.A67.html,Lifeismoney,[情報] iRent 11分鐘時數,a09728347966 (帥哥早餐好囉 ),Wed Nov 10 10:58:30 2021,,還車,"報] iRent 11分鐘時數 輸入：20211111 即可領11分鐘時數 上次PO文有人說可用抹布夾在車廂之間 省還車時間 https://i.imgur.com/Fe2sext.jpg kristy988: 耶～已領～感謝分享 asd870608: 感謝 solsoul: 感謝，11分鐘還是加減領一下 trolleybus99: 扣完租車還車時間還有一分鐘可以騎 trolleybus99: 不錯 kenyon0619: 幽默XD但是我也確實發生過還車還不了 kenyon0619: 被收不少費用 他那個電池搞我... hsualun: 原來有這招 XD jejune:
---
車廂很久 有網友說用抹布擺卡榫 yankslakers: 身為換電仔 常碰到電池線圈壞掉不能 yankslakers: 還車而被收費的事 還常遇到gateway yankslakers: time-out 跟客服反應這樣時數不能扣 yankslakers: 她只會說因為你有使用 所以必須付 yankslakers: 客服只能還車 騙人!請大家跟客服戰 yankslakers: 到底 才有可能掙到補償時數 yankslakers: 使用體驗三家之中","輸入：20211111 即可領11分鐘時數

上次PO文有人說可用抹布夾在車廂之間

省還車時間

https://i.imgur.com/Fe2sext.jpg","kristy988: 耶～已領～感謝分享
asd870608: 感謝
solsoul: 感謝，11分鐘還是加減領一下
trolleybus99: 扣完租車還車時間還有一分鐘可以騎
trolleybus99:  不錯
kenyon0619: 幽默XD但是我也確實發生過還車還不了
kenyon0619: 被收不少費用 他那個電池搞我...
hsualun: 原來有這招 XD
jejune: 系統有夠爛 被吃錢客訴也不回應
cramiss2: 感謝
wanubz9v: 剛才輸入 11/13到期
momok957: 抹布那招是哪招XDDDD
yankslakers: 今天才更新系統 先不要騎比較好...
yankslakers: 等開車廂很久 有網友說用抹布擺卡榫
yankslakers: 身為換電仔 常碰到電池線圈壞掉不能
yankslakers: 還車而被收費的事 還常遇到gateway
yankslakers: time-out 跟客服反應這樣時數不能扣
yankslakers:  她只會說因為你有使用 所以必須付
yankslakers: 客服只能還車 騙人!請大家跟客服戰
yankslakers: 到底 才有可能掙到補償時數
yankslakers: 使用體驗三家之中最爛 但靠山很強
yankslakers: 總是不會被報…
Tristanh: 這間真的不是普通難用
bear7731: 謝謝分享
amudi: 比GOSHARE客服好太多好嗎 GS根本直接硬到底
kirenenko: 有領有推，謝謝啦～
kirenenko: 放電池的那個機台遇到2次壞掉，雖然客
kirenenko: 服有補時數給我，但是每次都要花30、4
kirenenko: 0分在原地等工程師來，超麻煩，拜託加
kirenenko: 油一下。
nick2428: 這是機車還是汽車時數 還是共用？
sweeet: 以往經驗農用地
sweeet: 應該是共用
yankslakers: 這種推廣時數只會送機車啦
fukdog073: 我也發生過換電後換不了車打客服差點氣
fukdog073: 死
yankslakers: 那個電池彈簧易斷 感應不到就還不車
k22941920: 感謝
x40145: 台中只有這個選擇嗎
yaiwuyi: 台中連投票都沒有選擇了，共享機車?
JayPark: 抹布好用 感謝當初分享的人
Mikami1930: 時數送很足欸，最近還有共同承租人，
Mikami1930: 乘客跟駕駛都能拿時數
wsxe2007: 有夠難用 送我也不想用"
ptt,M.1635656014.A.D6A,https://www.ptt.cc/bbs/Lifeismoney/M.1635656014.A.D6A.html,Lifeismoney,[情報] irent 免費機車時數,PttBladder (Ptt膀胱),Sun Oct 31 12:53:32 2021,,還車,4/posts/2951303381797657/ a09728347966: 有領有推 yankslakers: 取車還車就十分鐘 不錯~ chengcheng: 推 oztea: 謝謝分享 cmh1017: 領了，感謝 ccimkao: 有,"在FB看到官方發的

限今日輸入 限今日輸入 限今日輸入

Halloween2021

機車時數10分鐘

使用期限五天 到11/4

https://www.facebook.com/2276826312578704/posts/2951303381797657/","a09728347966: 有領有推
yankslakers: 取車還車就十分鐘 不錯~
chengcheng: 推
oztea: 謝謝分享
cmh1017: 領了，感謝
ccimkao: 有領有推，感謝分享
marshmallowH: 有拿有推
whiteglen: 謝謝分享
ju06080719: 有領有推
cyenti: 感謝分享
forest479: 感謝分享
xup63511: 感謝
alice6845: 有領有推
eddiecpliu: 謝謝分享
chuck1307: 推
yocoming: 感謝分享
kkkuccu: 感謝分享
lijaiyang16: 感謝分享
li70534: 有拿有推
morgan1317: 有領有推
allenthebest: 有領有推
scharf: 有換有推
luther0583: 3Q
carol0430: 感謝分享！
sofaboy24: 這個好 感恩
kentsay: 感謝分享
WSK84106: 推2樓
wsxe2007: 免費仔們用起來 讓他賺不到錢 哈哈哈"
ptt,M.1634610541.A.489,https://www.ptt.cc/bbs/Lifeismoney/M.1634610541.A.489.html,Lifeismoney,[情報] iRent機車時數10分鐘,a09728347966 (帥哥早餐好囉 ),Tue Oct 19 10:28:58 2021,,還車,才能發一次 john123524: 指令，這延遲我還不如重開APP狂點 john123524: 通訊方便iRent光借車還車就吃掉幾分鐘 john123524: 通訊方面 jamie0523: safety10 isgreenmo: 想問有人會先還車後，15分內再開車廂 isgreenmo: 拿東西嗎? deray: 真小氣 hsinyeh: 還車直接狂按電源鍵開車廂順便熄火 wavier: 新的APP真的很難用，我也是自備安全帽。我 wavier: 之前會先還車，再開車廂放帽子 davidaustin: 都用抹布卡住車廂不讓他關... kikippqq: 謝謝分享 laney:,"iRent 響應交通安全月

#1019今日限定

於iRent APP中輸入序【safety10】即可領取10分鐘獎勵時數囉!!


https://i.imgur.com/i9BYTdc.jpg
https://i.imgur.com/vX5WbdK.jpg

序號應該每個人都一樣

1.限10/19輸入
2.兌換過可使用4天(至10/22)。
3.每個iRent帳號限領一次。","oztea: 謝謝分享 領到啦
yankslakers: 有領有推 等發動可能還有三 五分鐘騎
isgreenmo: 謝謝分享!!
yankslakers: 哈哈我也是戴自己的安全帽
cutebogum: 感謝分享
luther0583: 3Q
hsualun: 我還以為是我很不會操作原來大家都開很久
hsualun: XD
abby12225: 不只開很久有時候還開不了
john123524: 推，我不喜歡iRent限制10秒才能發一次
john123524: 指令，這延遲我還不如重開APP狂點
john123524: 通訊方便iRent光借車還車就吃掉幾分鐘
john123524: 通訊方面
jamie0523: safety10
isgreenmo: 想問有人會先還車後，15分內再開車廂
isgreenmo: 拿東西嗎?
deray: 真小氣
hsinyeh: 還車直接狂按電源鍵開車廂順便熄火
wavier: 新的APP真的很難用，我也是自備安全帽。我
wavier: 之前會先還車，再開車廂放帽子
davidaustin: 都用抹布卡住車廂不讓他關...
kikippqq: 謝謝分享
laney: 感謝分享
ju06080719: 領到了 推推
Jimmywin: 有領有推
afk3113: 謝謝分享
isuki: 領到了謝謝
afk3113: 剛剛忘記推，補推回來 謝謝
serena7213: 已領，感謝
mono1023: 抹布+1 ，幫推廣抹布運動
ax741s852: 感謝推推
afubo: iRent APP速度真的爆慢還有10秒限制
afubo: 所以車廂我也不會扣上 沒想到還有抹布這招
sintsu: GoShare車廂沒關會不能發動，遇過車廂超難
sintsu: 關的
ltlai: 有領有推，原來有抹布這招，下次試試看
cgsh2625: 抹布新招學到了 甘溫
axiang0922: 謝謝分享
quaketw: 有領有推
jiabao0508: 帶自己安全帽+1光等開車廂拿安全帽還
jiabao0508: 會延遲一下，至少浪費30秒，而且有時
jiabao0508: 候車廂還蓋不起來
smiling90163: 領了感謝
wunn: 外縣市的很難自己帶安全帽
jjjj7777a: 推
YoooooM: 感謝分享
bobu554433: 謝謝分享
lichem: 感謝分享
taiwansupply: 光陽的電池站少，電池又經常出問題
taiwansupply: ，APP更是經常大當機
yankslakers: 下午騎車要換結果不給折抵時數 等了
yankslakers: 十分鐘加線上客服才能用…一來一往
yankslakers: 白忙一場
awpex127: 最近連線比較順了 但卡10秒還是很阿雜
luther0583: 光陽換電站還有一個問題就是太笨了
luther0583: 沒有滿電電池就完全不給換，至少也提
luther0583: 供充到一半的電池吧…
taiwansupply: 有的地區光陽機車換電站太少，系統
taiwansupply: 會自動限制只能換一顆
kenkao25: 爛App
irene092: 我是覺得最近用都蠻順的，是說現在還有
irene092: 共同承租人活動，一群人租車送的時數超
irene092: 多
scharf: 感謝dav大教抹布這招"
ptt,M.1626849551.A.E8A,https://www.ptt.cc/bbs/Lifeismoney/M.1626849551.A.E8A.html,Lifeismoney,[情報] iRent汽機車訂閱制   是真的有比較便宜?,paidzou (),Wed Jul 21 14:39:09 2021,,還車,而且一般租車行誰讓你凌晨租車晚上11點還 symeng: 車 要黑也黑的好看一點 ads4811: 好處是方便 半夜也能還車租車 imcrown: 我自己是滿常開irent汽車的，真的是給臨 imcrown: 時要用車的人一個很方便的租車，尤其,"https://i.imgur.com/KMT0hoA.jpg

iRent 汽車平日時租在7/1起從99>>>110
原來就是為了推訂閱制
再叫你去買訂閱變回99啦
而且還是限定平日


iRent 機車平日時租也在7/21起
從基本12>>>15元
第7分鐘從每分鐘2>>>2.5

然後再推訂閱制

除非你天天騎/開iRent上下班
不然訂閱制其實用不太到
表格就給大家自行參考
我也沒仔細算
為了這點小錢還要在這東算西算
就是有用到有需求再租就好

補充一下
2999的超值大省有送汽車時數33小時
但不知道是每個月贈送33小時
還是合約180天只贈送33小時
如果是前者 那每個月33小時花2999其實蠻划算
等於一小時不用一百元
如果常開的人可以考慮
但如果是180天送33小時就很沒有必要買了","DSERYU: 謝謝分享
mpom: 剛問過客服，每月送33
mpom: 但真的沒有很划算，要綁6期…
fonzae: 會用共享汽機車，不就是不定時租借
sstevenchen: 感謝分享
Lin1227: IRent 租機車介面超爛超頓…是最後選擇
gogolamingo: 換電仔我都騎免錢
wilpam1210: 推四樓，真的…
ddavinci: 不如推儲值，還比較彈性
ddavinci: 不過儲值好像已經有了 XD
cmh1017: 我都刪除app了，要錢誰要騎
hsinyeh: 只開假日的人訂閱制完全沒用
cwl717033: 機車介面超難用，車也品質不穩定，換電
dot360: 最近漲價機車不太划算了
Barche: 謝謝分享
yyc1217: 好處就是有每日上限
yyc1217: 到外縣市遊玩可以租一整天
aaaa14251425: 機車介面真的超難用 app卡當還一直
aaaa14251425: 算時間
roadmanjia: 請客服直接把帳號停權了XD 不值得
duckbill360: 租汽車還是smart2go划算
an5607: 機車之前月租是499送600分鐘，超過1元/分
an5607: ，漲價還是比另外兩家便宜
jack85110326: smart2go還是貴了點
sandipan: 開過路邊的，裡面有很濃、無法接受的味
sandipan: 道！！客服也沒退錢，多便宜都不用！！
sandipan: 忘記說是路邊汽車
shuo19971203: irent連認證系統都要等半天 跟垃
shuo19971203: 圾一樣的系統 還有人會用？XD
yankslakers: 換電仔碰到車故障也是要噴錢的  囧..
MikeShiver: 希望wemo的7天299騎到飽可以撐久一些
rushfudge: 首先要先忍受把手的肥宅手爆汗爆油汁
rushfudge: 與車內臭酸異味噁噁漚漚說不定在車內.
chichiwango: iRent App 真的不行
hunchisin: Smart2go一堆livina開的好累
ms01096: 開始養套殺了 除了北部有三家可以選
ms01096: 其他縣市QQ
calvin2631: 格上看到車款就刪app了
martinkyuu: 重點是他的保險條款
davidomg: 租車就是窮人在用的 還想跟我多收錢啊
pearlwater: 菸臭味很滅
IfIcouldfly: 所以大家到底推哪個app呢？我試過很
IfIcouldfly: 多，覺得也都很爛，尤其是格上，每
IfIcouldfly: 次用每次都被氣QQ 覺得iRent是相對
IfIcouldfly: 來說比較好一些的了，雖然也是有很多
IfIcouldfly: 不滿的地方...
epidemic000: wemo好用
manpower9: 推
mikai: 機車來講順序藍色>綠色>紅色 但是紅色的縣
mikai: 市比較多而且汽機車同一個app去外縣市玩就
mikai: 很方便 訂閱一定也有市場不然不可能三家都
mikai: 有推出訂閱
ba328585: irent貴的不是租車費，是油錢和過路費
ba328585: ，上周看有活動平日24h,最高只收1100，
ba328585: 就租了24h，結果結算後要付2500，比去
ba328585: 一般租車還貴，有點大概只有租車手續比
ba328585: 較簡短吧…....
ba328585: https://i.imgur.com/Irk8q6V.png
ba328585: 有圖有真相，真心不推irent，除非車上
ba328585: 坐滿三人才划算
hankQuQ: 坐滿三人 還要能共同分擔  才有經濟價值
randeon5566: 2590不貴啊 租其它家含油加過路費也
randeon5566: 差不多
roadmanjia: ba328585前提是不出事故 還是搭taxi吧
daniellin435: 好險我家附近的irent常租的使用者素
daniellin435: 質都還不錯
symeng: ba是不是沒有在租車行租過車？一般租車行
symeng: 自負油費和etag費也是差不多，有些還要收
symeng: 超額里程費。
symeng: 而且一般租車行誰讓你凌晨租車晚上11點還
symeng: 車 要黑也黑的好看一點
ads4811: 好處是方便 半夜也能還車租車
imcrown: 我自己是滿常開irent汽車的，真的是給臨
imcrown: 時要用車的人一個很方便的租車，尤其是沒
imcrown: 車的族群但又想去好市多大採購，租車隨
imcrown: 時走！
irene092: 常租的話買訂閱制確實比較優惠，不過ire
irene092: nt蠻常送時數，跟其他家比還是便宜很多
sarady303: 最近哪裡還有折扣碼嗎"
ptt,M.1618907261.A.D94,https://www.ptt.cc/bbs/Lifeismoney/M.1618907261.A.D94.html,Lifeismoney,[情報] iRent小學堂改版重新拿時數答案,gmmrr18 (shark),Tue Apr 20 16:27:39 2021,,還車,"mallowH: 謝謝！ x01911x: 和泰集團獲利王 還能寫出這種爛APP circus12345: 超爛 啟動/還車就花了6分鐘，有時車 circus12345: 子還無法啟動... happy611067: 無言 pipipipiya
---
usM510: 改版後超爛 一堆bug kenk0818: 感謝 kllara: 感恩！很需要！ CNNSION: 借、還車都看app轉圈圈 大概二分鐘都不 CNNSION: 見了 kai456789: 改版app 還是卡 iYolanda:","之前似乎有人分享過
iRent改版後小學堂的題目也有更新 重新答題就可以再拿一次時數
汽機車各是100分鐘 給的滿大方的
不過好像沒有人貼過答案 這邊來拋磚引玉一下
答案列出來給各位 如果有錯還是漏掉的也歡迎補充
https://i.imgur.com/0L9MUmb.png","MaYawCiru: 我還以為又有了
a9580385: 剛剛重登我看到的還是已完成QQ
mos: APP已刪
ok8829: 比較需要新的QQ
ChanSui: 改版後爛到不行 沒時數就刪了
awin519: 超爛 借個機車花3分鐘在那開車廂= =
awin519: 一直傳輸失敗 10秒後才可重試 錢還照算
shane2300154: 爛透了～光租車程序就要跑個2分多
shane2300154: 鐘
marshmallowH: 謝謝！
x01911x: 和泰集團獲利王 還能寫出這種爛APP
circus12345: 超爛 啟動/還車就花了6分鐘，有時車
circus12345: 子還無法啟動...
happy611067: 無言
pipipipiyaya: 沒有重新答題這回事啊
yuchiehchan: 自己寫的app很爛 yoxi抄uber抄得不錯
ttmaniac: 之前租過摩托車...照片傳老半天都失敗..
ttmaniac: 只好自己拍起來存檔 省得日後被凹...
ruru1218: 感謝分享，改版前有拿過一次了，再來拿
ruru1218: 一次
zoe11288338: 有拉，這次是改版後的
Jimmywin: 之前就做過了
Ping0502: 我irent使用都正常欸...沒遇到狀況
a120463: 開車廂開電源就要兩分鐘
ronytw: APP 越改越爛還很難用，不簡單
cmh1017: 好久沒騎了…
mdk3500: 連假不能折抵時數 早切心惹
joy2105feh: 現在租機車會增加
joy2105feh: 現在租機車會自己啟動 只要開車廂就好
joy2105feh:
joy2105feh: 算是這半年最大進步...
soren55200: 感謝通知，懶得走的時候加減用一下
InfocusM510: 改版後超爛 一堆bug
kenk0818: 感謝
kllara: 感恩！很需要！
CNNSION: 借、還車都看app轉圈圈 大概二分鐘都不
CNNSION: 見了
kai456789: 改版app 還是卡
iYolanda: 回樓上mdk大，那是因為連假會有其他活
iYolanda: 動吧
FantisyP: 連假可以折抵阿???4/2才租過,折抵了2.5h
jamie0523: 應該是說指春節前一天是平日但不能抵的
jamie0523: 那次吧
s98091028: 找到車 到騎走 花了5分鐘 浪費時間
chiichi: 有問題時候客服有夠難打
john211060: 新戶輸入ir891569拿免費時數
BooEH: ir1251604"
ptt,M.1613095624.A.3D7,https://www.ptt.cc/bbs/Lifeismoney/M.1613095624.A.3D7.html,Lifeismoney,[情報] 限量 irent機車10分鐘,nchum102 (),Fri Feb 12 10:07:02 2021,,還車、無法還車、扣款、定位、拍照、罰單,"nshih: 改版後的app 完全不行，不如go的簡單好 kevenshih: 用 yiyeh: 這家app真的爛，借車還車都卡，隨便都可以 yiyeh: 卡幾分鐘去了 levanteee: 沒了 weiyudanbing: 有事叫你要跟客服說
---
am352306: mono1023: 過年又不能抵 gigisteve: 寧願騎ubike damu: irent衛星定位改版前後一樣糟,goshare準確 damu: 很多 kev2345: 比go便宜 尚可 mauve: 送10分鐘是給遇
---
爛的app jamie0523: app有夠慢 車廂關不起來 超耗電 pr9558: 租車先花3分鐘 開車廂再等三分鐘 還車停好 pr9558: 拍照再三分鐘 joy2105feh: 反正沒送時數 這家的機車就沒人會租 MilkTeaMan: 10分鐘預留5分鐘借還車 etjames07g: 沒了 tealee: 10分鐘扣掉開關車廂差不多沒了 jiabao0508: 用到現在 jiabao0508: 看推文才知道 jiabao0508: 原來還車時要拍照 jiabao0508: 我從來沒拍過 jiabao0508: 就打字輸入地址而已 jiabao0508: 而且我都是只打路名 jiabao0508: 幾段幾巷幾號都沒打過 jiabao0508: 但都有還車成功且後續都沒問題 puma123white: 24小時客服沒打通過 OforU: 要比g便宜的話 租irent不如租w
---
爛 q840813: 10分鐘哈哈哈哈哈 Ewwhoo: 電子簽名一直審核中== yankslakers: 小學堂有講 還車不強制拍照但要寫地 yankslakers: 址/地標 linda7907: 顯示兌換完畢 Feynman5566: 死去 VeranoVII: 10分鐘大概只夠開車廂 chenglihao: 能拍照是很好的功能.日後莫名的罰單被 chenglihao: 莫名的扣款.就知道拍照是保護使用人的 sinohara: 和汰真的吃屎 cutesuper: 過年免費時數是不是不能用啊 超爛的 yyc1217: 拍照比較好+1 flyidiot: 難用到炸。無法還車，害我約會遲到 flyidiot: 客服還一直不通。爛炸 LoserWon: 三種都騎過 就iRent使用者體驗最差 海",iRentredenvelope,"pchion2002: app刪了 嘻嘻
dakashi: 已領，謝謝
a062693069: Irent死去
oZGYo: 感謝分享
hslzh: 謝謝已領
warm0808: 可兩次20分鐘
rk1: 已領，感謝。
Jimmywin: 加減用
hung19890901: 已領，但只能一次
cjiajia973: 改版後更難用 真的誇張
cka: 只能一次啊
warm0808: 重複輸入兩次跳出10+10
awpex127: 租車3分鐘 開車廂3分鐘 開電源3分鐘
awpex127: 廢到笑
howryou: 過年不能用
oztea: 謝謝分享，有10分鐘
ryankofish: 啊過年又不能用
ahg: 有拿有推
cmh1017: 免費仔已經領
auro33: 有拿有推
yankslakers: 問題是 這時數春節期間不能用吧
pol61x438: 紅的明顯，小心App當機，讓你機車卡住
pol61x438: 半小時以上無法動彈，打客服也不接電話
pol61x438: ，東西鎖在車廂裡，錢是小事，耽誤行程
pol61x438: 才是大事。
deadhan: 有拿有推，但irent一樣是垃圾
REDOG20: 已用，謝謝分享
ypa: 沒了
kevenshih: 改版後的app 完全不行，不如go的簡單好
kevenshih: 用
yiyeh: 這家app真的爛，借車還車都卡，隨便都可以
yiyeh: 卡幾分鐘去了
levanteee: 沒了
weiyudanbing: 有事叫你要跟客服說，但客服打半天
weiyudanbing: 不通
raykyo: 爛
lingerptt: 個人經驗比改版前版好，但能否沒車就直
lingerptt: 接消失，不要依舊可選擇
dong08111: 領了感謝
starfishfish: 沒了
nueal: 沒了
sam352306:
mono1023: 過年又不能抵
gigisteve: 寧願騎ubike
damu: irent衛星定位改版前後一樣糟,goshare準確
damu: 很多
kev2345: 比go便宜 尚可
mauve: 送10分鐘是給遇到打不開車廂的人使用嗎?
mauve: ，附上改版後連續兩台車廂打不開的訂單，浪
mauve: 費了我16分鐘呢
mauve: http://i.imgur.com/bE2gXY3.jpg
mauve: 租了車我看光開車廂、發動卡住的那幾分鐘，
mauve: 就可以從用戶那多撈一些租金
ssyyff: 台中只有iRent(哭，昨天改版真的是卡卡卡
ssyyff: ，真心爛的app
jamie0523: app有夠慢 車廂關不起來 超耗電
pr9558: 租車先花3分鐘 開車廂再等三分鐘 還車停好
pr9558: 拍照再三分鐘
joy2105feh: 反正沒送時數 這家的機車就沒人會租
MilkTeaMan: 10分鐘預留5分鐘借還車
etjames07g: 沒了
tealee: 10分鐘扣掉開關車廂差不多沒了
jiabao0508: 用到現在
jiabao0508: 看推文才知道
jiabao0508: 原來還車時要拍照
jiabao0508: 我從來沒拍過
jiabao0508: 就打字輸入地址而已
jiabao0508: 而且我都是只打路名
jiabao0508: 幾段幾巷幾號都沒打過
jiabao0508: 但都有還車成功且後續都沒問題
puma123white: 24小時客服沒打通過
OforU: 要比g便宜的話 租irent不如租wemo 真心爛
q840813: 10分鐘哈哈哈哈哈
Ewwhoo: 電子簽名一直審核中==
yankslakers: 小學堂有講 還車不強制拍照但要寫地
yankslakers: 址/地標
linda7907: 顯示兌換完畢
Feynman5566: 死去
VeranoVII: 10分鐘大概只夠開車廂
chenglihao: 能拍照是很好的功能.日後莫名的罰單被
chenglihao: 莫名的扣款.就知道拍照是保護使用人的
sinohara: 和汰真的吃屎
cutesuper: 過年免費時數是不是不能用啊 超爛的
yyc1217: 拍照比較好+1
flyidiot: 難用到炸。無法還車，害我約會遲到
flyidiot: 客服還一直不通。爛炸
LoserWon: 三種都騎過 就iRent使用者體驗最差 海
LoserWon: 放地差
yankslakers: 沒辦法 和泰是所有媒體的大廣告金主
yankslakers:  底下服務再爛 鄉民也只能在ptt罵.
yankslakers: ..
s98091028: 開關車廂+app當在那邊就10分鐘了
memeyans: 超過兌換期限
ronytw: 有夠廢
stja:
zoe11288338: 感謝分享，時數過年不能用等到年後
zoe11288338: 用就好了啊
thomas0321: 最近app狀況越來越誇張了
steven0819: 路名不用打，隨便有字就可以送出了
nueal: 開鎖的時間就好久"
ptt,M.1612863432.A.7D0,https://www.ptt.cc/bbs/Lifeismoney/M.1612863432.A.7D0.html,Lifeismoney,[討論] irent2/9～2/16不得使用時數折抵,sherry86 (),Tue Feb  9 17:37:10 2021,,還車,"unny1225: 退坑 轉往goshare yiyeh: 根本沒差 那邊優惠多用哪邊XD blackZ2: 我也是今天還車打客服才知道... yzak4763: 垃圾公司掰 y092944938: 我wemo現在還免費起步價 irent???? steward135: 哈哈 沒優惠就開罵 這些人真有趣 turtle0617: 打客服才知道+1...光還車就要兩三分 turtle0617: 鐘的app真的很棒！ james21: 扯！！！ kiwiwoo: 今天也打客服問才
---
being: 難怪我昨天無法用... martinkyuu: 和泰真的爛 xavier2301: 優惠我覺得沒差，借車跟還車總共要 xavier2301: 浪費我1-2分鐘的爛APP真的用的很不 xavier2301: 爽，但台中只有IRent","剛剛騎irent 發現時數折抵的地方都被刪掉了
還一度以為是我找不到選項
結果問客服才知道「春節期間」不得使用時數折抵
這個2月9號算什麼春節期間啊？

繼2/9調漲後又多了一個唾棄的理由
這幾天要騎的人得注意一下了

https://i.imgur.com/0dULyGb.jpg
https://i.imgur.com/q7BBzn5.jpg","shake0916: 我傻眼
MrSuperLP: 廢到吐血
shake0916: 這真的太壞了啦
mini31241: 我還開心地幫他換電==
chenlimath: 嫌貴的，何不自己買車？
teobaldo: 壞爆
FuwafuwaCAT: 太垃圾了吧
FuwafuwaCAT: 送的時數到17號==
galic: 計程車2/7就開始算春節了 你說呢?
kenyon0619: ==
finhisky: 謝謝提醒，還好有go share
q2520q: 計程車跟另一種車都是一樣的顏色阿，你說
q2520q: 呢？
mono1023: app沒有特別另外公告不太妥
a9580385: ....
brokeback: 免費仔表示悲憤
Ducatee: irent 客服打到懷疑人生
mbor: 靠北難怪剛剛下班回到家不能折抵...浪費10$
mbor: ，我就是免費仔
tonkaB: 計畫通
sejuanigank: 六樓不要汙辱另一種車好嗎
sejuanigank: 更正不是六樓，算錯樓...
Angely: ...我剛剛按了半天找不到又跳出去重新還
Angely: 車流程，結果時數拉長，被扣更多錢=_=
tsuyo918: 一樣事前不知道不能折抵時數，事後打電
tsuyo918: 話問客服才知道不能折抵+1
upuxa: IRENT真的是垃圾
Ironstick: 準備砍了
jamie0523: 超爛，剛剛也無法折抵+1
jamie0523: 還跳出再重進被收更多錢+1 當作施捨啦
wooshiverson: 機車已經夠便宜了給人家賺一下啦
jamie0523: 機車日租漲價囉
sjps30607: 幹我過年回家折時數騎irent的小確幸沒
sjps30607: 了
awin519: 早上被坑了一次，早知道走遠一點租goshar
awin519: e
treasuredady: 拒騎iRent 連汽車也變難用了
wavier: 原來新APP就是為了這些。調漲上限、隨時可
wavier: 以取消折抵功能、拖長取車時間。難怪打死
wavier: 不改回舊版。
winnie1099: 不止免費時數，花錢買的時數也不能在
winnie1099: 春節用，真的很無言
r833123: 欸
YoooooM: 客服是真的難打...
vv956: 台中只有irent
deadhan: 垃圾公司
nk950357: 反觀Goshare過年加碼
a09728347966: 幹 我也被陰 下午騎了結果結帳刷卡
a09728347966: 卡明明沒錢還刷過 未繳費用也沒顯示
a09728347966:  傻眼https://i.imgur.com/Hdbegal.
a09728347966: jpg
qq01030323: 笑死，以為自己很屌
sjps964721: IRent只騎過更新前 更新後是什麼爛東
sjps964721: 西
hank61910: 好多免費仔
alice6845: angely大 我今天也是這樣QQ
alice6845: 氣死了，app也沒有特別公告這件事啊
sunny1225: 退坑 轉往goshare
yiyeh: 根本沒差 那邊優惠多用哪邊XD
blackZ2: 我也是今天還車打客服才知道...
yzak4763: 垃圾公司掰
y092944938: 我wemo現在還免費起步價 irent????
steward135: 哈哈 沒優惠就開罵 這些人真有趣
turtle0617: 打客服才知道+1...光還車就要兩三分
turtle0617: 鐘的app真的很棒！
james21: 扯！！！
kiwiwoo: 今天也打客服問才知道...
yankslakers: 受害者+1客服還說app訊息有寫...怒!
a1533062: 大家生氣不是因為調漲 而是因為公告不
a1533062: 明顯很多人沒看到吧
graysea: iRent共享汽車其實還不錯啊！尤其是路邊
graysea: 租還，過年收貴點蠻合理的，不是連計程車
graysea: 都加成嗎？
boeing787: 可以接受但是宣導不周
justcoffee: app真的難用
jumpballfan: 這家走下神壇 之前APP根本神
glenkgmm: 我覺得汽車ok啦，機車反正還有另外兩家
glenkgmm: 可選
bluesky0928: 說 irent 廢的大概是沒用過格上的app
bluesky0928:  ，那才是廢到笑
roadmanjia:                   呵呵
onininon: 受害者+1
q840813: 好在高雄上個月開始多了GoShare可以選
ivanchou: 這公司真的一直秀下限
chet0331: app難用就算了，之前換電池還整個系統
chet0331: 掛掉不給換
hung19890901: 自此用了格上Smart2go，我才知道ire
hung19890901: nt多爛
yankslakers: smart2go有機車嗎？
amou1030: 和泰賺翻了，當然屌起來了
levanteee: smart2go更難用好嗎= =
ivanchou: s2g安卓是悲劇 蘋果比較穩定
mini31241: irent比優惠比不過Goshare 比性能比不
mini31241: 過wemo 廢到笑
rebot: 花錢買的時數也不能在春節用真的很智障
lskqre456: 窮鬼繼續罵和泰早就賺爛了
shaobeing: 難怪我昨天無法用...
martinkyuu: 和泰真的爛
xavier2301: 優惠我覺得沒差，借車跟還車總共要
xavier2301: 浪費我1-2分鐘的爛APP真的用的很不
xavier2301: 爽，但台中只有IRent...
Jath: 受害者+1
Jath: irent養好客戶要開始收割了
Wx7621: irent汽車是不是越來越爛 最近租到的車況
Wx7621: 都不是很好 還有倒車雷達壞的
wsxe2007: 喊別人免費仔的來看省錢版自打嘴巴喔
wsxe2007:  笑死
iYolanda: irent至少春節還有租滿兩天送時數活動，
iYolanda: 還不錯了拉
beatnik: 被這件事氣到 +1
qqq15963: 各家優惠幾乎都馬排除春節，irent時數就
qqq15963: 先存著，反正春節過後還可以用
gn01958627: 受害者+1"
ptt,M.1612596947.A.16C,https://www.ptt.cc/bbs/Lifeismoney/M.1612596947.A.16C.html,Lifeismoney,[討論] irent要漲價啦,yzak4763 (亞瑟小子),Sat Feb  6 15:35:45 2021,,還車、不能還車、扣款、定位、停車格,"evin3858: a的台灣總代理吧 storyrain: 還敢漲啊？最低六分鐘 storyrain: 大概五分鐘用在借還車跟等車廂開 kevin3858: 更正 是和泰集團 CH22: irent跟toyota都同集團,車子都用toyota
---
2693069: 啟動然後開車箱一分鐘起跳 martinkyuu: 和泰相關app真的... misomochi: 上次還車不給還 還給我多算錢 er33478: 漲太多了吧… yyc1217: goshare的一日上限還是比這多 xu3: 機
---
akumahirosi: 一天150也太誇張了吧。哪邊有這種行 sulabird: 去年底軟體更新後負評不斷 錢會重複扣款 sulabird: 租還車功能問題一堆 打客服也打不進去 sulabird: 重複扣款問題還要自己發現 沒發現就給 sulabird: 他賺走了 roadmanjia: 真的很好意思 kelly096k:
---
還是比 goS 便宜，慢一點，安全回家 stp92010: 講認真的有夠難用 大概有五分鐘一直在 stp92010: 還車開車廂超不爽 ex250203: 自從改版後就糞到不行了 zxav4567: 申請卡住之後我直接刪掉 難用死的app p
---
租就好 又不是只剩一個選擇 brokeback: 所以一天不要租超過3小時20分的意思 fliersky: 一直佔用免費停車格,噁心 ParkChanWook: 一天150就台南啊 100cc的100 sa074463: app 做這麼爛還敢漲價
---
nk950357: irent的app每一個指令浪費一分鐘 nk950357: 客服有夠難打 nk950357: y大 還車時時數-借車時時數>20或是40才 nk950357: 有10/20分鐘 yankslakers: 已精算了就是沒給 一
---
akers: https://reurl.cc/GdEL1W 這最有用 yankslakers: 租到電池彈簧線圈斷不能還車就靠這 nk950357: 我跟他說我換電池獎勵不對 他說會後端 nk950357: 檢查後再回電給我 我每次都有收到欸
---
m: 哭哭哭 jiabao0508: 開啟加速模式其實耗電很快的^^ jiabao0508: 要注意不要在電力50%以下還車 jiabao0508: ，不然再借一次會搜尋不到那台 jiabao0508: ，然後又要找新的騎到低電量換電池拿 ji
---
vemyword: 這車不用車牌合法？ roadmanjia: 樓上在講什麼? weiyudanbing: app會重複扣款電話打不通有夠瞎 z1288: 高雄和運平日租機車只要200 也很便宜 chunfu: 三款機車裡面註冊irent最麻煩 填一堆資料 chunfu: 超沒意義 其他家都可以做到綁定帳號 yayayagogo: 每次重開網路定位 就要重新登入 wemo yayayagogo: 都沒這麻煩 genkirabbit: 照片上傳後。卡在申請中。問客服說
---
汽車或是一般車 marrylamb: 行 shine66333: App到底修好了沒啊…… clc0: app超難用，光還車就花了10分鐘 cpjxxx: 可以收攤了 nicedog: 唯一的優點就只有便宜了 結果還漲價 lizardc1: a","剛剛看到app跳出的通知

9號開始就再也沒有日租300的佛心價了

日租上限從300爆增成901......

https://i.imgur.com/AHkuQeO.jpg

app有夠難用就算了，現在還.....日租900比油車還貴欸

看來要準備跑了（？
----
Sent from BePTT on my LGE LM-V600","razan: 養套殺!?
love810225: 不用了不用了
lu315566: 日租900...不如租油車
error123: 也沒有養大吧
ctalas: 過年後應該會調回來吧 不然誰要用它的?
ads4811: 太貴了
ivanchou: 慘
guky: 應該是趁年假要撈一筆
r40491101: 應該是年假而已吧
buke: 系統整天出Bug還敢漲
StarLeauge: 申請很久了，一直審核中沒通過
tpc351020: 樓上，打電話去催比較快
Go2: 打電話催大概5分鐘就完成 很神..
good5755: irent好像被toyota收購了 不意外
lskqre456: 笑死 永遠審核中
chocopie: irent本來就是和泰的
kevin3858: irent本來就是和運集團的，和運是toyot
kevin3858: a的台灣總代理吧
storyrain: 還敢漲啊？最低六分鐘
storyrain: 大概五分鐘用在借還車跟等車廂開
kevin3858: 更正 是和泰集團
CH22: irent跟toyota都同集團,車子都用toyota
pchion2002: 台南機車業者有救了
lumia1120: 不意外啊
a062693069: 這什麼鬼價格= =
MilkTeaMan: 怎麼不直接恢復定價
rnylbw: 日租這價格真的不如租油車 尤其那app...
Wx7621: 之前去台南玩300真的很便宜 只是電量耗蠻
Wx7621: 快的
warm0808: 讚啦
ganlinlowmo: goshare屌打
oqcwei: irent的app真的超爛 開車車廂開到天荒地老
oqcwei:  除了免費時數很多 沒什麼優點愛
Avira: 最近狂放電視廣告，原來是宣傳費布告惹
Avira: *不夠惹
JayPark: 也太貴了..................
EulerFormula: App先改善吧有其他家不會想用irent
joy2105feh: 租機車租還至少先吃一分鐘以上
MrSuperLP: 日租900 笑死
pio: 第一次裝app卡在註冊不過就再也沒用
silencemars: app後來變超難用
wsxe2007: 早就刪掉了
EricTao: 他媽不知道哪天改版之後就不能騎了 超爛
mdk3500: irent原本是和泰集團的和運租車的業務之
mdk3500: 一
mdk3500: 後來又獨立出來 叫和雲行動服務
tealee: 光看個車廂不知道多少錢去了 拜託速度學
tealee: 學go好嗎
mdk3500: 然後最近又被和泰汽車買回去
rich3710a: 收割了
raysorcer: App爛成這樣還漲價
driftingjong: 太扯了 這種車的素質也要割韭菜 真
driftingjong: 敢
zoosleep: 還好我有車
BORAIN: 開車廂等老半天
chang1202: 日租900我不如租汽車大家share
GaryHarris: 901笑死，去租車行還贏
oh753951: 改版後超難用 爛死
a50109: 開車廂真的有夠慢 明明訊號很好還是一樣
ffaatt: 這直接租，兩台油車一天
israelii: 900 可以租汽車了～
sweetwish: 改用格上了
karus9107: 可以增加大家能租到的機率啊
chan85y: 平常開車廂就慢 還常常卡死打不開 還曾經
chan85y: 騎在路上斷電過..
a062693069: 啟動然後開車箱一分鐘起跳
martinkyuu: 和泰相關app真的...
misomochi: 上次還車不給還 還給我多算錢
er33478: 漲太多了吧…
yyc1217: goshare的一日上限還是比這多
xu3: 機車本來就比較少人會長時間租用吧！
momo0904: 開車廂時間超久
sese581: App真的很不靈感
ParkChanWook: = =我以為是汽車欸 機車日租900?
s860382: 機車？？ p大沒說 我還一直以為是汽車XD
leonian: 以為是汽車+1 機車900太貴了吧@@
gostt: 不要用就好
kissu5566: 這金額根本被租車行屌打
ParkChanWook: 機車我之前租125CC的一天也才150欸
akumahirosi: 一天150也太誇張了吧。哪邊有這種行
sulabird: 去年底軟體更新後負評不斷 錢會重複扣款
sulabird:   租還車功能問題一堆 打客服也打不進去
sulabird:  重複扣款問題還要自己發現 沒發現就給
sulabird: 他賺走了
roadmanjia: 真的很好意思
kelly096k: 日租900  租車行表示開心
passenger10: 申請一次沒過就一直卡...有點麻煩
superLM: 真的假的啦?
sejuanigank: 申請卡極久
jiang0628: 爛爛的
lingerptt: 還是比 goS 便宜，慢一點，安全回家
stp92010: 講認真的有夠難用 大概有五分鐘一直在
stp92010: 還車開車廂超不爽
ex250203: 自從改版後就糞到不行了
zxav4567: 申請卡住之後我直接刪掉 難用死的app
pchion2002: 套養殺了 刪app囉
pchion2002: irent一直都是和泰的...
combro40: 誰他媽租機車一天900 沒在台灣騎過車膩
doctorboy: app真的讓人非常不爽
Q00863: 歐印2207
starfishfish: 開車廂1分鐘...然後換電池5~10分鐘
starfishfish: 還不加騎車去換電站的時間...有時
starfishfish: 還跟目的地反方向
tostcamp: 要改租油車了
ljh2217: App超爛 絕對不要花錢受氣
ljh2217: 客服超難聯繫
aas813913: 沒差，只有牛頭鋁罐能租，沒在用
fiiox3: 原本是因為便宜才用，可以刪掉用其他兩
fiiox3: 家了
qq01030323: 拉雞
a22530722: 只有我超愛嗎超佛心每天送時數
za9865: 日租900為啥不直接租汽車 笑死
CUTTLEH: 機車日租900是打錯吧，傻眼
tandzh: 以為是汽車，看推文是機車…
gogolamingo: 常常遇到騎到幽靈換電站是要換個屌
tayatiffany: 笑死 這個車速 這種app 居然也想901
uuuujoe: 路邊租車行一天才300-500 如果一天900優
uuuujoe: 勢都沒了
littlemai27: 審核通過又再審核，打死我也不想再用
tsusuan: 我也審核通過已經使用一年，突然又審核
tsusuan: 不通過
ayumi7814: 等車廂開超久的= =
mauve: 還漲？上次台中車站旁租irent機車，兩台車
mauve: 廂都打不開
ineda: 只騎一小段,當成電動ubike用就好
skyhomeer: 應該是希望大家都短租，不要長時間佔用
skyhomeer: 機車吧XD
tue678: 那間租賃機車車行只日租150 真好奇
tue678: 別租就好 又不是只剩一個選擇
brokeback: 所以一天不要租超過3小時20分的意思
fliersky: 一直佔用免費停車格,噁心
ParkChanWook: 一天150就台南啊 100cc的100
sa074463: app 做這麼爛還敢漲價喔
fiiox3: 一般人機車佔用車格時間更長好不好...
fiiox3: ...
yankslakers: app訊息有說一天上限改10小時 故$901
love790701: app超卡，根本A使用者的錢
duncan0211: bye囉
soy5566: 車動力爛成這樣還敢漲喔 完全打不贏viva
andrew5106: 免費時數用完就不用了
Chao0II5: app真的有夠爛
OmegaDog: 汽車呢
jameshcm: 只是要增加周轉率，不然300元就封頂大家
jameshcm: 都把車佔著放在那邊不給別人騎
yankslakers: 樓上正確
sawe53: 之前常用吃我超多，幾百跑不掉
sawe53: 要不是那時候沒車剛好租
pr9558: 新版app比舊版難用還卡 厲害了
yankslakers: 最近換50%以下電池但沒給時數 真的爛
nk950357: irent的app每一個指令浪費一分鐘
nk950357: 客服有夠難打
nk950357: y大 還車時時數-借車時時數>20或是40才
nk950357: 有10/20分鐘
yankslakers: 已精算了就是沒給 一言難盡讓你誤會
yankslakers: 且改版後看不到租/還電量 啞巴吃黃蓮
nk950357: 我都直接打給客服跟他要時數
nk950357: 反正寫irent app的人真的不知道在想什
nk950357: 麼 爛到不行
yankslakers: 但電話客服很弱 要寫客訴信箱較有用
nk950357: 我的經驗是出來的數字不對 打給他們他
nk950357: 們隔幾天都會回電欸XD
nk950357: 我那次借之前app寫53 按下開始使用變35
nk950357:  車子寫15 最後歸還時85他給我用53的算
nk950357:  打給客服（10幾分鐘餐接通）後來有補
nk950357: 時數給我
nk950357: App真的爛到連讀取電量都不會寫..
yankslakers: 電話客服會回電???幾時這麼盡責...
yankslakers: https://reurl.cc/GdEL1W   這最有用
yankslakers: 租到電池彈簧線圈斷不能還車就靠這
nk950357: 我跟他說我換電池獎勵不對 他說會後端
nk950357: 檢查後再回電給我 我每次都有收到欸
nk950357: 我個人覺得寫信太麻煩了 有問題還不能
nk950357: 直接跟客服吵XDDDD
s98091028: iRent系統超爛 開完車廂已經過兩分鐘了
hsudens: 車廂真的廢，沒反應又要間隔15秒以上，然
hsudens: 後繼續算在時數上，真的很糟
gsking66: 外島一天500...
joeboy9306: 系統世界爛！取車至少花2分鐘以上
VeranoVII: app超難用
yiyu0718: APP超難用 客服打不進去 車廂要等2分鐘
yiyu0718:  有夠糟糕
maple741852: 放棄QQ
pinpin12352: 日租900不是再貼一點就能租汽車了嗎
Coffeewater: 羊長大了
kklon: 這價格認真？都可以到別家機車租兩天了耶
Ptt54542212: 讚啦 拜拜
lemonsong: 不要用就好
tim96tim: 幹你媽真的都在等開車廂
sinohara: 和汰=大金=豐田總代理=irent=yoxi
sinohara: 那台破光陽比爆改慢還比125貴
AdPiG: irent才剛按啟動 連車廂都還沒開就過
AdPiG: 一分鐘了  goshare直接按按鈕 wemo反應超快
AdPiG: irent的速度真的感覺還在撥接
jh043082: 業者終於笑了~
jiabao0508: goshare騎一次就只能抵一張獎勵
jiabao0508: ，變獎勵金15元以上才能騎免費
jiabao0508: （因為最低就是扣15元，不到15元的獎
jiabao0508: 勵可以當垃圾），而且快到6分鐘就要
jiabao0508: 馬上換車再借車.
jiabao0508: irent好處就獎勵可以做一次抵,
jiabao0508: 而且因為續航差，耗電快
jiabao0508: 騎一次就要換一次電池，然後
jiabao0508: 換電獎勵又可累積，光騎免費其實還滿
jiabao0508: 夠用的...
brokeback: 租汽車平日一天990但要外加里程費一公
brokeback: 里三塊好像
pig09202000: 母湯
gogolamingo: 是40%以下有換電獎勵吧 一顆電池10
gogolamingo: 分鐘 二顆電池20分鐘
thenobelium: 哭哭哭
jiabao0508: 開啟加速模式其實耗電很快的^^
jiabao0508: 要注意不要在電力50%以下還車
jiabao0508: ，不然再借一次會搜尋不到那台
jiabao0508: ，然後又要找新的騎到低電量換電池拿
jiabao0508: 獎勵...
kai456789: 900 pass 電池開加速一下就沒電
noodleroy: app 很難用
hasnud46: 比火車站租車貴，速度又不快，誰要跟你
hasnud46: 租
waterpork: 上次電池一直換不過 打客服又一直滿線
waterpork: 後來就不用了
waynepc: 車少 app難用
yankslakers: 才不是一顆電池十分鐘 好嗎！
puffcuttle: app真的變超難用
gigisteve: 125行情價250~350 900是要租給鬼?
Uhavemyword: 這車不用車牌合法？
roadmanjia: 樓上在講什麼?
weiyudanbing: app會重複扣款電話打不通有夠瞎
z1288: 高雄和運平日租機車只要200 也很便宜
chunfu: 三款機車裡面註冊irent最麻煩 填一堆資料
chunfu: 超沒意義 其他家都可以做到綁定帳號
yayayagogo: 每次重開網路定位 就要重新登入 wemo
yayayagogo: 都沒這麻煩
genkirabbit: 照片上傳後。卡在申請中。問客服說是
genkirabbit: 沒有上傳證件。我就卸載不用了
genkirabbit: 檔案都不知道被外流到什麼地方去了
cmosdigital: 借板問一下irent機車遇到停在車牌辨
cmosdigital: 識的收費停車場 然後費用累積到超高
cmosdigital:  只能不租嗎？ 還是有其他方式？
marrylamb: app超爛 開車廂沒反應還限制10秒內不
marrylamb: 能重複按 900不如去租汽車或是一般車
marrylamb: 行
shine66333: App到底修好了沒啊……
clc0: app超難用，光還車就花了10分鐘
cpjxxx: 可以收攤了
nicedog: 唯一的優點就只有便宜了 結果還漲價
lizardc1: app刪起來 用行動教訓和泰集團
rebecae0618: APP真的有夠難用
kevenshih: 昨天使用，好像取消了時數折抵這一選
kevenshih: 項，大家用時注意看看
loon550: 春節期間 2/9~16 無法折抵時數喔
loon550: https://bit.ly/2YZiLbS
loon550: https://reurl.cc/V33m9y
ivanchou: 汽機車都不能折抵...
Ping0502: 不影響啊，反正我irent大多騎短程，以
Ping0502: 租金來說還是算便宜
iYolanda: irent優惠很多啊，小學堂答題也會送時
iYolanda: 數，根本用不完
upuxa: IRENT 機車是還好 軟體搞好一點比較什在
wetor: 日租900，窩自己養車嘍885
john211060: 新戶輸入ir891569拿免費時數
BooEH: ir1251604"
ptt,M.1608828918.A.BE1,https://www.ptt.cc/bbs/Lifeismoney/M.1608828918.A.BE1.html,Lifeismoney,Re: [情報] irent答題免費時數,tsmcCCW (C.C.魏),Fri Dec 25 00:55:16 2020,,還車、還不了車、無法還車,"abao0508: 看官方臉書上 jiabao0508: 不少人是在app維護結束完使用 jiabao0508: 還是有還不了車的情形發生... jiabao0508: （汽車機車都有） jiabao0508: 有免費時數當然好^^ jiabao0
---
lakers: 不更新不給用吧 我前天晚上騎很OK~ riceking999: 爛，更新棄舊客 randomyo: 上面還車流程原本到結算時間和里程時會 randomyo: 直接跳錯誤訊息然後不給還 randomyo: 但剛剛看結算畫面跳出來了
---
yayagogo: 弱點可以釋出優惠了吧 manuol: 車在眼前卻租不到的原因可能是因為上一位 manuol: 使用者還不了車喔～一堆人app卡了一個禮 manuol: 拜都還不了，聯絡客服總是忙線中，line留 manuol: 言從12/23到
---
沒拿到180分的... momoko360: 我12/18租車，12/23才收到fb小編說已 momoko360: 完成還車ㄏㄏ blackZ2: 先觀望一下好了 感覺問題很多 wctoymr: 180怎麼拿到啊 條件是？ daniellin435: 凌晨還不了車氣死 daniellin435: 客服有接都算運氣好 eric550211: 那個新版垃圾app 重看不重用 給你借車 eric550211: 不跟你還車 客服電話要打10分鐘才接通 eric550211: 態度又跩個258萬 mm52031: 爛 ios11連更新都不能
---
沒扣除，期限也延 memoryface: 180應該是更新後有租賃才會給的吧 sunny1225: 但我後來完全不敢用,無法還車真災難 may8010: 沒收到180 QQQ andrew5106: 身分審核一直不過，是要怎麼租 andrew510
---
penelope: 快到期的... nicedog: 我覺得短期大家真的不要租 很可怕 nicedog: 上次租也是差點還不了車 都快遲到了 mp60707: 180怎麼拿？ kumakumaptt: 沒有拿到180就算了，原本送的時數還 kuma","除了100分鐘的小學堂之外，更新APP+重新綁信用卡再多送120+30分鐘喔
https://i.imgur.com/wwLPRCq.jpg","yankslakers: 更新app之亂搞定了 現在送時數摸頭
tsmcCCW: 常用的話真的有省到一點錢啦
jlincredible: 新版真的好多了...
yankslakers: 省很多啦 三大家就他最大方 還能換
yankslakers: 電賺時數 通勤省錢省力都靠哀怨~
jaxk22: 推樓上的哀怨，他們就是有問題送更多的時
jaxk22: 數就能解決問題(?
rvsls: 呃……120+120等於450對吧？
rvsls: https://i.imgur.com/fgjlB6e.jpg
modelfucker: 改版叫我重綁信用卡跟電子簽名，結
modelfucker: 果過了一個禮拜還在身分審核中
modelfucker: 昨天要租因為電子簽名還沒審過所以
modelfucker: 不給租
modelfucker: 去你的
modelfucker: 而且新版有發現明明車在我面前卻沒
modelfucker: 有顯示在地圖上
yankslakers: 車在面前不在地圖上可能是沒電或故障
mauve: 上周四重複刷卡、因為當機沒成功抵用時數的
mauve: 問題都還沒完全解決呢
korkar620: 有人一直無法更新，無限循環的嗎
RickyLeeeee: 我還有一個180欸 這也是這次送的？
RickyLeeeee: https://i.imgur.com/g8MSroJ.png
jiabao0508: 看官方臉書上
jiabao0508: 不少人是在app維護結束完使用
jiabao0508: 還是有還不了車的情形發生...
jiabao0508: （汽車機車都有）
jiabao0508: 有免費時數當然好^^
jiabao0508: 但我先觀望其他白老鼠再決定要不要使
jiabao0508: 用！
kid7963: 請問現在一定要重綁信用卡才能租借了嗎？
kid7963: 也沒看到之前的電子簽名的部分了
yankslakers: Ricky大 是的 摸頭時數大放送~
ewqazxs: 靠北i6沒人權，不能更新
yankslakers: 改版體驗120+改版致意180+歡慶改版30
ivy3052001: 我的帳號有收到感恩致意180分鐘，我老
ivy3052001: 公的就沒有...這是？
yankslakers: 180難道是有買過方案的回饋?
s13467965: 我也沒有致歉180...
kumakumaptt: 沒有180+1 QAQ
Leconte: 我1分鐘都沒有...
randomyo: 給想租的參考 https://i.imgur.com/j1st
randomyo: Rkb.jpg
randomyo: https://i.imgur.com/j1stRkb.jpg
randomyo: 只租一小時的車 到現在還是還不了
randomyo: 當天就傳訊息給官方LINE至今無消無息
randomyo: 客服永遠忙線中
gogolamingo: 他奶奶的 以後有跳出更新一定要先去
gogolamingo: 看新版使用者心得再決定要不要更新
gogolamingo: 樓上也太慘 租車一小時 卡車二天多XD
yankslakers: 不更新不給用吧 我前天晚上騎很OK~
riceking999: 爛，更新棄舊客
randomyo: 上面還車流程原本到結算時間和里程時會
randomyo: 直接跳錯誤訊息然後不給還
randomyo: 但剛剛看結算畫面跳出來了 顯示租金5000
randomyo: 多...
randomyo: 大家可以去irent的fb粉專 前幾天的貼文
randomyo: 下面留言很精彩 各種奇奇怪怪的BUG都有
randomyo: 有里程數亂算 租2小時開20000公里租金十
randomyo: 幾萬的 有比我更慘租快一個禮拜還不了的
yayayagogo: 這也算有點誠意撫平客訴了 但還是希
yayayagogo: 望app能像wemo一樣順 不過到時候也沒
yayayagogo: 弱點可以釋出優惠了吧
manuol: 車在眼前卻租不到的原因可能是因為上一位
manuol: 使用者還不了車喔～一堆人app卡了一個禮
manuol: 拜都還不了，聯絡客服總是忙線中，line留
manuol: 言從12/23到現在還沒處理，但傳了一個神
manuol: 秘的兔兔給我，真分不清楚是人工傳的還是
manuol: 機器設定..==
manuol: https://i.imgur.com/PoV655o.png
allinchaos: 簽名過一個禮拜還沒審核過
alan0419: 重新綁定信用卡後，顯示Bindfail  ?
alan0419: 綁了三張信用卡，才顯示綁定成功，但沒
alan0419: 有多贈送時數?
gladtiding: 打電話去客服堅持等待8分鐘可接通
gladtiding: 要求處理身分認證等等，就可以馬上處
gladtiding: 理
jjps042896: 180+120+30 直接送五個半小時...
kilinchu: 一定要打客服等到接通 我卡了三天也傳了
kilinchu: line 客服一瞬間就把訂單弄完 然後line
kilinchu: 還是沒回
jjps042896: https://i.imgur.com/0bbDnn2.jpg
h3343134: 沒拿到180分的...
momoko360: 我12/18租車，12/23才收到fb小編說已
momoko360: 完成還車ㄏㄏ
blackZ2: 先觀望一下好了 感覺問題很多
wctoymr: 180怎麼拿到啊 條件是？
daniellin435: 凌晨還不了車氣死
daniellin435: 客服有接都算運氣好
eric550211: 那個新版垃圾app 重看不重用 給你借車
eric550211: 不跟你還車 客服電話要打10分鐘才接通
eric550211:  態度又跩個258萬
mm52031: 爛 ios11連更新都不能更新
csnst: app修好了嗎
geas: 真的沒有180分鐘的QQ
hsinyeh: 拿到180+180+120+30
she051920003: 已拿到 感謝～
sunny1225: 我剛好12/17當天app更新有租機車，有
sunny1225: 收到改版感恩致意180，我猜是更新那幾
sunny1225: 天有租用的，會收到被摸頭的180
sunny1225: 但我只有一個180，為何樓樓上有2個？
sunny1225: 1217當天時數後來也沒扣除，期限也延
memoryface: 180應該是更新後有租賃才會給的吧
sunny1225: 但我後來完全不敢用,無法還車真災難
may8010: 沒收到180 QQQ
andrew5106: 身分審核一直不過，是要怎麼租
andrew5106: 而且為什麼基本資料儲存完跳出再進去
andrew5106: 還是會一直邊基隆暖暖區==
yankslakers: 剛騎兩小沒扣時數 卻有多換電獎勵
liouer: 綁信用卡沒收到時數QQ
shyboydream: 我已經爽租免費好幾次囉你各位快跟上
penelope: 使用期限比較晚的先被折抵掉了，剩一堆
penelope: 快到期的...
nicedog: 我覺得短期大家真的不要租 很可怕
nicedog: 上次租也是差點還不了車 都快遲到了
mp60707: 180怎麼拿？
kumakumaptt: 沒有拿到180就算了，原本送的時數還
kumakumaptt: 莫明失效…https://i.imgur.com/me
kumakumaptt: QkEUw.jpg
kumakumaptt: https://i.imgur.com/e6WRGLD.jpg
sunny1225: 樓上可能遇到bug,反正app爆炸都有可能
sunny1225: 我送的時數都延長期限 1217還沒扣時間
sunny1225: 向客服申訴說不定可索討更多時數賠償XD
Gelala: 昨天設定簽名，今天收到簡訊回覆變更成功
Gelala: https://i.imgur.com/KqhrpYh.jpg
hebe52520: 剛打了客服兩次各被扣不合理的七小時
hebe52520: 跟五小時 說2-3天會還"
ptt,M.1607919925.A.F21,https://www.ptt.cc/bbs/Lifeismoney/M.1607919925.A.F21.html,Lifeismoney,Re: [情報] irent答題免費時數,imjkg (JKg),Mon Dec 14 12:25:23 2020,,還車、還不了車,"板友建議 要用的可以先去IRENT randomyo: 粉專看看 每篇貼文都超過1000個留言抱怨 randomyo: 還不了車的 里程亂算的 各種花式BUG randomyo: 客服打不進去 官方LINE留訊息好幾天沒回 randomyo: 改版
---
碰到上面那 randomyo: 些問題 改版後PLAY商店評論被灌到1.3星 yankslakers: 我昨晚有騎 成功還車扣時數 順啦 YA~ glenkgmm: 最近debug完還算順 john211060: 新戶輸入ir891569拿免費","iRent要改版了，題目也重新更新了。
再重新答題一次又可以重新拿時數。

※ 引述《TIMPIGTIM》之銘言
: 先附上網址
: https://www.easyrent.com.tw/iRentSchool/
: 機車跟汽車各五張答題表單共100分鐘
: 可以使用半年
: 剛剛順手把自己帳號跟朋友帳號都回答了
: 時數馬上就匯入
----
Sent from BePTT on my iPhone 11 Pro","melic: 請問這次的贈送時數  期限可以用多久？
imjkg: 這次給的時數，期限只有1個月
fkfcu: 有人知道題目在那裡嗎
mos: 已完成 感謝
t7234796: 已領，謝謝
mauve: 沒辦法重新答題http://i.imgur.com/IsH41Xk
mauve: .jpg
lovexx291: 無法答題
alex1973: 樓上你們先登出再登入應該就可以了
she051920003: 已拿到 感謝！
Jath: 謝謝分享～
Jath: 實用
gogoagain: 拿到了 感謝分享!
louis3609: 已拿到感謝
shane2300154: 已拿到 感謝
Jimmywin: thx已填
oz01: 已拿，感謝
FloretHao: 謝謝
mauve: 謝謝alex大大，拿到了
JYHO: 謝謝分享
evelyn1936: 已領用，謝謝
jk4561234: 謝謝已拿
sintsu: 感謝已領
za0258: 感謝省錢版
modelfucker: 感謝
cychung: Thanks!!
Minneapolis: 感謝 已拿到時數
pinson880207: 沒看到答題在哪裡
Donaldren: 非常感謝！
yankslakers: 忘了帳密 ：s
SUZUKI5566: 感謝省錢版
windofwing: 12點拿到時數 謝謝原po
himali: 已領 謝謝
GoldenThree: 感謝分享 已拿
melic: 感謝解答
cyenti: 感謝
alan0419: 感謝，已領
gladtiding: 不知要什麼時候以前答完題吼？
gladtiding: 不然可以陸陸續續拿20分鐘，才不會一
gladtiding: 次全部到期
ryankofish: 感謝分享，終於改版了
ptennis: 謝謝
MrSuperLP: 已全拿 感謝分享
sarodisky: 有拿有推
vm1105: 怎麼答題後沒有收到時數
kid7963: 感謝分享
dreamerbape: 感謝分享!
freecandies: 已拿感謝
hugoworld: 感謝！
asdf1013: 感謝
songla0: 大感謝
penelope: 謝謝
MaYawCiru: 謝謝
cky811320: 感謝！
psappp: 感謝
Sachiel0818: 感謝
XDXD1221: 已填謝謝
nk950357: 感謝 已填
nk950357: 新的app終於好看多了
Neil000: 感恩 終於更新介面了 感動
mpppppp: 讚 已領
protocole: 給的時數期限只有1個月 晚點再答好了
peitinglee: 請問汽車時數是否可抵免機車，那這活
peitinglee: 動填汽車比較好囉?
luckydavid52: 終於不用再看2008年的UI了
maxjk: 感謝分享！
ms01096: 幫63Fp大解答
ms01096: 汽車時數可以抵機車,但不能反過來
sunny1225: 請問活動截止時間？最晚哪一天要答題啊
penelope: 汽車機車都填就好了啊
ctrighthere: 期待改版 目前還沒看到更新
rudolf1238: 感謝分享
JohnHong: 感謝分享!
wayne870426: 感謝樓主一生平安
bluewave176: 謝謝
FlayVor: 謝謝 已拿
pchion2002: 推
cloud6564: 感謝分享
khastw: 感謝！
shirly0305: 感謝~
joy2105feh: 佛 希望改好用一點
b79402: 感謝分享！
dynamo: 租車不是以小時記？所以可以一次抵三張？
LovelyDick: 已回答感謝
boneboneman: 感謝
trainmay: 感謝新資訊
win828485: 有拿有推
MVagusta: 謝謝分享
kerororobert: 重新登入還是無法答題
boan1986: thx
allen11513: 已填感謝，介面和之前比起來感覺好很
allen11513: 多
kerororobert: 誰能教我隨堂測驗在哪啊？
allen11513: 小學堂點進去拉到下面
boycher2000: 改很多次密碼都密碼錯誤，但APP可登?
may8010: 已重填謝謝
chillman: 感謝分享
lingerptt: 祝福大豐收過新年
csjtc4: 感恩樓主 已填
screwyouguys: 感謝分享
starfishfish: 感謝分享
momoko360: 感謝分享！
kerororobert:  https://i.imgur.com/vRCNkjm.jpg
penelope: 汽車他會自動扣掉 不滿一小時也會直接
penelope: 扣一小時
YoooooM: 已領 感謝！
tristar: 大推
roadmanjia: GET!!
hahawo: 佛心公司
YoYoLee: 謝謝分享！
kemi012: 已領取，謝謝
chuck1307: 感謝分享！
jetau811227: 好像應該用車前再來答
jasontim: 有誰知道答題期限到什麼時候? 最後一天
jasontim: 再填感覺比較划算
hellomellow: 感謝分享
yankslakers: 剛剛才收到通知信 17號要改版app 終
yankslakers: 於!!!
imyiyilin: 已領！謝謝分享
shane2007: 感謝
peacepipi: 謝謝分享 太棒了！
ab3215192: 謝謝
BCaptain: 感恩！
Sportee: thx
spanishlin: 謝謝分享！
swtw: 謝謝
kumakumaptt: 80分鐘已拿到，樓主好人一生平安！
kumakumaptt: ！
moonlitstars: 已領 感謝分享
y453584: 感謝分享
david51855: 有領有推
icrt: 感謝分享
steven60209: 推 感謝
chiichi: 我也密碼錯誤 到底為何==
sweeet: 按忘記密碼重設就好囉樓上～我也密碼錯誤
Amymywang: 感謝
nchum102: thanks
hebe52520: 謝謝分享 已拿到時數
seeseaing: 密碼錯誤重設密碼時，注意長度不超過10
uting123: 感謝分享
Derek717: 感謝分享
STH520: 有用，謝謝提供
shine66333: 好開心
bbtinggg: 已拿，感謝
a0972723495: Push
honyu1234: 感謝，已完成
H6MP6: 感恩喔~~~!
ssyyff: 領到了謝謝分享
wl630: 感謝分享
wxchen0704: 感謝分享，已領
Wx7621:  https://i.imgur.com/n2FBdfy.jpg 剩餘
Wx7621: 時數變”-“表示用完了嗎
cghs12013: 有拿有推~
cakeGJ: 有拿有推！
cmark0710: 感謝推
chingbebe: 剛進入時顯示完成答題80%，現在系統維
chingbebe: 護中不知道20%部分可以拿到幾分鐘
penelope: 請問如果租機車 會自動先扣掉機車時數嗎
penelope: 有需要自己手動選擇嗎?
penelope: 因為發現他好像先把校期比較久的先扣掉
penelope: 而且租機車 好像被扣汽車時數(機車還有
jaren: 謝謝分享
morgan1317: 推
griffick: 已完成 感謝分享
sammylee: 改版後爛到爆 信用卡居然要重綁 重綁又
sammylee: 一直卡著沒反應 到底上線前有沒有測APP
Nishino: 連駕照都要重傳,還一直逾時
willow: 重綁真的很煩，週末剛好要用卻一直還沒審
willow: 核完，打客服一直忙線中= =
yankslakers: 不改還好 一改用不了 都第四天了...
randomyo: 給後來的板友建議 要用的可以先去IRENT
randomyo: 粉專看看 每篇貼文都超過1000個留言抱怨
randomyo: 還不了車的 里程亂算的 各種花式BUG
randomyo: 客服打不進去 官方LINE留訊息好幾天沒回
randomyo: 改版前那難用的介面至少還沒碰到上面那
randomyo: 些問題 改版後PLAY商店評論被灌到1.3星
yankslakers: 我昨晚有騎 成功還車扣時數 順啦 YA~
glenkgmm: 最近debug完還算順
john211060: 新戶輸入ir891569拿免費時數
BooEH: ir1251604"
ptt,M.1602850438.A.FC5,https://www.ptt.cc/bbs/Lifeismoney/M.1602850438.A.FC5.html,Lifeismoney,Re: [情報] iRent填問券送汽車時數一小時,btfortaiwan (OOXX),Fri Oct 16 20:13:56 2020,,還車、定位,"ninon: app爛爆+1 karkkunt: 有人跟我一樣APP卡在認證無限循環嗎? chan85y: app難用 定位爛爆 車廂還常常開不起來 碰 chan85y: 到好多次滿肚子火 chocopie: 週末或連續假日，台北沒車正常現象
---
擋風玻璃 hakukin: 感應不到，第二次是晚上進特約停車場不用 hakukin: 磁釦但是我手賤去按了鈕，最近一次是還車 hakukin: 時候沒有扣到免費時數請客服處理，都是半 hakukin: 分鐘內就真人接通了。 Demagog040","總覺得irent很愛大放送時數，
買了月租專案，結果一次租了好幾天，
最後結帳時打給客服問結帳疑問，
結果後來月租的時數完全沒扣，
整筆帳單只付了里程費和etag費。
總覺得那月租專案很神奇!","yankslakers: 他們系統真的old school...
gliu0403: app很糟糕…
joy2105feh: app很破 但機車便宜 還行
a062693069: app真的很廢 但營運很佛！
fallshoes00: irent值得推薦 佛爆
carolgilbert: 它們家地圖爛到可以了
Cervelli: 現在用app只有同站租還嗎？想用路邊都沒
Cervelli: 得選...
fengwing: 有路邊租還
djsnack: 路邊租還的車少的可憐
TIMPIGTIM: 路邊的常常沒車 上周末市區只剩四台
chenglihao: 什麼都好...就那個app爛到爆...
onininon: app爛爆+1
karkkunt: 有人跟我一樣APP卡在認證無限循環嗎?
chan85y: app難用 定位爛爆 車廂還常常開不起來 碰
chan85y: 到好多次滿肚子火
chocopie: 週末或連續假日，台北沒車正常現象
chocopie: 打開地圖就知道一堆人都嘛開去公共運輸
chocopie: 到不了的所謂最後一哩路
chocopie: 用車率是有在提昇
eail: 到現在照片都還不能上傳
RYoYo506: 照片不能上傳直接到門市找客服比較快
ccgh: 證件照無法上傳+1
ljp3716: 就月租了,還要扣什麼時數啦XD
r833123: 繳了費用 代繳項目卻還在 QQ 加油
neon7134: 某樓是不是沒用過irent月租方案？不是月
neon7134: 租就可以用到飽餒
fonzae: 上次回高雄一趟，高鐵+Irent方便很多
fonzae: 不用辛辛苦苦開車南下
Take2Bank: app很爛，但資費真的便宜
Jimmywin: 一分錢一分貨
rnylbw: app真的爛
hunchisin: 用過smart2go才知irent還好
hsiaoeddie: App 爛到    無法吐槽
libsky: 最好用的還是wemo
libsky: goshare和irent很常車子出現狀況，騎在快
libsky: 速道路上突然熄火發動不了，真的很崩潰，
libsky: 但irent的補償很大方，goshare無論如何都
libsky: 只補你20元
Aspettare: app爛爆 但台中沒得選QQ
bigR: app整體介面跟順暢真的是上個世代的產物，
bigR: 爛爆
lintimken: 和運租車賺那麼多app還爛爆 不知道請
lintimken: 啥公司做的
hakukin: 覺得同站租還應該要直接刷掉沒車的點，跨
hakukin: 縣市找車真的累。然後假日的路邊的要一直
hakukin: 刷，看到有車還要馬上先搶，中秋時候在台
hakukin: 北市區搶了快一小時才搶到。
aishuo: app真的很很困擾 我上次註冊一個多月都不
sweetwish: app我用的還蠻順的 若有問題 打客服很
sweetwish: 快能處理 上次註冊卡住 客服一下就解決
sweetwish: 了
aaa810824: 男友Android app照片不能上傳借用我的
aaa810824: ios就可以了 審核太慢可以打客服
Hotem: app超爛  無誤
ctrighthere: app爛爆 客服也永遠打不通 但車子是
ctrighthere: 不錯 應該就佛系經營吧
yankslakers: 客服請做好打半小時以上才進線的準備
hakukin: 客服很快呀我從app內撥過三次，一次是下
hakukin: 班時間第一次租要認證卡片的時候擋風玻璃
hakukin: 感應不到，第二次是晚上進特約停車場不用
hakukin: 磁釦但是我手賤去按了鈕，最近一次是還車
hakukin: 時候沒有扣到免費時數請客服處理，都是半
hakukin: 分鐘內就真人接通了。
Demagog0402: 機車開了車廂再關起來就發不動  爛
jamesweb3: iRent實際上還是有扣你時數，只是會延
jamesweb3: 遲，不用以為賺到了...
kevin82302: 想靠版詢問 iren租車 室內燈是不是都
kevin82302: 無法開啟啊 租了幾台都這樣"
ptt,M.1597026697.A.1D2,https://www.ptt.cc/bbs/Lifeismoney/M.1597026697.A.1D2.html,Lifeismoney,[情報] iRent 輸入悠遊卡號免費換汽車30分鐘,tsmcCCW (C.C.魏),Mon Aug 10 10:31:35 2020,,還車、無法還車,樓上各位要進網址輸入，不是直接輸入 love810225: 再優惠碼裡 love810225: 但今天第一次使用，便發生無法還車的 love810225: 慘況 love810225: 不知其他人有沒有遇到 daniellin435: 晚上FB有公,"http://bit.ly/irent1280
這個連結主要是1280月費的悠遊卡活動
但剛剛用一般悠遊卡號輸入也可以換30分鐘
分享給有需要的人～
剛剛有先搜尋好像沒人分享過
登錄時限到年底，時效限一個月內使用
https://i.imgur.com/wMA0UYy.jpg
https://i.imgur.com/NvoX7RV.jpg
https://i.imgur.com/JmIPypn.jpg","shengder: #1U7OjIFW (Lifeismoney)
jsds: 成功領取推
tsmcCCW: 之前那篇是說到3/30，看來活動延長到年低
tsmcCCW: 了哦
ivanchou: 之前換過的無法換QQ
annie123019: 有換有推
rickjd2001: 這禮拜剛好需要 已領成功 感謝分享
balabalaa: 已換，謝謝分享
friand: 我換的還沒用被歸零，爛死了
xDelirious: 好運降臨
TETUO: 感謝分享
ssixty: 有換有推
pilot1998: 感謝分享
elmo56: 找車找車位找三十分鐘
kevenshih: MTC5MDY1QZM4NEUOQZU1
wavier: 感謝樓上，已兌換
kevin645719: 用來找車位用
jay250012: 我輸入一般悠遊卡號不行耶...
Kimg: 我也不行欸
jaren: 是有申辦定期卡的才能用？輸了一般悠遊卡
jaren: 沒法用
kev2345: 我定期票也無法？
sosmycat: 成功領取 推推
qaz112086: 好幾張了都不行QQ
accvol: 沒辦定期票成功+1
nk950357: 這隨便輸入都會中吧
nk950357: MTU1NZLBRUFEREYORKJB
qqq51313: 感謝樓上 已領
qqq51313: MTG1MTFBQZEONUEONORD
panysu: 沒辦定期票成功+1
lingerptt: 都不行， still thanks
qweqwe0518: MTGZMTYOOUZFNEQZMUFB
qweqwe0518: MTCYMTLENJUZNJMOOUI1
qweqwe0518: MTKYMDDCODC1MZCOOEQW
qweqwe0518: MTC1NJVBMUEZNEE3NUE1
qweqwe0518: MTYWMJIWQKYOMUMZQUEO
Android2: 卡號輸入介面好像壞了
kawaiimon: 未沒定期票的沒辦法產生序號+1
hayate12: 無法
mars1472: 成功，謝謝分享
love810225: 樓上各位要進網址輸入，不是直接輸入
love810225: 再優惠碼裡
love810225: 但今天第一次使用，便發生無法還車的
love810225: 慘況
love810225: 不知其他人有沒有遇到
daniellin435: 晚上FB有公告系統當機
daniellin435: 這系統到底哪時候可以穩一點
ksongr: 沒辦定期票不能
wildpeople:  https://i.imgur.com/XfgzVV1.jpg
wildpeople:  不知道是不是被發現了
handsome8888: 這bug居然被修正了，可惡
handsome8888: 求現成序號"
ptt,M.1589095191.A.4A0,https://www.ptt.cc/bbs/Lifeismoney/M.1589095191.A.4A0.html,Lifeismoney,[情報] iRent母親節輸碼送十分鐘,yankslakers (原來Joker是現代舞專家!),Sun May 10 15:19:49 2020,,還車、無法還車、不能還車,"ish: iRent app真的雷 j8400703: 一顆電池應該是其中一顆接觸不良， j8400703: 以前也遇過不能還車，真的雷.. ex250203: irent應該是最糞的租車系統 開車廂 ex250203: 不小心被鎖住都要CD時間
---
租整天$300 uouo1402: 感謝分享，之前也因為電池問題被耽 uouo1402: 擱 starbutts: 同樣還車時說電池問題還不到,但app starbutts: 又一直卡住,打去客服轉很久才接,超 starbutts: 雷,十次有
---
新的 chenglihao: 後來用一顆電池+主電從內湖回中正.. chenglihao: 整台車騎到剛好完全沒電app無法還車 chenglihao: 不過irent的客服算很有效率.算最好 yankslakers: 所以之前也遇過卡電池 但動一","輸入 iRentlovema

可換10分鐘免費機車騎乘時數

期效5天！

祝大家母親節快樂



雖然今天凌晨租車租到只有一顆電池的車

客服小姐姐說我兩天不能騎他們家的車

這福利就分享給大家

有免錢可用，將就一下很爛的APP或車況~","ayumi7814: 感謝分享~
mingzhelin: 感謝分享
sbeman: 感謝分享
lotteyaya: 謝謝分享！
jay12378920: 感謝分享
oemptt: 為什麼客服會這樣說？
jacky940318: 竟然還有一顆電池的車，好扯
kentsay: 謝謝分享
ting445: 機車別租iRent wemo最推
weifenglish: iRent app真的雷
j8400703: 一顆電池應該是其中一顆接觸不良，
j8400703: 以前也遇過不能還車，真的雷..
ex250203: irent應該是最糞的租車系統 開車廂
ex250203: 不小心被鎖住都要CD時間
yankslakers: 是真的只有一顆電池在裡面
w4: 各品牌都沒租過，所以irent真的很
w4: 雷嗎？
ab3215192: 感謝
c255120: 使用方便程度 wemo>goshare>iRent
c255120: 謝謝分享
yankslakers: 三大家都用過 就irent最便宜也最雷
lizardc1: 感謝分享 純推不用
w4: 謝謝分享
JingJang: 感謝分享～
a51062004: 汽車很好用 但機車系統是跟汽車同一
a51062004: 個APP
Jimmywin: 謝謝
a89584: 覺得不必為了省錢騎有g或w方便為主
Take2Bank: wemo客服很爛，在符合規定地點還不
Take2Bank: 了車，結果客服怪客人。
a126963138: irent程式神難用 完全不思長進耶
yyc1217: 如果是去其他縣市遊玩 租整天$300
uouo1402: 感謝分享，之前也因為電池問題被耽
uouo1402: 擱
starbutts: 同樣還車時說電池問題還不到,但app
starbutts: 又一直卡住,打去客服轉很久才接,超
starbutts: 雷,十次有9次app取車時閃退,UI難用
starbutts: 但台中就只有iRent,沒得選只能用他
starbutts: iphone瀏海都出幾年了app還是沒有
starbutts: 修正UI對瀏海的尺寸應用,反映也沒用
starbutts: 不知道何年何月台中才有其他家可選
Hamburglar: irent的app爆炸爛
finhisky: 今天app超卡頓，另外發現隱藏功能，
finhisky: 發動時煞車加按啟動，是開關 power
finhisky: up, 如果連續10多次會有意外驚喜，
finhisky: 但請小心，騎乘中不要亂試
lizardc1: 樓上我知道 彈射座椅對吧？
mqwe: 感覺告知
Wx7621:  https://i.imgur.com/SH3qP2V.jpg
Wx7621: 我一直想到這張圖
yankslakers: 有次發動車但感應不良也按出開坐墊
finhisky: 原來大家按出的隱藏功能還不一樣 XD
finhisky:
finhisky: 我是停紅燈手賤亂玩按出熄火，綠燈
finhisky: 動不了，要按app 才能
finhisky:  重新發動，app 又卡，發動後又再等
finhisky: 一次紅燈....
eric4309: 感謝分享
mickey990055: 感謝分享
lovela33: 有換給推
chenglihao: irent的車爛...那wemo要用什麼形容?
chenglihao: 遇過去換電池.結果電池卡在換電站..
chenglihao: 客服說沒有跟光陽的連結.就關起來叫
chenglihao: 我先騎.可以去下一個換電站再換新的
chenglihao: 後來用一顆電池+主電從內湖回中正..
chenglihao: 整台車騎到剛好完全沒電app無法還車
chenglihao: 不過irent的客服算很有效率.算最好
yankslakers: 所以之前也遇過卡電池 但動一動 按
yankslakers: 站上的鍵就恢復運作 純粹運氣好~
mauve: irent機車超容易沒電，騎不到40公里
mauve: ，時速還沒辦法高於50，看來還是油
mauve: 車方便
rushfudge: 都摸到肥宅臭手汗 黏黏的 噁爆
pinson880207: 講的好像手汗都肥宅才有一樣 笑死
panjiongkai: WEMO跟GOSHARE真的比iRent好很多
tonyshan: 之前在GGR有戴過汗臭味的安全帽
spitig: 感謝
zxc820829: 超爛，電量60...騎到一半在大馬路上
zxc820829: 直接發不動 移到旁邊重發也是無法
aqtkuan: 客服處理速度快+1
mayshow1980: 我倒覺得有換電優惠之後租到的irent
mayshow1980: 電量都比較多了@@反而覺得車況的安
mayshow1980: 全度來說wemo和irent相比更願意騎後
mayshow1980: 者的說..."
ptt,M.1581643909.A.9BE,https://www.ptt.cc/bbs/Lifeismoney/M.1581643909.A.9BE.html,Lifeismoney,[情報] iRent 情人節優惠碼 20分鐘,chodo (chodo),Fri Feb 14 09:31:47 2020,,還車,然後跳出來九次，算鑽漏洞？ soobre23: 弱問一下，我app怎麼沒有查詢/兌換的選項啊… xhkj: 20分鐘光找還車車位時間就不只了 lidongyun: 謝謝 eric830204: 最低30分鐘才能折 沒誠意 yus1030: 這個,"可以沒有情人，不能沒有禮物 iRent免費租車時數送給你


1、活動期間：即日起至2020/2/14 23:59。
2、活動網頁：https://www.facebook.com/HiMSiRent/posts/2473638012897532

輸入碼： iRent9420","ideekao: 20分鐘在車上很足夠了...
onlylo: 感謝
ksongr: 1F XD
ogkdm256300: 感恩
rudolf1238: 謝分享
bradley31013: 他審核都要這麼久的嗎 已經快一個禮拜了欸
sealezra: 使用完做好清潔維護下個使用者權益
ilovejesus: push
murderer007: 感恩
ixeasawm: 有用有推
e04bank: 7樓XD
cc5566: 1樓誠實
sintsu: 有用有推
vivian905482: https://i.imgur.com/XUOABqc.jpg
vivian905482: 剛剛兌換都卡住，瞬間開完發現我儲了四次
sawe53: 我還在卡
sawe53: 我四十，讀久一點，然後切換城市，不要太快，我第一
sawe53: 次跟第四次讀比較久，第二次跟第三次讀一下就切，只
sawe53: 領兩次,還沒領的試試看
aqs2156: 一樓是不用開走直接來膩XD
lumia1120: 給不了優惠 一直轉圈圈
yankslakers: app打不開…
fatslave: 可以重複領？
peteryen: 審核大概一小時就ok啦
traveler729: 卡到我兌換了八次...= =
kwjglot: 請問最短時間有限制要使用一小時嗎？
sawe53: http://i.imgur.com/dEPHCtQ.jpg
Sportee: 謝謝
aiouptt: 哇，樓樓上可以來九次了
sks11134: 被發現了甘只能領一次了
fatslave: 鑽漏洞還敢貼出來 厲害
fly0204: How do you turn this on
sawe53: 他自己卡住，然後跳出來九次，算鑽漏洞？
soobre23: 弱問一下，我app怎麼沒有查詢/兌換的選項啊…
xhkj: 20分鐘光找還車車位時間就不只了
lidongyun: 謝謝
eric830204: 最低30分鐘才能折 沒誠意
yus1030: 這個只限今天使用。如果有其他優惠會先折這筆嗎？
yankslakers: 已用 跪謝大德
bsmile602: 20分鐘是給人騎去motel的嗎
icute542: 已換 感謝
z123z91: 感謝
rabbit6642: 這只能今天 不像之前的都可以幾個月
jjanehootw: 感謝分享 好久沒拿到時數了~
xup63511: 感謝
sam352306: 靠北
marecom: 感謝分享
liliane0521: 謝謝"
ptt,M.1576474386.A.300,https://www.ptt.cc/bbs/Lifeismoney/M.1576474386.A.300.html,Lifeismoney,[情報] iRent 高雄租機車前十分鐘1元,BryantChan (老大推車),Mon Dec 16 13:33:02 2019,,還車、還車範圍、定位,"天WEMO推高雄免費騎 想到上個禮拜去高雄辦事+小遊，想租車來通勤 申辦了WEMO和iRent，發現WEMO在高雄的還車範圍超悲劇 就選擇了iRent 而且iRent到月底前高雄有特惠方案 前十分鐘只要1元 之後1分/1元(汽車好像也有9
---
9558: 可是wemo活動很佛耶 12/14 15高雄騎不用錢 BryantChan: 但是今天16號了...順便放上還車範圍比較 BryantChan: WEMO: https://i.imgur.com/1bIRfIO.png BryantC
---
所以我說我這次會試R... caryyrac: 反而是和運以證件照不清楚駁回我的註冊 chun0629: gokube的定位完全不同阿 是自行車 wemo跟irent都是 chun0629: 機車 BryantChan: Gokube也是電動車
---
onyoe940: 幽靈車是因為被預約卡位了吧 因為可以無條件取消後 onyoe940: 再預約 如果只是吃個飯或逛商場還車後可以馬上再預 onyoe940: 約卡位 預約時間快到取消再預約就不用怕出來沒車了 littleag: Gokube應該是台北公司吧 BryantChan: 說到這個我有次騎到差不多10分鐘，想說還車馬上再租 BryantChan: 去賺前十分鐘1元的BONUS，結果馬上被租走，超尷尬 BryantChan: 後來走了好一段路才找到第二台可以租的... BryantChan: 但如果只是停車吃個東西，也是建議先還車再馬上預約 caryyrac: 那台北也該有GOKUBE才對 gokube是自行車? 我騎gokub caryyrac:","剛好看到前幾天WEMO推高雄免費騎

想到上個禮拜去高雄辦事+小遊，想租車來通勤

申辦了WEMO和iRent，發現WEMO在高雄的還車範圍超悲劇

就選擇了iRent

而且iRent到月底前高雄有特惠方案

前十分鐘只要1元　之後1分/1元(汽車好像也有99/hr的優惠)

https://imgur.com/gallery/nAmBwYL


騎了三天花不到100塊　非常適合短期旅遊

唯一缺點就是常常看得到車但app裡面租不到

但看起來也不像被預約走，原因不明


總之單純論高雄短期共享租機車的話，蠻推薦iRent

而且高雄真的蠻適合騎車旅遊的，記得要兩段式待轉唷","ryankofish: 真的很常看到 iRent 實體機車本人但 app 卻沒有 XD
pr9558: 可是wemo活動很佛耶 12/14 15高雄騎不用錢
BryantChan: 但是今天16號了...順便放上還車範圍比較
BryantChan: WEMO: https://i.imgur.com/1bIRfIO.png
BryantChan: iRent: https://i.imgur.com/rJVBCMi.png
kh2702: wemo範圍小
chun0629: 超廢 我昨天本來想借 看者我前面兩台 app怎樣都沒
chun0629: 顯示
BryantChan: 幽靈馬車真的很靠北　本來想租車去買丹丹結果沒半台
BryantChan: 能租，最後走了15分鐘...
lemongrass0: 寶大表示高雄就是要騎機車才爽快的地方啊
lemongrass0: 對了irent如果要雙載只適合情侶，因為椅墊偏小
rabbit6642: 借串問 租汽車平日好用嗎?幽靈車問題很嚴重嗎?
lemongrass0: 若兩大高壯男生太貼的話，尷尬事小，怕後位會騰空
BryantChan: 剛看了一下高雄汽車只有同站租還...不愧是和運
carafet: 感謝分享
BryantChan: 明天還會下一次高雄，這次應該會換看看gokube試試看
BryantChan: 原本想試試irent的汽車，但同站租還就還是算了
caryyrac: 我只想知道高雄在地品牌""Gokube""為何本版沒人提到
BryantChan: 樓上...所以我說我這次會試R...
caryyrac: 反而是和運以證件照不清楚駁回我的註冊
chun0629: gokube的定位完全不同阿 是自行車 wemo跟irent都是
chun0629: 機車
BryantChan: Gokube也是電動車呀，上次看到路上蠻多人租的
onyoe940: 幽靈車是因為被預約卡位了吧 因為可以無條件取消後
onyoe940: 再預約 如果只是吃個飯或逛商場還車後可以馬上再預
onyoe940: 約卡位 預約時間快到取消再預約就不用怕出來沒車了
littleag: Gokube應該是台北公司吧
BryantChan: 說到這個我有次騎到差不多10分鐘，想說還車馬上再租
BryantChan: 去賺前十分鐘1元的BONUS，結果馬上被租走，超尷尬
BryantChan: 後來走了好一段路才找到第二台可以租的...
BryantChan: 但如果只是停車吃個東西，也是建議先還車再馬上預約
caryyrac: 那台北也該有GOKUBE才對 gokube是自行車? 我騎gokub
caryyrac: e幾十分鐘與幾十公里 怎麼都不像電動補助自行車
caryyrac: 我還蠻常看到irent車的 但wemo的車我就沒看過了
caryyrac: 我連gokube的員工都碰過哩
enjoyptt: 高雄iRent優點可雙載，速度快，是我首選。缺點常常
enjoyptt: 看得到卻租不到，租成功卻因為電池關係無法啟動，
enjoyptt: 充電站超少，一堆低電量的車，需要靠工作人員換電
ryankofish: 紅明顯，gokube是電動自行車，最高時速 25 且不可雙
ryankofish: 載，跟電動機車的 irent還有wemo有具體差別要注意喔
enjoyptt: goku只能當備案，因為屬電動自行車，不能雙載速度慢
Aquarius126: 跟Obike相反，app有車但找不到w
BryantChan: 原來如此,感謝樓上告知,那我GOKUBE要PASS了
enjoyptt: 優點臨時租借較方便，門檻低，手機認證即可。
enjoyptt: 如果以目前iRent 10分鐘/1元，超過1分1元來看，唯一
enjoyptt: 選擇就是iRent了，但是他的缺點讓人困擾
deray: 傻B才兩段式待轉
BryantChan: 同意樓上e大觀點,也是我上次騎的總體感想
CherrieYZ: 台中iRent 也有這樣的狀況
hsinyeh: 有可能是沒電阿....
BryantChan: 我可以確定不是沒電,因為我有試過還完車立刻重新預
BryantChan: 約,然後馬上就找不到車的狀況
BryantChan: 但電量比我低的車,卻有顯示在APP上
yankslakers: 前天在雙北騎大概七八十分鐘收了八十多元 三天不到
yankslakers: 一百也太令人羨慕~
pufff: 推
BryantChan: 主要是我都在市區短程移動，所以很多十分鐘內的1元
BryantChan: 單，才有可能把花費壓到100以內啦
starpocky: 我也有發現irent實際有車APP上看不到車這問題，所
starpocky: 以我問了客服，他說是因為那台車電量太低了，所以
starpocky: 不給借等待工作人員去換電池
kenny719: irent比其他家便宜很久了啊
loveapple33: 這區域小的誇張
foolofsword: 終於有看到irent心得了XD 看來目前還是有點悲
foolofsword: 一直以為wemo會趁1415號順便公佈擴區夢時代的
foolofsword: GOKU就騎看看 車還行 速度見仁見智
IfIcouldfly: 台北wemo超多，irent比較少，但irent便宜很多
sunproben: iRent是我現在租車的首選 畢竟wemo在高雄還是沒有
sunproben: 像iRent方便QQ
whippax: 便宜的話應該還是會想租irent啦 而且我每次在台北
whippax: 租車 發現電量都蠻夠的 感覺他們都有持續在維護車?"
ptt,M.1575015316.A.D86,https://www.ptt.cc/bbs/Lifeismoney/M.1575015316.A.D86.html,Lifeismoney,[情報] iRent 免費30分鐘,mieshop (咩世界小舖),Fri Nov 29 16:15:12 2019,,還車、停車格,astc46730: 感謝！ st945401: 感謝 aids893001: 感謝 snew1209: 請問路邊借車的還車地點就是合法的停車格或是白線 snew1209: 嗎 slimfat0202: 民權西路路邊停車靠迪化街，上下班時間不能挺，剛剛 slimfat0202: 經過兩台irent還停在停車格，鍋算誰的？ yankslakers: 對呀因為他會要你填你停在哪個路段/地址 wainshain: 不過要看前車主什麼時間停的吧？ snew1209: 感謝指點，問與答和教學裡面都沒提到還車位置 lidongyun: 感謝 Mori0837: 已兌換 感謝! jay250012: 幾乎每次送時數就是要更新的時,"剛收到的簡訊

【通勤新選擇】
iRent共享機車1分鐘只要1元
打開APP輸入 iRent30tnn
立即獲得30分鐘折抵

剛剛測試還可以兌換^^

-----
Sent from JPTT on my iPhone","cc5566: 感謝
miaudodo: 感謝~
chie24: 感謝!
a11211013: 感謝～
gogoagain: 感謝~
wainshain: 感謝～兌換後怎麼顯示汽車的？
guiiiii: 感謝
yankslakers: 感謝分享！
ivanchou: 感謝分享
cjay41107: 感謝
eric4309: 感謝
yankslakers: 汽車機車可以用~
KatrinaTai: 感謝
PKLAQQ: 使用期限到年底
TNUP: 感恩
jjogp: 已兌換  謝謝
a90575: 感謝
rmes4589025: 感謝
coastc46730: 感謝！
st945401: 感謝
aids893001: 感謝
snew1209: 請問路邊借車的還車地點就是合法的停車格或是白線
snew1209: 嗎
slimfat0202: 民權西路路邊停車靠迪化街，上下班時間不能挺，剛剛
slimfat0202: 經過兩台irent還停在停車格，鍋算誰的？
yankslakers: 對呀因為他會要你填你停在哪個路段/地址
wainshain: 不過要看前車主什麼時間停的吧？
snew1209: 感謝指點，問與答和教學裡面都沒提到還車位置
lidongyun: 感謝
Mori0837: 已兌換 感謝!
jay250012: 幾乎每次送時數就是要更新的時候
hyh1114: 已換 感謝!!
ted7738: 已兌換，感謝...
oop53: 感謝分享
miyake1209: 感謝
BB855036: 感謝分享
blueguardian: 感謝分享
imayday1123: 感謝分享
skyblue12: 謝謝分享
leepohom: 第一次換到 感謝
acetaminofen: 第一次換到 謝謝樓主
imchrisliu: Thx
ksongr: 感謝
e71099: 感謝
ryankofish: 感謝分享
shinun: 感謝分享
kevin416: 殘念還是感謝
hannah0420: 沒換到 但還是謝謝您
Greedguilty: 換到要開才有用 不然直接偷吃過期
sunny02250: 殘念～
c0922949774: 感謝
murderer007: 謝謝原po，另外問一下，為何我從來不會收到簡訊呢？
lidongyun: 謝謝
minipc: 沒了…
InfocusM510: 沒了...
skocl: 沒了QQ，但還是感謝
s860355: 沒了
a060146252: 感謝
a9000230102: 謝謝
G41: 沒了
SUZUKI5566: 沒了
mieshop: 回m大.我第一次收到^^a.今年有租過一次.隨機發送吧
Andy199410: 沒了...
htcc0091: 沒了，但感謝分享
jjanehootw: 太晚看到了 還是感謝分享
nueal: 來晚了"
ptt,M.1560419532.A.BF5,https://www.ptt.cc/bbs/Lifeismoney/M.1560419532.A.BF5.html,Lifeismoney,[情報] iRent免費時數,kissdodo ( ),Thu Jun 13 17:52:10 2019,,還車,"infc2001: 沒了... hey5566: 吃個飯就沒了 虧 gid2: 這不是還要付其他費用嗎 longya: 還車要付里程費啊。但你一般租車加油要自己付錢， longya: 抓不準你就虧了，寧願選比較透明的 guohuo: 限量是殘酷
---
電 wei12f8158: 沒了 嗚嗚～ epidemic000: 租機車還要額外付租金 爛 longya: 樓上平常還車不用加油加到原位的嗎 hjhjhj: ir84998 OOOGAY: ir862206 免費一小時序號 abjay: i","剛剛收到簡訊 不知道序號是不是通用的

iRent共享汽車，24小時隨租隨還，立即輸入序號:iRentXYJTK，享受免費租車體驗

https://i.imgur.com/UrArh91.jpg


大家嘗試看看吧！","chyboxer: 可以!!
karta541741: 測試後可用 感謝
gdfhy1: 感謝
oasis822: 感謝
lingerptt: 謝謝
ogkdm256300: 3個小時已換！
tinkle: 感謝 已領
coach0805: 感謝
Aerobic: 可用 感謝！
luckyland: 感謝
edison0927: 謝謝大大，可換，棒棒
hsiansheng: 三小時 好佛！
p890089: 推！
wishing1220: 已領！感謝
kellymama: 已領，感謝
heavenbing: 已領
ivanchou: 已領，感謝
ucs338878: 謝謝分享
shen5035: 已領，感謝！
zxcbee: 推一個
lygod: http://i.imgur.com/HjEPT9m.jpg 祝您永遠有車開
minsu6902000: 沒了...
minsu6902000: 三小時耶...好想要
wavier: 已經沒了，QQ
japing: 換了之後沒法換推薦序號了QQ
minsu6902000: 推薦序號也才60分鐘，還是賺吧
SugawaraMaya: 每次都沒換到QQ
lovexx291: 感謝
midoli22: 沒有了！
springezez: 沒了
lookckck: 沒了
winnieme: 沒了
Yoohoo0912: 求邀請碼
deeder1: 沒有了QQ
tomsawyer: 484有人要被桶了
cicjoy: 沒了QQ
a51062004: 沒領到 可惜 不過感謝
ageba: 沒了，仍感謝分享
Yoohoo0912: 徵這個會被桶嗎  抱歉  我徵到了 不用再寄了 感恩><
AgentCatter: 沒有了  QQ
LouisFerrari: 沒了，好想要！
kinfc2001: 沒了...
hey5566: 吃個飯就沒了 虧
gid2: 這不是還要付其他費用嗎
longya: 還車要付里程費啊。但你一般租車加油要自己付錢，
longya: 抓不準你就虧了，寧願選比較透明的
guohuo: 限量是殘酷的
ting445: 沒了@@
memeyans: 沒了 …怪我沒看推文 QAQ
chenglihao: 這麼大的公司APP問題多多，租機車要保佑有地方換電
wei12f8158: 沒了  嗚嗚～
epidemic000: 租機車還要額外付租金 爛
longya: 樓上平常還車不用加油加到原位的嗎
hjhjhj: ir84998
OOOGAY: ir862206 免費一小時序號
abjay: ir1048966
kevin59666: ir1120879"
ptt,M.1539595537.A.872,https://www.ptt.cc/bbs/Lifeismoney/M.1539595537.A.872.html,Lifeismoney,[情報] iRent免費時數,luther0583 (((((((((((())))))))))))),Mon Oct 15 17:25:32 2018,,還車,也可以用，不過一樣限定新註冊會員租車前填寫。(序號與推薦碼格式不同，應無分潤) 3.所有會員年底前掃描臺北、臺南隨租隨還車輛後保險桿的QR Code可得60分。 其中臺南隨租隨還車輛掃描後會獲得免費序號MDAWMDEWRERDNKNGNORD 臺中部分雖然官網說活動期間已過，但剛試還OK：MDAWM,"目前主要有三個獲得免費租車時數的辦法

1.新註冊會員租車前填寫其他會員推薦碼可獲60分鐘，推薦人30分，租車後推薦人再獲30分
警告：依板規規定，嚴禁於本文分享推薦碼，或要求站內信提供

2.上一篇文章寫說輸入IRENT36969(大寫)可得60分鐘，Google Play上有人分享IRENT30428
  也可以用，不過一樣限定新註冊會員租車前填寫。(序號與推薦碼格式不同，應無分潤)

3.所有會員年底前掃描臺北、臺南隨租隨還車輛後保險桿的QR Code可得60分。
其中臺南隨租隨還車輛掃描後會獲得免費序號MDAWMDEWRERDNKNGNORD
臺中部分雖然官網說活動期間已過，但剛試還OK：MDAWMDEYMZC1NUVBNDK5
臺北的部分感謝熱心鄉民提供MDAWMDE3NJMWMEM3MOI5

4.桃園市民卡優惠，免辦卡，非桃園市民亦可，感謝熱心鄉民提供
MDAWMDE2NJZCRTQZQTJC



最後提醒一下，開關車門卡不一定要用悠遊卡，一卡通也可以用，兩卡都不建議用聯名卡
如果你兩卡都沒有或只有聯名卡，你也可以拿其他感應卡去試(但技術可能不同不一定行)

另外，車內都有付台塑及中油之加油卡，有路過加油站就把它加到跳停吧
加油卡加油不用付現金，也不會開立發票，簽單簽名後客戶聯自己帶走不要留車內

          ★  ★  ★  ★  請勿提供或徵求會員推薦碼  ★  ★  ★  ★","chiungsuyi: 請問時數有限多久使用完嗎？
jasome: 謝謝提醒
abaibai: 感謝原PO,過兩天要租車,還在研究怎麼註冊的,謝謝~
pchunters123: 可以跟irent申請免費悠遊卡
sbeman: 感謝提供
noicnet: 台北掃也是MDAWMDEWRERDNKNGNORD
noicnet: 看有沒有其他人掃到不一樣的來分享一下
cohip: 感謝分享
jommk: 非常感謝
jommk: （舉手）不建議用聯名卡當開關門卡的原因是？
suwy: 台北的MDAWMDE3NJMWMEM3MOI5
cohip: 台北 MDAWMDE3NJMWMEM3MOI5
ChangHash: ———以下開放水桶———
jommk: 長知識，謝謝lu大
jommk: 剛撥客服，她說現在沒開放申請悠遊卡，叫我自己去超
jommk: 張== 我還是乖乖用門禁卡好了～
jommk: 去超商買一張
Sportee: 謝謝分享
ulaccc: 推
JingJang: 感謝分享
kevin0220: 感謝分享，寫的很清楚，也順利取得優惠！
kevin0220: 費用除了每小時租金168外，還要加上里程費每公里3
kevin0220: 元及etag里程費喔！
rebot: 還有一個car-rent板好心鄉民分享的桃園市民優惠 已
rebot: 試過非桃園市民也能用 （非會員推薦碼）
rebot: MDAWMDE2NJZCRTQZQTJC
snk1221: 客服超難打，沒卡或是卡故障可以打給客服遠端開門
shane2007: 謝謝分享
uxtz: 感謝分享
crazyenzyme: 請問是否要驗證資料成功才可以輸入序號呢？因為自己
crazyenzyme: 的序號仍看不見也無法分享，地區碼很長的那一串輸入
crazyenzyme: 都寫查無會員編號，IRENT推薦碼也是無效。。
crazyenzyme: http://i.imgur.com/M0JFFDE.jpg
crazyenzyme: http://i.imgur.com/7KMDm5O.jpg
burhom: 感謝分享,還有桃園市民那個也感謝
andy810124: 還有個神秘的30分鐘 MDAWMDFFNJCOMZBCOTA3
lcg232: 謝分享～
tw5629: 感謝提供
ayulovem: 上面推文序號末五碼COTA3出來是朋友推薦0.0
ayulovem:  https://i.imgur.com/cWXBtKy.jpg
pchunters123: 200元一卡通，請問在那家超市可以買到？
jasome: 請刪除 h760108 的推文
jasome: 原文編輯過，我無法以板主權限刪除。
jasome: 謝謝
lte40403: COTA3是朋友推薦+1
pp938077: 推
fly89612:  https://i.imgur.com/vQRY6O6.jpg  想問這240分鐘
fly89612: 我可以一次在台北用完嗎～？
chapters: 我之前是用悠遊聯名卡,也不是不能用,就感應弱了一點
chapters: 後來還是換回一般悠遊卡比較爽
chenuu: 居然還能使用，感謝大神！
bightb56913: 還能用  太神啦  已領240分鐘~~~
ixdezeqyd: IRENTVIP8888TS
fz6s: 感謝 https://i.imgur.com/qi8cLdP.jpg
fz6s: 全加了目前是330，但有30分期限到年底
hjhjhj: ir84998"
ptt,M.1538982776.A.42A,https://www.ptt.cc/bbs/Lifeismoney/M.1538982776.A.42A.html,Lifeismoney,[情報] iRent優惠,suwy (Hank),Mon Oct  8 15:12:50 2018,,停車格,/realtime/20181008/1443750/ 10月8日起台北市可以「路邊隨租隨還」 需將車輛停至「路邊公有停車格」。 不限北市 10月8日起至10月12日，提供前1小時租金免費(里程費另計)。 12/31前，至官方會員專區中點選,"看到iRent更新APP，介紹到台北市可以「路邊隨租隨還」
就上網查一下什麼時候開始，還發現兌換碼(爬文還沒人PO過)
https://tw.appledaily.com/new/realtime/20181008/1443750/

10月8日起台北市可以「路邊隨租隨還」
需將車輛停至「路邊公有停車格」。

不限北市
10月8日起至10月12日，提供前1小時租金免費(里程費另計)。

12/31前，至官方會員專區中點選「兌換/查詢iRent時數」，輸入序號【IRENT30969】就
可以無條件獲得iRent免費時數1小時

第一次發文，有違規還請告知~","kikkoman0828: 補充：限定新會員才能兌換
minipc: 成功兌換
hey5566: 感恩
jommk: 感謝
hsinyeh: 和運門市現場加入會員而且租車的可以多送一小時
xyztimkimo: 一小時兌換序號提供
simon78410: https://imgur.刪除恐怖連結.tw/yctBAf0.jpg
heacoun: 什麼圖...
jommk: xyztimkimo大，你那個是個人推薦碼吧
suwy: 真的唉！我還幫他分享...
jommk: 我也是輸入後才知道，雖然謝謝，但您保重
jommk: https://i.imgur.com/ju2VCIH.jpg
luther0583: 只有開放臺中時就已經加入了QQ
jasome: 因原文已經編輯過，無法刪除推薦碼
jasome: 請原po 幫忙刪除 xyztimkimo 之推文 謝謝
lf0641: 這個可以30分鐘免費 不無小補
marcus1985: 母湯喔
jasome: 請原po幫忙刪除 lf0641 推文
jasome: 本篇暫時鎖文.
hjhjhj: ir84998"
ptt,M.1533830412.A.91D,https://www.ptt.cc/bbs/Lifeismoney/M.1533830412.A.91D.html,Lifeismoney,[情報] 台中台南和運iRent隨租隨還平日$99/Hr,htcc0091 (草莓王子),Fri Aug 10 00:00:09 2018,,還車,台南和運iRent隨租隨還平日$99/Hr 最近在台南剛推出隨租隨還服務的和運iRent，推出台南台中至9月底前租隨租隨還車輛， 平日特價$99元的特價方案，每天最高收費10小時，真的很划算，有需要租車的人可以考 慮看看！ 使用前記得先下載和,"最近在台南剛推出隨租隨還服務的和運iRent，推出台南台中至9月底前租隨租隨還車輛，
平日特價$99元的特價方案，每天最高收費10小時，真的很划算，有需要租車的人可以考
慮看看！

使用前記得先下載和運iRent租車App，上傳相關身分證、駕照，並且綁定悠遊卡跟信用卡
，認證過了就可以使用喔！

https://i.imgur.com/CFXkxag.jpg","vividpz: 推
ying1003: 推
pchion2013: 可以台中租 台南還嗎？
kenny719: 樓上不能喔 甲租乙還只有特定區域路線
w7717: 希望台北也能有多優惠
micron1125: 推
RPHero: 租來搬家好像不錯xD
lfd456525: 租過，好用，小搬家省錢選擇，出去玩也不錯
phoebe4th: 高雄也沒有隨租隨還～
vvvi: 搬家真的超划算  都有打包好可能一兩小時就搞定了
vvvi: 或是沒車的人租了去賣場或IKEA之類的買東西也可以
hjhjhj: ir84998
OOOGAY: ir862206"
ptt,M.1530335922.A.601,https://www.ptt.cc/bbs/Lifeismoney/M.1530335922.A.601.html,Lifeismoney,[情報] iRent送免費一小時,kevin051118 (Kevin凱文),Sat Jun 30 13:18:39 2018,,還車,試過了 guohuo: QR扣的圖嗎 xu3: 求QR code 這樣就不用去找車了 nk6100015: 馬的 為了還車繞了一個半小時 已刪app pchunters123: 求QR code moominy: https://i.img,"剛剛收到推播通知，

iRent台中只要掃活動車之QRcode即可贈一小時，

人在台北無法肉身測試，不知道掃不同車可不可累加，

看有沒有台中的版友可以找找看分享一下囉～

https://imgur.com/a/6RhNE9n


剛剛幫忙找了一下現階段這些車的位置
https://imgur.com/a/6et2y7P



**第一次在省錢版發文，有違版規還請指正啊啊，謝謝","tornado1621: 標題補台中
kevin051118: 感謝樓上
qoo770819: 掃不同車不行 試過了
guohuo: QR扣的圖嗎
xu3: 求QR code  這樣就不用去找車了
nk6100015: 馬的 為了還車繞了一個半小時 已刪app
pchunters123: 求QR code
moominy:  https://i.imgur.com/orTVGeY.jpg
moominy: 是這個嗎？
bbkh4ib: MDAWMDEYMZC1NUVBNDK5
hjhjhj: ir84998
OOOGAY: ir862206"
ptt,M.1710936084.A.768,https://www.ptt.cc/bbs/Taoyuan/M.1710936084.A.768.html,Taoyuan,[閒聊]  IRENT桃園到台北有現折150,jojo16111 (灰灰),Wed Mar 20 20:01:22 2024,,還車,0: 現折這點是還不錯 還能搭其他折抵券用 Freeven: 現在桃園都沒什麼車能開 Freeven: 這政策不如把桃園還車點收掉算了 irene092: 早就有了 我朋友從新竹開回來也是扣150,"從大業國小開IRENT去松山有現折150

還以為北區小隊結束，桃園到台北通勤的人就沒有優惠了

這次活動給現折還比較好，之前還只是折抵券","Wrawra: 2月底就開始了，相反的雙北開到桃園要+150
yori5566: 找客人當調車員的意思
Mikami1930: 現折這點是還不錯 還能搭其他折抵券用
Freeven: 現在桃園都沒什麼車能開
Freeven: 這政策不如把桃園還車點收掉算了
irene092: 早就有了 我朋友從新竹開回來也是扣150"
ptt,M.1665750821.A.379,https://www.ptt.cc/bbs/Taoyuan/M.1665750821.A.379.html,Taoyuan,[情報]  今晚千萬別租irent,sunrise2015 (),Fri Oct 14 20:33:39 2022,,還車、無法還車,晚千萬別租irent irent全台大當機 今晚看到路邊許多人站在汽車機車旁罰站 應該都是無法租車可是費用已開始計算 或無法還車眼看費用一直增加... 如果你不想浪費幾小時罰站路邊的話 千萬不要再加入罰站一族行列了 對了 網路上說電話客服跟語音,"irent全台大當機
今晚看到路邊許多人站在汽車機車旁罰站
應該都是無法租車可是費用已開始計算
或無法還車眼看費用一直增加...

如果你不想浪費幾小時罰站路邊的話
千萬不要再加入罰站一族行列了

對了
網路上說電話客服跟語音客服全部不通
如果只是無聊想找人聊天的
這招行不通喔...

好可憐的人們
irent經常大當機卻沒有任何改進","evie611: 超氣！！無法開車廂無法啟動直接走掉去找go share
evie611: 了，重點是時間
evie611: 還在跑客服打不進去，線上客服也還在機器人回覆！
evie611: ！！
sharkimage: 這麼慘@@
Antihsieh: 這家在省錢板就有一些負評文了
Freeven: 好險不用很久了
lingerptt: 和泰不用怕，會退款的
taiwansupply: 你罰站的幾個小時跟耽誤造成的損失和泰不會鳥你
taiwansupply: 這家只有閒閒沒事幹的行程才會採用-殺時間用
taiwansupply: 短程10分鐘的路程就跟昨晚一樣可以讓你耽誤幾小時
riverhorse06: App很不好用
irene092: 電信商系統不穩導致的，隔天就好了，之後應該會專案處理"
ptt,M.1618030728.A.018,https://www.ptt.cc/bbs/Tainan/M.1618030728.A.018.html,Tainan,[徵求] 協助irent歸還QQ,isitalo (Afra),Sat Apr 10 12:58:46 2021,,還車、還車範圍,"點: 台南市歸仁區(必填) 徵求內容: 這很蠢... 就是一早要趕高鐵 開開心心的騎irent到高鐵站 才發現不是還車範圍QQ 但因為趕車來不及再騎回去市區 如果下午有人剛好回台南的 看能不能幫忙我騎回去市區 只要你家是可還車範圍都可以 回去的費用我會全額支付 剛好有需要的版友可以站內 會以時間較近的為優先 跪謝各位QQ ★以下為加強提醒請勿刪
---
篇。 ----- Sent from JPTT on my Xiaomi MI 9. htcc0091: 長榮大學站是還車範圍，妳可以打給客服請他們協助，只是 htcc0091: 會按照契約收調度費用擺了 full0894: 租車人跟駕駛必須是同一人喔，我記得長榮大學可還車 tcuteblue: 好慘，有解決了嗎 rivernee12: 下次用GoShare 吧，直接高鐵站旁邊就可以還了","徵求類別:  求助

地點:  台南市歸仁區(必填)

徵求內容:

這很蠢...
就是一早要趕高鐵
開開心心的騎irent到高鐵站
才發現不是還車範圍QQ

但因為趕車來不及再騎回去市區
如果下午有人剛好回台南的
看能不能幫忙我騎回去市區
只要你家是可還車範圍都可以
回去的費用我會全額支付
剛好有需要的版友可以站內
會以時間較近的為優先

跪謝各位QQ

★以下為加強提醒請勿刪除★發文前請詳閱並遵守板規
私人 + 無涉及金錢任何事務 = [徵求] 不可重PO + 台南限定 + 謝禮有限額

1.面交地點請填區名或明顯地標，只填台南表示台南市內37個區皆可面交唷!
2.不可涉及金錢，非徵求交易使用
  a.徵求物品時請文內說明提供物品交換或請好心人出借
  b.以享優惠為主的揪團/合購/團報..等請改用[交易]
  c.謝禮回饋品價值需符合小額市價 (原則小於100元)，勿假徵求真交易
3.票券、卡片類及收集類請推置底
4.勿徵求法規禁止項目以免觸法
5.不重覆主題的徵求文，10日一篇，比照交易文1-1-2處理。(視情節輕重違著可水桶)
  重覆主題徵求文，一個月限一篇。如徵Line群組、寵物徵認養等。
  不同帳號，相同內容視為同一篇。

-----
Sent from JPTT on my Xiaomi MI 9.","htcc0091: 長榮大學站是還車範圍，妳可以打給客服請他們協助，只是
htcc0091: 會按照契約收調度費用擺了
full0894: 租車人跟駕駛必須是同一人喔，我記得長榮大學可還車
tcuteblue: 好慘，有解決了嗎
rivernee12: 下次用GoShare 吧，直接高鐵站旁邊就可以還了"
ptt,M.1605495409.A.410,https://www.ptt.cc/bbs/Tainan/M.1605495409.A.410.html,Tainan,[問題] irent機車（火車站－長榮大學）,gptomas (gptomas),Mon Nov 16 10:56:47 2020,,還車、不能還車、還車範圍、停車格,"車站－長榮大學） 有人試過從台南火車站租irent機車騎到長榮大學過的嗎？ 請問： 1.舊台南市區的車可以在長榮大學站還車嗎？ 2.火車站電量100％可以撐到長榮大學站嗎？ 謝謝 PttBladder: 還車範圍最南到生產路那而已 到長榮怎麼不乾脆搭沙崙 PttBladder: 線 Sheng98: iRent app 進去看地圖, 如果長榮大學附近沒有出現圈起來 Sheng98: 的部份就不能在那邊還車, 只能停車但是會繼續計費到騎回 Sheng98: 營業區域還車為止 Sheng98: 不如一樓說的搭沙崙線, 或者是去租車行租機車騎過去 (如 Sheng98: 果途中有要去別的地方
---
gptomas: https://i.imgur.com/gHohHPN.jpg Sheng98: 像這樣圈起來就可以還車, 但是要考慮到電車的續航力 Sheng98: 可以先查好可換 iRent 電池的車行位置, 慢慢騎應該是可以 Shen
---
近有車行可以換, 但還是要看能換到的電量夠不 Sheng98: 夠騎 Sheng98: 長榮大學那邊會有一小格這樣不可能不能還車啦, 都能看到 Sheng98: 沒有人租的車子的電量 (我有租過知道這種狀況) Sheng98: 應該是要在長榮大學火車站附近還車, 學校內機車停車場 Sheng98: 應該不能還吧 (要有停車證才能進去的樣子) Sheng98: 有專屬停車場就好辦
---
域剛好是可以還 lemonsong: 但是要從市區騎過去一定要60%以上電量（我覺得 Sheng98: 之前只有原市區的還車區域, 後來有增加到台南應用大學那 lemonsong: 如果你要去別的地方晃晃一定要挑一台90%up的車 Sheng98: 現在應該是開始用小區域的方式增加還車區域, 這也是要 Sheng98: 交通局同意才能這樣設的 lemonsong: 對啊～Irent在台南區域有超越其他業者～ lemonsong: 如果擔心可否在該區域還車問一下Irent客服 Sheng98: 剛看換電站地址仁德那邊幾乎沒車行有設, 還是在中途換一 Sheng98: 下電池吧 Sheng98: 看 dcard 的照片應該只是單純停車區域而已 (應該也包含 Sheng98: iRent 轎車還車區域) Sheng98: https://i.imgur.com/YqLreDt.jpg 用汽車模式查那邊也能 Shen
---
一天上限是300 其實跟租車行 Woqeker: 的沒差多少 Sheng98: iRent 有個好處是營業區域內可以路邊還車, 只要是停在合 Sheng98: 法停車格內, 租車行的因為不能路邊還車或異地還車, 還是 Sheng98: 只能騎回租車行還車 Sheng98: 所以還是要考量本身用途看是租用 iRent 或者是租車行的車 gptomas: 任務完成，跟大家回報","有人試過從台南火車站租irent機車騎到長榮大學過的嗎？

請問：
1.舊台南市區的車可以在長榮大學站還車嗎？
2.火車站電量100％可以撐到長榮大學站嗎？

謝謝","PttBladder: 還車範圍最南到生產路那而已 到長榮怎麼不乾脆搭沙崙
PttBladder: 線
Sheng98: iRent app 進去看地圖, 如果長榮大學附近沒有出現圈起來
Sheng98: 的部份就不能在那邊還車, 只能停車但是會繼續計費到騎回
Sheng98: 營業區域還車為止
Sheng98: 不如一樓說的搭沙崙線, 或者是去租車行租機車騎過去 (如
Sheng98: 果途中有要去別的地方而沙崙線不方便的話)
gptomas: 因為我看app長榮大學有設一個獨立站，想問看看有沒有人
gptomas: 試過
gptomas: https://i.imgur.com/gHohHPN.jpg
Sheng98: 像這樣圈起來就可以還車, 但是要考慮到電車的續航力
Sheng98: 可以先查好可換 iRent 電池的車行位置, 慢慢騎應該是可以
Sheng98: 到
Sheng98: 不過我覺得 iRent 會開通長榮大學 (車站) 這區域, 應該是
Sheng98: 有試過 iRent 從中西區這邊騎到長榮大學那邊吧
Sheng98: iRent app 訊息中心那邊可以查換電站的車行地址, 崇德路
Sheng98: 靠市醫那附近有車行可以換, 但還是要看能換到的電量夠不
Sheng98: 夠騎
Sheng98: 長榮大學那邊會有一小格這樣不可能不能還車啦, 都能看到
Sheng98: 沒有人租的車子的電量 (我有租過知道這種狀況)
Sheng98: 應該是要在長榮大學火車站附近還車, 學校內機車停車場
Sheng98: 應該不能還吧 (要有停車證才能進去的樣子)
Sheng98: 有專屬停車場就好辦了, 那裡應該也會有換電站吧
Sheng98: 原 po 有空再觀察看看吧, 至少這對學校那邊沒有機車的族
Sheng98: 群有個幫助
lemonsong: 現在Irent會在某些學校放點～你這個區域剛好是可以還
lemonsong: 但是要從市區騎過去一定要60%以上電量（我覺得
Sheng98: 之前只有原市區的還車區域, 後來有增加到台南應用大學那
lemonsong: 如果你要去別的地方晃晃一定要挑一台90%up的車
Sheng98: 現在應該是開始用小區域的方式增加還車區域, 這也是要
Sheng98: 交通局同意才能這樣設的
lemonsong: 對啊～Irent在台南區域有超越其他業者～
lemonsong: 如果擔心可否在該區域還車問一下Irent客服
Sheng98: 剛看換電站地址仁德那邊幾乎沒車行有設, 還是在中途換一
Sheng98: 下電池吧
Sheng98: 看 dcard 的照片應該只是單純停車區域而已 (應該也包含
Sheng98: iRent 轎車還車區域)
Sheng98: https://i.imgur.com/YqLreDt.jpg 用汽車模式查那邊也能
Sheng98: 還汽車, 不過汽車的要兩人以上搭才適合
Woqeker: 汽車不滿一小以一小計喔 機車一天上限是300 其實跟租車行
Woqeker: 的沒差多少
Sheng98: iRent 有個好處是營業區域內可以路邊還車, 只要是停在合
Sheng98: 法停車格內, 租車行的因為不能路邊還車或異地還車, 還是
Sheng98: 只能騎回租車行還車
Sheng98: 所以還是要考量本身用途看是租用 iRent 或者是租車行的車
gptomas: 任務完成，跟大家回報狀況，從南紡騎到長榮大學站結果如
gptomas: 下
gptomas: 花了26分鐘，電量82＞45％（全程開power）
gptomas: https://i.imgur.com/Q6xs4bM.jpghttps://i.imgur.com/v3
gptomas: 5iDv2.jpg
gptomas: https://i.imgur.com/fjFa3uw.jpg
Sheng98: 所以還夠騎回來吧
Sheng98: 或者是騎回來中途去換個電池
gptomas: 從南紡騎到長榮大學 82＞45％（不用換電）"
ptt,M.1732714791.A.735,https://www.ptt.cc/bbs/Kaohsiung/M.1732714791.A.735.html,Kaohsiung,[問題] 高鐵左營IRENT路邊車好租嗎?,ususwe (想放假阿),Wed Nov 27 21:39:49 2024,,還車,，結束想在到處晃晃 順便在過期前花掉之前十週年活動領到的折抵券 我知道同站租還很多，但想彈性一點 可能到有捷運的地方，就還車改坐捷運 vhygdih: 很難，路邊車幾乎都拉回去台北，除非他們又願意再投一批 vhygdih: 新的，否則現在只是滿,"如題
請問高鐵左營站irent路邊租還的車多嗎?
要去高雄長庚附近辦事，結束想在到處晃晃
順便在過期前花掉之前十週年活動領到的折抵券
我知道同站租還很多，但想彈性一點
可能到有捷運的地方，就還車改坐捷運","vhygdih: 很難，路邊車幾乎都拉回去台北，除非他們又願意再投一批
vhygdih: 新的，否則現在只是滿足政府合約最低標準
reyoo: 靠近半屏山的出口外的路邊有機會遇到
cmshow: 不多，剛剛看只有一台，先搶先贏囉
cmshow: https://i.imgur.com/IJFtdY4.jpeg
mytvpoly: 有就快租 不然irent同站也挺多的
jrtime: 高鐵站蠻容易有IRENT車的，不過被租走的機率也很高，所以
jrtime: 看到就要搶
mars78: 租機車也可以 機動性更高
cathyjwt: 滿看情況的
sitting200: 租機車+1"
ptt,M.1665119823.A.7F7,https://www.ptt.cc/bbs/Kaohsiung/M.1665119823.A.7F7.html,Kaohsiung,[問題] 捷運站附近哪裡比較多irent,ypa (萬歲),Fri Oct  7 13:17:01 2022,,據點,"該是離前鎮高中站比較近 goldfishert: 高鐵站到前鎮高中超級遠的吧 misson: 左營高鐵，那邊有和運的營業據點，後面有一個室內 misson: 停車場 misson: 不過你搭捷運再找uber,怎麼算都比你騎車便宜 wayne48","謝謝大家

我剛剛看了一下 中央公園站蠻多的 打算在那邊下車再騎回家了。謝謝大家
—————-
請問從左營高鐵站到前鎮高中站

（火車站到前鎮高中站的附近最佳）

沿途哪裡比較多irent或是goshare可以借呢？

感覺高鐵站應該是最多的

但是因為我實在是沒自信騎這麼遠回到家

但是又擔心前鎮高中附近沒有車可以借

所以想問問看 大家知道哪裡車最多嗎？","ogisun: 快沒電可以換車呀
han880805: 先預約再搭車不就得了
rashi861126: 我覺得不同時段，當天借車狀況都不一樣很難保證，
rashi861126: 但剛剛看了GoShare中央公園附近車子蠻多的，然後Go
rashi861126: Share租借範圍最遠只到凱旋站可以注意一下。
cafelife: 不考慮直接搭捷運到前中站？
LiHowBen: 你可以滑地圖看有沒有車啊，然後預訂車可以保留30分
LiHowBen: 鐘
ogisun: 原PO家應該是離前鎮高中站比較近
goldfishert: 高鐵站到前鎮高中超級遠的吧
misson: 左營高鐵，那邊有和運的營業據點，後面有一個室內
misson: 停車場
misson: 不過你搭捷運再找uber,怎麼算都比你騎車便宜
wayne48190: 三多商圈到凱旋都有機會
wayne48190: 但跟前鎮高中一樣還是看運氣
wayne48190: 然後iRent可以保留35分鐘很好用
Ping0502: 路邊iRent都蠻多的吧，感謝祭折抵券記得領，每週都
Ping0502: 可以用"
ptt,M.1661767475.A.4D3,https://www.ptt.cc/bbs/Kaohsiung/M.1661767475.A.4D3.html,Kaohsiung,[問題] 最近路邊irent是不是變多?,patty81121 (papa),Mon Aug 29 18:04:33 2022,,還車、停車格,"得近期高雄的irent變多嗎? 記得之前租都要稍微找一下車，但最近APP好像隨便點隨便有 平常路上也蠻常看到的 是路邊租還車輛有增加嗎?? 不知道大家覺得如何，我自己是覺得蠻好的 平常出門要用車方便 上次使用同站點租還時 還租到一台Coroll
---
車鈑金一堆刮痕，看到就很不想用 Tommnny: 北部irent使用率超高 每次臨時要借都借不到 sccsct: 占一個停車格吧！原本和諧的停車位變了 eulbos: 路邊看過一次 有變多嗎@@? Antihsieh: 這家不是比較不好用嗎 kittyIloveU: 高雄路邊租還車輛好像有增加 caster5210: irent撞的亂七八糟，應該很賺 ludoren: 北部有些新市鎮區域很明顯,上班","如題，各位有覺得近期高雄的irent變多嗎?
記得之前租都要稍微找一下車，但最近APP好像隨便點隨便有
平常路上也蠻常看到的
是路邊租還車輛有增加嗎??
不知道大家覺得如何，我自己是覺得蠻好的
平常出門要用車方便
上次使用同站點租還時
還租到一台Corolla Cross有清淨系統
就希望車子可以越來越多
這樣去哪都不是問題
應該不是只有我這樣覺得吧??","nolie1228: 我已經好久都找不到irent了說
yoshiringo: YES
cathermtnk: Irent在北部的車鈑金一堆刮痕，看到就很不想用
Tommnny: 北部irent使用率超高 每次臨時要借都借不到
sccsct: 占一個停車格吧！原本和諧的停車位變了
eulbos: 路邊看過一次 有變多嗎@@?
Antihsieh: 這家不是比較不好用嗎
kittyIloveU: 高雄路邊租還車輛好像有增加
caster5210: irent撞的亂七八糟，應該很賺
ludoren: 北部有些新市鎮區域很明顯,上班時間沒車,晚間停一堆
ludoren: 車,然後假日車也不多
asanochihi: GoShare 進來之後就少很多了，超級難申請irent= =
reeed0116: 我只覺得他們家的車，車子常貼一堆自家貼紙，很low
reeed0116: 的感覺
takeshi345: 站點也有新增啊，記得高雄跟新北兩個增加最多
riddlerkuo: irent沒有行車紀錄器 一堆人敢開也是心臟夠大
riddlerkuo: 一堆人開irent出事故沒影像才在那邊哭哭，笑死
alfi2016: +安心險就好 會哭的都省小錢花大錢 租車公司最愛這
alfi2016: 種
yao2197: 我在南投租過一次，車體狀況還好，開起來也沒什麼問
yao2197: 題，但車內像垃圾場，有夠髒，不只是腳踏墊，置物架
yao2197: 和內裝都是灰塵和髒污。下次租我會考慮有和運租車點
yao2197: 的，停車場的完全不考慮了
MAC731231: 上次租CC也有發現清淨系統 蠻讚的
scuamt: 我只租同站租還的，相對乾淨
ludoren: 自己租都會戴行車紀錄器,吸在擋風玻璃
chenhanlee: 汽車路邊租還高雄不是只有irent嗎
reyoo: 高鐵站一堆
ELTA: irent機車有暗黑兵法可以騎很快 超讚的
hostage911: 還是過不了漁港路啊"
ptt,M.1608538502.A.4BE,https://www.ptt.cc/bbs/Kaohsiung/M.1608538502.A.4BE.html,Kaohsiung,[新聞] 高雄共享汽車上線 iRent預計5年內投放千,zx126126987 (失敗人),Mon Dec 21 16:14:59 2020,,還車、停車格,"山及旗山等3區。業者為滿足使用需求，也將擴 大服務範圍，預計5年內投放1000輛車。 交通局表示，為避免共享運具占用停車格，停放同一車位逾3天者，須在主管機關通知後4 小時移置，並要求業者積極在停車密集地區自設路外停車場，或增加與民間停車場洽
---
maggie024: 借車感應半天ㄧ直轉圈圈 以爲沒借到 走離開ㄧ個路口 maggie024: 了突然傳來借車成功 要還車也轉圈圈等很久 僅此一 maggie024: 次不想再借 hansom283: 不知高雄何時開放隨租隨還 johnmayer111: 那停車格會增加幾格啊XD TurTao: irent 之前APP很正常 但前幾天更新就變成一坨屎 fbid: 不錯，希望多一些共
---
irent我覺得很好用欸，而且之前送的分鐘都用不完 andrew5106: 不過車真的滿少的 iloveapple: 停車格呢？馬路寬呢 zoe11288338: 推，之後要去高雄玩又更方便了，irent租起來便宜很 zoe11288338:","-----------------以下發文提示發文後請勿刪除------------------------

1.完整新聞連結 (或短網址): 連結過長時可提供短網址方便網友點擊。未提供者警告
https://www.cna.com.tw/news/aloc/202012210064.aspx


2.完整新聞標題:

高雄市共享汽車上線 iRent預計5年內投放千輛



3.媒體來源(作者/媒體)/完整新聞內文:
（中央社記者侯文婷高雄21日電）


高雄市交通局今天表示，iRent向交通局申請核准，即日在高雄投入100輛共享汽車，提供
租借服務，預計5年內投放1000輛共享汽車，提供民眾移動的新選擇。

除共享電動自行車、共享電動機車及YouBike2.0公共自行車外，和雲行動服務公司（
iRent）也在高雄投入100輛全新油電混合車，民眾可透過APP路邊租還，提升移動便利性
，希望結合大眾運輸，逐步取代私人運具。

交通局表示，iRent共享汽車服務範圍包含左營、苓雅、鹽埕、前鎮、新興、三民、小港
、鼓山及鳳山等9區，後續將開放仁武、岡山及旗山等3區。業者為滿足使用需求，也將擴
大服務範圍，預計5年內投放1000輛車。


交通局表示，為避免共享運具占用停車格，停放同一車位逾3天者，須在主管機關通知後4
小時移置，並要求業者積極在停車密集地區自設路外停車場，或增加與民間停車場洽談合
作，以增加共享汽車停車空間。

目前高雄市有2654輛共享電動機車及共享電動自行車，高雄YouBike2.0則有全國最多的
811個租賃站，投入100輛共享汽車之後，高雄將成為全台唯一擁有公共自行車、共享電動
自行車、共享電動機車、共享汽車的城市。



 媒體來源如:蘋果日報、中央社
  請討論與多數高雄市民有直接關聯性的文章。高雄點請參考新聞文規定A
  無完整的作者與媒體資訊 依新聞文規定 處 退文。
  作者一詞定義請參閱新聞文大綱，簡單說明需吻合兩點：1.自然人 2.撰稿人或主編




備註:
高雄現在共享載具的選擇真的越來越多了
很期待再進來一個goshare 增加競爭
公車能再更密集就更好

不過irent app(安卓方)至今為止還是不能正常使用
到底什麼時候才修好啊.....","ww1234528: 比較希望共享機車投多一點車區域大一點 irent機車
ww1234528: 密度滿低的
tyytt: 讚
hh800315: 不買車是對的 嘻嘻
wennythepooh: 共享車震
neon7134: 以高雄警察抓違停的功力 大概很快就可以看到共享汽
neon7134: 車違停了
techwall: irent的app大更新後不是要先解除後再重新安裝嗎?還
techwall: 沒好哦?
info1994: 看到這種的請閃遠一點
isscat: 汽車這種密閉空間，不知道在疫情期間消毒要怎麼進
isscat: 行
StarLeauge: iRent在高雄不是早就有了？
StarLeauge: iRent如果沒優惠券，真的不便宜
pigya0214: iRent高雄現在只能同站點租還 無法路邊隨租隨還
cyyy: 上次看到一臺沒人的共享機車停在路邊，大燈亮了2小
cyyy: 時才自動關機…
nooin: 共享機車常看到沒戴安全帽的屁還在路上扭..
nooin: 到底怎麼驗證出租的..
bailan: irent車好像前幾天在美術館後面那看到一輛
jric: https://i.imgur.com/4YBn1eI.jpg
jric: 比較希望可以高雄台南共用路邊租還
tyytt: app更新完後沒問題
Antihsieh: iRent 在省錢板好像蠻多網友不推薦的@@
jay70134: 終於可以路邊租還了
alaroom: GOKU感覺很需要管一管，一堆國中屁孩當機車亂騎
amudi: 共享紅黃拍汽車 敲碗~
maggie024: 這星期上台北同時租過irent跟goshare
maggie024: irent系統爛到炸 租車過程還超麻煩
maggie024: 借車感應半天ㄧ直轉圈圈 以爲沒借到 走離開ㄧ個路口
maggie024: 了突然傳來借車成功 要還車也轉圈圈等很久 僅此一
maggie024: 次不想再借
hansom283: 不知高雄何時開放隨租隨還
johnmayer111: 那停車格會增加幾格啊XD
TurTao: irent 之前APP很正常 但前幾天更新就變成一坨屎
fbid: 不錯，希望多一些共享機車，會更方便
jason202660: 推irent目前比wemo跟goshare都便宜
eecafe: goku看到小學生騎超可怕 而且他們沒有在抓距離感
yun09191111: app最近一直壞，前幾天要租機車一直失敗，和運的員
yun09191111: 工直接說今年都不建議使用，叫我們租別家的XD
bgp895405: 終於
jasonhm0623: goku可以天擇掉一些小朋友啊
meowgagala: 前幾天APP大更新後真的大便 不然更新前還算堪用
jric: app之前是難用，這次大改版直接變完全無法用
st891355: 公德心接受考驗
pinkg023: goshare開放區域很小
lidongyun: 希望營運範圍擴大周邊衛星城鄉
andrew5106: irent我覺得很好用欸，而且之前送的分鐘都用不完
andrew5106: 不過車真的滿少的
iloveapple: 停車格呢？馬路寬呢
zoe11288338: 推，之後要去高雄玩又更方便了，irent租起來便宜很
zoe11288338: 多"
ptt,M.1576723627.A.9DA,https://www.ptt.cc/bbs/Kaohsiung/M.1576723627.A.9DA.html,Kaohsiung,Fw: [情報] iRent 高雄租機車前十分鐘1元,foolofsword (★ ㄔㄨ ㄌㄧˇ☆),Thu Dec 19 10:47:06 2019,,還車、還車範圍、定位,"天WEMO推高雄免費騎 想到上個禮拜去高雄辦事+小遊，想租車來通勤 申辦了WEMO和iRent，發現WEMO在高雄的還車範圍超悲劇 就選擇了iRent 而且iRent到月底前高雄有特惠方案 前十分鐘只要1元 之後1分/1元(汽車好像也有9
---
9558: 可是wemo活動很佛耶 12/14 15高雄騎不用錢 BryantChan: 但是今天16號了...順便放上還車範圍比較 BryantChan: WEMO: https://i.imgur.com/1bIRfIO.png BryantC
---
所以我說我這次會試R... caryyrac: 反而是和運以證件照不清楚駁回我的註冊 chun0629: gokube的定位完全不同阿 是自行車 wemo跟irent都是 chun0629: 機車 BryantChan: Gokube也是電動車
---
onyoe940: 幽靈車是因為被預約卡位了吧 因為可以無條件取消後 onyoe940: 再預約 如果只是吃個飯或逛商場還車後可以馬上再預 onyoe940: 約卡位 預約時間快到取消再預約就不用怕出來沒車了 littleag: Gokube應該是台北公司吧 BryantChan: 說到這個我有次騎到差不多10分鐘，想說還車馬上再租 BryantChan: 去賺前十分鐘1元的BONUS，結果馬上被租走，超尷尬 BryantChan: 後來走了好一段路才找到第二台可以租的... BryantChan: 但如果只是停車吃個東西，也是建議先還車再馬上預約 caryyrac: 那台北也該有GOKUBE才對 gokube是自行車? 我騎gokub caryyrac:","※ [本文轉錄自 Lifeismoney 看板 #1TznSIC0 ]

作者: BryantChan (老大推車) 看板: Lifeismoney
標題: [情報] iRent 高雄租機車前十分鐘1元
時間: Mon Dec 16 13:33:02 2019

剛好看到前幾天WEMO推高雄免費騎

想到上個禮拜去高雄辦事+小遊，想租車來通勤

申辦了WEMO和iRent，發現WEMO在高雄的還車範圍超悲劇

就選擇了iRent

而且iRent到月底前高雄有特惠方案

前十分鐘只要1元　之後1分/1元(汽車好像也有99/hr的優惠)

https://imgur.com/gallery/nAmBwYL


騎了三天花不到100塊　非常適合短期旅遊

唯一缺點就是常常看得到車但app裡面租不到

但看起來也不像被預約走，原因不明


總之單純論高雄短期共享租機車的話，蠻推薦iRent

而且高雄真的蠻適合騎車旅遊的，記得要兩段式待轉唷

轉文者平衡報導：

Gokube推行日租專案：
https://supr.link/SEaQI

WEMO 99方案到月底哦
https://supr.link/DO71o","ryankofish: 真的很常看到 iRent 實體機車本人但 app 卻沒有 XD
pr9558: 可是wemo活動很佛耶 12/14 15高雄騎不用錢
BryantChan: 但是今天16號了...順便放上還車範圍比較
BryantChan: WEMO: https://i.imgur.com/1bIRfIO.png
BryantChan: iRent: https://i.imgur.com/rJVBCMi.png
kh2702: wemo範圍小
chun0629: 超廢 我昨天本來想借 看者我前面兩台 app怎樣都沒
chun0629: 顯示
BryantChan: 幽靈馬車真的很靠北　本來想租車去買丹丹結果沒半台
BryantChan: 能租，最後走了15分鐘...
lemongrass0: 寶大表示高雄就是要騎機車才爽快的地方啊
lemongrass0: 對了irent如果要雙載只適合情侶，因為椅墊偏小
rabbit6642: 借串問 租汽車平日好用嗎?幽靈車問題很嚴重嗎?
lemongrass0: 若兩大高壯男生太貼的話，尷尬事小，怕後位會騰空
BryantChan: 剛看了一下高雄汽車只有同站租還...不愧是和運
carafet: 感謝分享
BryantChan: 明天還會下一次高雄，這次應該會換看看gokube試試看
BryantChan: 原本想試試irent的汽車，但同站租還就還是算了
caryyrac: 我只想知道高雄在地品牌""Gokube""為何本版沒人提到
BryantChan: 樓上...所以我說我這次會試R...
caryyrac: 反而是和運以證件照不清楚駁回我的註冊
chun0629: gokube的定位完全不同阿 是自行車 wemo跟irent都是
chun0629: 機車
BryantChan: Gokube也是電動車呀，上次看到路上蠻多人租的
onyoe940: 幽靈車是因為被預約卡位了吧 因為可以無條件取消後
onyoe940: 再預約 如果只是吃個飯或逛商場還車後可以馬上再預
onyoe940: 約卡位 預約時間快到取消再預約就不用怕出來沒車了
littleag: Gokube應該是台北公司吧
BryantChan: 說到這個我有次騎到差不多10分鐘，想說還車馬上再租
BryantChan: 去賺前十分鐘1元的BONUS，結果馬上被租走，超尷尬
BryantChan: 後來走了好一段路才找到第二台可以租的...
BryantChan: 但如果只是停車吃個東西，也是建議先還車再馬上預約
caryyrac: 那台北也該有GOKUBE才對 gokube是自行車? 我騎gokub
caryyrac: e幾十分鐘與幾十公里 怎麼都不像電動補助自行車
caryyrac: 我還蠻常看到irent車的 但wemo的車我就沒看過了
caryyrac: 我連gokube的員工都碰過哩
enjoyptt: 高雄iRent優點可雙載，速度快，是我首選。缺點常常
enjoyptt: 看得到卻租不到，租成功卻因為電池關係無法啟動，
enjoyptt: 充電站超少，一堆低電量的車，需要靠工作人員換電
ryankofish: 紅明顯，gokube是電動自行車，最高時速 25 且不可雙
ryankofish: 載，跟電動機車的 irent還有wemo有具體差別要注意喔
enjoyptt: goku只能當備案，因為屬電動自行車，不能雙載速度慢
Aquarius126: 跟Obike相反，app有車但找不到w
BryantChan: 原來如此,感謝樓上告知,那我GOKUBE要PASS了
enjoyptt: 優點臨時租借較方便，門檻低，手機認證即可。
enjoyptt: 如果以目前iRent 10分鐘/1元，超過1分1元來看，唯一
enjoyptt: 選擇就是iRent了，但是他的缺點讓人困擾
deray: 傻B才兩段式待轉
BryantChan: 同意樓上e大觀點,也是我上次騎的總體感想
CherrieYZ: 台中iRent 也有這樣的狀況
hsinyeh: 有可能是沒電阿....
BryantChan: 我可以確定不是沒電,因為我有試過還完車立刻重新預
BryantChan: 約,然後馬上就找不到車的狀況
BryantChan: 但電量比我低的車,卻有顯示在APP上
yankslakers: 前天在雙北騎大概七八十分鐘收了八十多元 三天不到
yankslakers: 一百也太令人羨慕~
pufff: 推
BryantChan: 主要是我都在市區短程移動，所以很多十分鐘內的1元
BryantChan: 單，才有可能把花費壓到100以內啦
starpocky: 我也有發現irent實際有車APP上看不到車這問題，所
starpocky: 以我問了客服，他說是因為那台車電量太低了，所以
starpocky: 不給借等待工作人員去換電池
kenny719: irent比其他家便宜很久了啊
loveapple33: 這區域小的誇張
foolofsword: 終於有看到irent心得了XD 看來目前還是有點悲
foolofsword: 一直以為wemo會趁1415號順便公佈擴區夢時代的
foolofsword: GOKU就騎看看 車還行 速度見仁見智
IfIcouldfly: 台北wemo超多，irent比較少，但irent便宜很多
ancientmoon: 今天用iRent市區跑透透，很讚
allan0117: 希望gogoro也來高雄設點
BryantChan: 轉是沒關係，但還是希望可以知會一下：）
chicen: 覺得gogoro有沒有進來倒是其次，希望現有的三家業者
chicen: 租還範圍跟車輛的數目都能增加"
ptt,M.1648991298.A.251,https://www.ptt.cc/bbs/ask/M.1648991298.A.251.html,ask,[請問] 關於irent機車還車地點,frankfipgd (琉璃),Sun Apr  3 21:08:16 2022,,還車、停車格,"[請問] 關於irent機車還車地點 如題… 最近剛開始嘗試使用 但實在是看不懂所謂合法停車格 跟不要停在計費停車格上…這兩件事… 因為我這區停車格都是計費的… 那我到底應該停在哪了…？ 第一次使用我租到的時候 那台機車是隨便停在路邊不會被開罰的白線內 因為實在是不知道哪邊可以還車 所以只能傻傻地還回該地點 實在是太怕停在收費停車格被多收錢 才只好學上一個還車位置… 例如我也google 地圖查詢irent http://i.imgur.com/Gtk04Qq.jpg 但
---
點實在是沒看到招牌或提示哪裡可以停 以台中東海別墅這邊來說 幾乎都是紅線或者連白線都沒有 新手我實在不知道哪裡可以還車QQ 之後有需求…怕只能一樣傻傻地停到租車起點 希望老手們可以有個範例…或知道這區的大大 可以說一下這區到底能停哪
---
---- Sent from JPTT on my Realme RMX3370. MELOEX: 規定沒有說不能停收費停車格吧？ MELOEX: 是不能進有門禁的收費停車場 MELOEX: 因為你停進「停車場」會造成下一位使用者的額外負擔 MELOEX: 但是「停車格」官方可以定期跟停管處結帳 frankfipgd: 我是看到有說不能停累進制停車格 medama: 那就別停累進制啊 luther0583: 路邊機車停車格都可以停 luther0583: 有問題的話打0800問最快最清楚 luther0583: 也可以去iRent小學堂查看","如題…

最近剛開始嘗試使用

但實在是看不懂所謂合法停車格

跟不要停在計費停車格上…這兩件事…

因為我這區停車格都是計費的…

那我到底應該停在哪了…？

第一次使用我租到的時候

那台機車是隨便停在路邊不會被開罰的白線內

因為實在是不知道哪邊可以還車

所以只能傻傻地還回該地點

實在是太怕停在收費停車格被多收錢

才只好學上一個還車位置…

例如我也google 地圖查詢irent

http://i.imgur.com/Gtk04Qq.jpg

但我騎去該地點實在是沒看到招牌或提示哪裡可以停

以台中東海別墅這邊來說

幾乎都是紅線或者連白線都沒有

新手我實在不知道哪裡可以還車QQ

之後有需求…怕只能一樣傻傻地停到租車起點

希望老手們可以有個範例…或知道這區的大大

可以說一下這區到底能停哪…

-----
Sent from JPTT on my Realme RMX3370.","MELOEX: 規定沒有說不能停收費停車格吧？
MELOEX: 是不能進有門禁的收費停車場
MELOEX: 因為你停進「停車場」會造成下一位使用者的額外負擔
MELOEX: 但是「停車格」官方可以定期跟停管處結帳
frankfipgd: 我是看到有說不能停累進制停車格
medama: 那就別停累進制啊
luther0583: 路邊機車停車格都可以停
luther0583: 有問題的話打0800問最快最清楚
luther0583: 也可以去iRent小學堂查看相關規範順便答題拿免費時數
iPadProPlus: 只要是格子都可以停"
ptt,M.1579096101.A.EB1,https://www.ptt.cc/bbs/ask/M.1579096101.A.EB1.html,ask,[請問]  irent 租車糾紛,ericdm1105 (凱興),Wed Jan 15 21:48:19 2020,,還車、拍照、停車格、罰單,"的版友可以協助... 小弟於2019年八月某日租用irent，約隔一週帳號裡出現了3600的呆帳，說是我停在不能 停的停車格，被拖吊。 由於當時的iRent App租車系統，在租、還車的時候都必須上傳照片5張（含停車格），故 請iRent（和雲）提供照片，以證明我當時真的停錯了。 當時這件申訴沒有接到任何回應，但有接獲催繳，我又再把這
---
當時我停在哪裡， 確定是我的錯我就繳了不是嗎... 現在就是什麼都沒有，當我想要釐清真相的時候又沒有東西可以看，所以當時拍照是拍.. .身體健康的？ 還是我是某人的代罪羔羊，所以一直不給我答案只叫我交錢？ 求版眾教教我該怎麼處理這件事情..
---
.... 謝謝你們... iPadProPlus: 去法院申請異議 rerun: 消保官 netpal486: 在租、還車時上傳照片是業者?承租人?去拖吊業者那邊領 netpal486: 車時就會有收據了~業者不給~那還真無從查起... ne
---
是違停... netpal486: 我也猜個大概...照片看不出是否違停~只會看出它是一台 netpal486: 車停在停車格... netpal486: 而業者請你去繳~也是因為被通知時，車子已經在拖吊場了 netpal486: 兩邊盲點~都幫你想出來... netpal486: 在幫補~某些停車格只限某些時段可停~在旁立告示... ludoren: 警察開單拖吊好像也要拍照存證 ericdm1105: netpal486 租還車照片是用戶上傳 hakkiene: 拖吊前警方會先拍照.. ericdm1105: 但我不是車主，我可以看到拖吊當時的照片？ ericdm1105: 說實在的那天停在哪裡我真
---
到了法院，一定要第一時間提異議喔！ HT2: 不太懂？你上傳照片，自己手機都沒留存？ ericdm1105: 沒有欸，他拍照的功能都是直接上傳他們系統 panex0845: 他找你要錢 他就要提出證據是你違停 他拿不出來上法院 panex0845: 他也不會贏 panex0845: 更何況 違停一定有罰單 有罰單就有照片 而且這還不一定 panex0845: 能證明車是你停的 誰知道是不是有人亂移車? panex0845: 我個人","Hi 大家

小弟想請問一事，不知道板上是否有懂法律的版友可以協助...

小弟於2019年八月某日租用irent，約隔一週帳號裡出現了3600的呆帳，說是我停在不能
停的停車格，被拖吊。


由於當時的iRent App租車系統，在租、還車的時候都必須上傳照片5張（含停車格），故
請iRent（和雲）提供照片，以證明我當時真的停錯了。

當時這件申訴沒有接到任何回應，但有接獲催繳，我又再把這件事情跟與我聯繫的人講一
次，然後他就說又要我等。

自八月起至現在，我本人去電約3-5次，每次都得到「會請某營業所的人與我聯繫」，就
有一次某營業所的人打來，劈頭就説我停錯格子，車子最後一次租用是我；我仍然在一次
告知他，我真的沒有印象我停在不該停的格子裡，請他們調閱照片給我看。

我得到的答案是，IT沒上班，等他們上班調閱後與我聯繫。就這樣，我又被擱置了...

我必須要強調...
我沒有不交錢，而是我真的沒有印象，所以想請他們提出照片，證明當時是我停錯位子（
這不就是要上傳照片的原因嗎？有爭議的時候就是證據...）

12月27的時候，我在一次去電，我真的受不了了，接通客服之後，我請客服直接將主管接
上線，我想直接跟主管講這件事情，因為已經拖了半年。想當然爾，又說我的案子是某個
營業所管的，又說要請後台調，說案子過了很久，調閱不知道會不會有問題...（過了很久
也不是我的問題啊...我一開始就有反應了...）又說有了再跟我聯繫...

就這樣擱置至今...

就在前天，看見宿舍信箱有一張郵局掛號單，是iRent寄來的，想說是不是有結果了，隔
天去領一看，我就傻在那裡...

這份是存證信函... 主要通知我在去年八月有欠費3600，文到七日內請去iRent App 或官
網交錢不然要幹嘛幹嘛不要心存僥倖之類的...

我深深的感覺到，這是在威脅我嗎？
我提出的要求也沒有不合理，
我只是想知道當時我停在哪裡，
確定是我的錯我就繳了不是嗎...
現在就是什麼都沒有，當我想要釐清真相的時候又沒有東西可以看，所以當時拍照是拍..
.身體健康的？

還是我是某人的代罪羔羊，所以一直不給我答案只叫我交錢？

求版眾教教我該怎麼處理這件事情.......

謝謝你們...","iPadProPlus: 去法院申請異議
rerun: 消保官
netpal486: 在租、還車時上傳照片是業者?承租人?去拖吊業者那邊領
netpal486: 車時就會有收據了~業者不給~那還真無從查起...
netpal486: 你最好自己回憶一下停哪~去看一下那點是不是違停...
netpal486: 我也猜個大概...照片看不出是否違停~只會看出它是一台
netpal486: 車停在停車格...
netpal486: 而業者請你去繳~也是因為被通知時，車子已經在拖吊場了
netpal486: 兩邊盲點~都幫你想出來...
netpal486: 在幫補~某些停車格只限某些時段可停~在旁立告示...
ludoren: 警察開單拖吊好像也要拍照存證
ericdm1105: netpal486 租還車照片是用戶上傳
hakkiene: 拖吊前警方會先拍照..
ericdm1105: 但我不是車主，我可以看到拖吊當時的照片？
ericdm1105: 說實在的那天停在哪裡我真的沒印象了...
ericdm1105: 所以才要請他們提出照片佐證...畢竟
ericdm1105: 照片都傳給他們了
zombierick: 開單時間是否在你租車期，兩者一比對不就知道答案
zombierick: 存證信函根本沒什麼，很多人看到這就傻了
netpal486: 某些縣市拖車是給外包..非車主~這點就無從考察...
zombierick: 你也寫存證信函，叫他檢附相關資料以供你確認
zombierick: 拖車也要有警察隨車，所以一定會有官方開單記錄
HsiangMing: 去立委議員服務處找法律諮詢阿
ericdm1105:  https://i.imgur.com/bDwv5xb.jpg
ericdm1105: 沒有車號，記錄也沒了...
ericdm1105: 感謝大家的回覆...
lynn5659: 快半年了，怕很多資料已經不見，存證信函其實效力不大
lynn5659: 其實可以去如同樓上有人提的消保官或區公所聲請調解
lynn5659: 如果真的到了法院，一定要第一時間提異議喔！
HT2: 不太懂？你上傳照片，自己手機都沒留存？
ericdm1105: 沒有欸，他拍照的功能都是直接上傳他們系統
panex0845: 他找你要錢 他就要提出證據是你違停 他拿不出來上法院
panex0845: 他也不會贏
panex0845: 更何況 違停一定有罰單 有罰單就有照片 而且這還不一定
panex0845: 能證明車是你停的 誰知道是不是有人亂移車?
panex0845: 我個人認為 上法院和運還是拿不出證據 你的贏面極高
hsinyeh: irent明明自己手機上都會留存"
ptt,M.1520006954.A.2DF,https://www.ptt.cc/bbs/ask/M.1520006954.A.2DF.html,ask,Fw: [租車] irent租車 時數算法,Cersei (Lannister),Sat Mar  3 00:09:13 2018,,還車,3 2018 請問若我預約 3/4 AM10 - PM10 的Irent租車 但我實際上開車只有 到3/4下午六點就還車 這樣是算我8小時的錢 還是10小時阿?? HT2: 18-10=? 這有什麼問題？ HT2: 縱使算原先預約22-1,"※ [本文轉錄自 Car-rent 看板 #1QcNSOPv ]

作者: Cersei (Lannister) 看板: Car-rent
標題: [租車] irent租車 時數算法
時間: Sat Mar  3 00:08:53 2018

請問若我預約 3/4 AM10 - PM10 的Irent租車

但我實際上開車只有 到3/4下午六點就還車

這樣是算我8小時的錢 還是10小時阿??","HT2: 18-10=? 這有什麼問題？
HT2: 縱使算原先預約22-10=?，十小時怎麼算來的？
jdoe: iRent 早還就早結算。
jdoe: iRent 或和運，租 10 小時以上變日租價，滿10小時後、在24
jdoe: 小時內還都一樣那個日租價"
ptt,M.1672020281.A.959,https://www.ptt.cc/bbs/WomenTalk/M.1672020281.A.959.html,WomenTalk,Re: [難過] 車子貼iRent貼紙逼車變少很多有感,linx210145 (hotnet),Mon Dec 26 10:04:39 2022,,停車格,朋友馬上衝過去了解 朋友是開白色altis 只因為貼了irace車子一直被搞 後來才知道，他們租的 yaris在對面的停車格 ※ 引述《G2S (呂雅筑)》之銘言： : https://i.imgur.com/hJSI4ES.jpg,"跟你說真真實案例

你這招我朋友之前就用過
https://i.imgur.com/HqL2ZZ6.jpg

有次我們去彰化吃肉圓

車子停在彰化火車站右邊停車場

要回去牽車時候

看到兩個女生，拉著行李
一個拿著手機研究
一個大力拉朋友的車門

我朋友馬上衝過去了解
朋友是開白色altis
只因為貼了irace車子一直被搞

後來才知道，他們租的
yaris在對面的停車格





※ 引述《G2S (呂雅筑)》之銘言：
: https://i.imgur.com/hJSI4ES.jpg
: 之前貼什麼新手駕駛、寶寶在車內或內有惡犬
: 都沒什麼卵用
: 路上遇到不耐煩的車還是會逼車
: 市區平面道路開到110還是追上來
: 自從貼了這logo之後就正常許多
: 仔細看後照鏡一堆車離我超遠
: 車子貼Irene的貼紙
: 是不是更能增加行車安全呢？
: ----
: Sent from my Apple Watch Ultra","Pheromone: 艷遇 還一次兩個 賺翻
Anderson0819: 真的是三寶明明有車牌號碼可以對啊
eva19452002: 我懷疑你在偷臭，但我沒證據
kimura0701: 說不定是故意的呢
emenime: 小心 可能是國際盜懶覺集團
jameshcm: 好險你不是開Tercel，不然門把大概會被扯下來
jameshcm: 等等，所以... 後面的豔遇呢？想聽+1
premieruo: 你朋友的目的達成了
Freeven: 笑死XDDD
nick36278: Toyota白色貼這個是真的會讓人搞錯
emcbest: https://imgur.com/MRgfwvo
emcbest: 會被奇摩拍賣詐騙，你應該先擔心你的智商XDDDDD"
ptt,M.1671864972.A.203,https://www.ptt.cc/bbs/WomenTalk/M.1671864972.A.203.html,WomenTalk,[閒聊] 開irent的素質是不是都不太好,a135b79 (佐籐浩野),Sat Dec 24 14:56:10 2022,,停車格,[閒聊] 開irent的素質是不是都不太好 https://i.imgur.com/DdCdS6H.jpg 停車格跟殘障機車停車位放在一起 這台IRENT還停到殘障車位 重點是這種類似的事情我已經不是第一次看到了 問個開共享汽機車的素質怎麼樣? jameshcm: 搞不好人家是智能障礙啊，很多人的缺陷外表是看不出來的 jameshcm: 連收錢的停車格都有人去停了(免費紅線不去停)傻子真的多 ywlocw: 沒有一定吧 CHRISTINAYEN: 不是一堆推薦人家練車就,"https://i.imgur.com/DdCdS6H.jpg
停車格跟殘障機車停車位放在一起
這台IRENT還停到殘障車位

重點是這種類似的事情我已經不是第一次看到了
問個開共享汽機車的素質怎麼樣?","jameshcm: 搞不好人家是智能障礙啊，很多人的缺陷外表是看不出來的
jameshcm: 連收錢的停車格都有人去停了(免費紅線不去停)傻子真的多
ywlocw: 沒有一定吧
CHRISTINAYEN: 不是一堆推薦人家練車就租irent 視力練習中啦
Friend5566: 一堆三寶在開的 反正撞壞也不是我的車
fenderrb: 你為什麼預設立場租車人不是殘障？
ballball520: 可能車上沒有證明文件吧
FarkU: 要三寶去練車，租車又嫌三寶不會開車，刁民耶！
kittyIloveU: 個人問題拉 我自己租都很遵守交通規則 遇到這種就檢
kittyIloveU: 舉就好了"
ptt,M.1631092613.A.A7C,https://www.ptt.cc/bbs/WomenTalk/M.1631092613.A.A7C.html,WomenTalk,[閒聊] 大家使用iRent的頻率有變少嗎,coolpig (很涼的豬),Wed Sep  8 17:16:51 2021,,還車,不知道？ Freeven: 一陣子沒租了 irent的靈活性高很多啦 Freeven: 之前跟朋友出去玩去傳統車行，還車的時 Freeven: 候只是差個五分鐘 車行就不給還說要下班 Freeven: 請我明天再還 我叉咧難道要我從板橋開 Freeven: 回桃園 明早再特地開到板橋就為了還車？ Freeven: 最後車行堅持拒收 我就在車上睡了一晚 Freeven: 早上立刻還 這之後我就只租irent了,"幾年前還在唸書時iRent蠻熱門的

熱門的時段常常一車難求

小弟來來回回也租過不下30次

雖然哩程費一公里3元蠻貴的

但是推廣價每小時只要99元還是很划算

這一年來因為疫情和工作的關係比較少出門也就沒有租車

前幾天突然發現好久沒用iRent了

打開看到現在推廣價一小時168元（以前的定價，現在定價則為230元）

哩程費還是一公里三元左右

這對小資族來說吸引力感覺就不那麼大了

至少我個人會覺得可以去一般大型租車行租

車況比較有保障、油錢+租金可能還更便宜

除非今天是非常臨時要用車

請問有沒有以前或現在是iRent的忠實用戶也可以分享一下呢？","jameshcm: 現在的積分制度很容易被前一個使用者咬
jameshcm: 講錯，是後一個使用者，比如說有菸味
jameshcm: 明明你就沒抽菸，結果下一個反映 你就GG
molamolajump: 租過幾次一開門都是檳榔渣味和煙味
molamolajump: 的車之後
molamolajump: 就很少再租了:(
fatslave: 現在要用訂閱的 平日一小時90
fatslave: 有煙味就檢舉阿 現在有信用評等機制你
fatslave: 不知道？
Freeven: 一陣子沒租了  irent的靈活性高很多啦
Freeven: 之前跟朋友出去玩去傳統車行，還車的時
Freeven: 候只是差個五分鐘 車行就不給還說要下班
Freeven: 請我明天再還   我叉咧難道要我從板橋開
Freeven: 回桃園 明早再特地開到板橋就為了還車？
Freeven: 最後車行堅持拒收  我就在車上睡了一晚
Freeven: 早上立刻還  這之後我就只租irent了
pc5203028: 一樣和運租車租整日過，我覺得整體也沒
pc5203028: 比較好XD但短程開irent真的方便（尤其
pc5203028: 在台北）
coppertank: 現在很少到外縣市就沒租了
chinfu1222: 遲到還敢大聲真是台灣最美的風景
twmarstw7758: 沒開過，感覺看到的都很髒沒在保養
hoij79627: 我朋友夫妻本來不打算買車的，結果前
hoij79627: 陣子連續租了幾次狀況很差的車就改變
hoij79627: 主意買了一台外匯
hoij79627: 菸味、垃圾、保險套（未開封）都見過
specialcat1: irent是我們買車的推手，感謝他
wizozn06406: 幸好我遇到都算乾淨…
tigerface: 自己有車沒開過租的，看到有人租車車禍
tigerface: 的新聞都覺得蠻慘的更不想租
KittyDog: 蛤 那不是租來的試乘車用而已嗎
k8530908: 蠻常租的 很方便 最近也是照租 只是自己
k8530908: 會帶酒精噴
Freeven: 人家做生意有自己的原則  我尊重  但換
Freeven: 來的是我永遠不會再踏進去傳統車行了，
Freeven: 看起來也不缺我這個客人  反觀irent更靈
Freeven: 活更有競爭力  現在是我愛用的服務
Freeven: 阿對惹
Freeven: https://i.imgur.com/Fs1vpAo.jpg
Freeven: 我可沒有跟店家吵ㄛ
peacesignv: 在路上看過邊開邊抽煙的 一點都不會想
peacesignv: 租
irene092: 其實irent價格跟其他家比起來還是很便宜 如果真的常騎就
irene092: 買訂閱制吧 價格更划算"
